[job] stack limit: 524288 kb

############################################################
# ARM 1: coldcache  (instance 0 compiles, instance 1 loads)
############################################################
jax 0.10.2, devices [CudaDevice(id=0)]
XLA_FLAGS = (unset)
steps per instance: 3

======================================================================
instance 0
======================================================================
Loading precomputed R_j_r from /gpfs/home/jd925/Adding_stellar_masses/simple_sim/../precomputed_wf/precomputed_R_j_r_m22_10_rbins_1000.npz...
No r_cut set - keeping the full radial grid out to 441 kpc (1000 bins).
l max from jaxsp: 240
Radial-mode pruning: nothing to drop, all 28658 modes have l < L_max_out.
Eigenmode library uploaded: 0.47 GB, on a single device.
(l, m) pairs to solve for: 58081 (l = 0 .. 480)
Particle 0: v_circ = 4.633794 km/s
Particle 1: v_circ = 1.064630 km/s
Particle 2: v_circ = 5.855643 km/s
Particle 3: v_circ = 7.545734 km/s
Particle 4: v_circ = 7.030179 km/s
Particle 5: v_circ = 6.543662 km/s
Particle 6: v_circ = 6.551072 km/s
Particle 7: v_circ = 6.032748 km/s
Particle 8: v_circ = 3.267120 km/s
Particle 9: v_circ = 3.452974 km/s
Particle 10: v_circ = 3.304547 km/s
Particle 11: v_circ = 1.749328 km/s
Particle 12: v_circ = 7.484322 km/s
Particle 13: v_circ = 8.837935 km/s
Particle 14: v_circ = 5.988234 km/s
Particle 15: v_circ = 3.225140 km/s
Particle 16: v_circ = 1.214538 km/s
Particle 17: v_circ = 6.390276 km/s
Particle 18: v_circ = 3.163680 km/s
Particle 19: v_circ = 12.566310 km/s
Particle 20: v_circ = 5.401852 km/s
Particle 21: v_circ = 2.364125 km/s
Particle 22: v_circ = 6.060141 km/s
Particle 23: v_circ = 8.652187 km/s
Particle 24: v_circ = 4.529029 km/s
Particle 25: v_circ = 14.600978 km/s
Particle 26: v_circ = 5.583115 km/s
Particle 27: v_circ = 2.478271 km/s
Particle 28: v_circ = 5.354239 km/s
Particle 29: v_circ = 3.012704 km/s
Particle 30: v_circ = 3.230352 km/s
Particle 31: v_circ = 4.424249 km/s
Particle 32: v_circ = 3.647270 km/s
Particle 33: v_circ = 4.566751 km/s
Particle 34: v_circ = 1.890017 km/s
Particle 35: v_circ = 2.929886 km/s
Particle 36: v_circ = 5.390500 km/s
Particle 37: v_circ = 7.551358 km/s
Particle 38: v_circ = 13.415039 km/s
Particle 39: v_circ = 4.058128 km/s
Particle 40: v_circ = 7.195851 km/s
Particle 41: v_circ = 5.550695 km/s
Particle 42: v_circ = 4.121552 km/s
Particle 43: v_circ = 2.740746 km/s
Particle 44: v_circ = 6.020458 km/s
Particle 45: v_circ = 3.948785 km/s
Particle 46: v_circ = 1.621521 km/s
Particle 47: v_circ = 9.392291 km/s
Particle 48: v_circ = 3.757969 km/s
Particle 49: v_circ = 5.371567 km/s
Particle 50: v_circ = 6.992327 km/s
Particle 51: v_circ = 6.155327 km/s
Particle 52: v_circ = 1.701710 km/s
Particle 53: v_circ = 8.206844 km/s
Particle 54: v_circ = 7.171479 km/s
Particle 55: v_circ = 3.331657 km/s
Particle 56: v_circ = 3.632027 km/s
Particle 57: v_circ = 4.289237 km/s
Particle 58: v_circ = 2.272480 km/s
Particle 59: v_circ = 2.945991 km/s
Particle 60: v_circ = 3.939780 km/s
Particle 61: v_circ = 6.479140 km/s
Particle 62: v_circ = 12.024038 km/s
Particle 63: v_circ = 1.958911 km/s
Particle 64: v_circ = 15.344476 km/s
Particle 65: v_circ = 3.891274 km/s
Particle 66: v_circ = 3.889325 km/s
Particle 67: v_circ = 3.302161 km/s
Particle 68: v_circ = 4.324692 km/s
Particle 69: v_circ = 4.145390 km/s
Particle 70: v_circ = 2.392204 km/s
Particle 71: v_circ = 3.848192 km/s
Particle 72: v_circ = 1.085369 km/s
Particle 73: v_circ = 3.968749 km/s
Particle 74: v_circ = 5.401734 km/s
Particle 75: v_circ = 3.991771 km/s
Particle 76: v_circ = 8.472373 km/s
Particle 77: v_circ = 8.218217 km/s
Particle 78: v_circ = 2.932756 km/s
Particle 79: v_circ = 7.951617 km/s
Particle 80: v_circ = 6.144644 km/s
Particle 81: v_circ = 4.464727 km/s
Particle 82: v_circ = 11.611115 km/s
Particle 83: v_circ = 4.432246 km/s
Particle 84: v_circ = 4.716842 km/s
Particle 85: v_circ = 2.666180 km/s
Particle 86: v_circ = 7.039136 km/s
Particle 87: v_circ = 4.537669 km/s
Particle 88: v_circ = 15.148975 km/s
Particle 89: v_circ = 4.352078 km/s
Particle 90: v_circ = 8.072376 km/s
Particle 91: v_circ = 3.674405 km/s
Particle 92: v_circ = 2.582717 km/s
Particle 93: v_circ = 9.926618 km/s
Particle 94: v_circ = 6.966127 km/s
Particle 95: v_circ = 3.431723 km/s
Particle 96: v_circ = 3.766744 km/s
Particle 97: v_circ = 14.295470 km/s
Particle 98: v_circ = 5.677255 km/s
Particle 99: v_circ = 4.962501 km/s
Particle 100: v_circ = 2.943505 km/s
Particle 101: v_circ = 8.262162 km/s
Particle 102: v_circ = 4.436720 km/s
Particle 103: v_circ = 0.613386 km/s
Particle 104: v_circ = 3.788653 km/s
Particle 105: v_circ = 3.599723 km/s
Particle 106: v_circ = 8.471759 km/s
Particle 107: v_circ = 2.331209 km/s
Particle 108: v_circ = 1.855692 km/s
Particle 109: v_circ = 1.391648 km/s
Particle 110: v_circ = 8.123786 km/s
Particle 111: v_circ = 5.188990 km/s
Particle 112: v_circ = 8.839335 km/s
Particle 113: v_circ = 8.411390 km/s
Particle 114: v_circ = 3.310109 km/s
Particle 115: v_circ = 3.310931 km/s
Particle 116: v_circ = 5.279466 km/s
Particle 117: v_circ = 3.769766 km/s
Particle 118: v_circ = 3.226746 km/s
Particle 119: v_circ = 1.949859 km/s
Particle 120: v_circ = 9.078720 km/s
Particle 121: v_circ = 3.194392 km/s
Particle 122: v_circ = 6.308824 km/s
Particle 123: v_circ = 5.388285 km/s
Particle 124: v_circ = 2.575468 km/s
Particle 125: v_circ = 2.016658 km/s
Particle 126: v_circ = 5.857583 km/s
Particle 127: v_circ = 9.823382 km/s
Particle 128: v_circ = 2.203840 km/s
Particle 129: v_circ = 9.906428 km/s
Particle 130: v_circ = 4.138785 km/s
Particle 131: v_circ = 5.316802 km/s
Particle 132: v_circ = 4.708156 km/s
Particle 133: v_circ = 2.784916 km/s
Particle 134: v_circ = 2.526212 km/s
Particle 135: v_circ = 7.415103 km/s
Particle 136: v_circ = 5.717071 km/s
Particle 137: v_circ = 10.640983 km/s
Particle 138: v_circ = 10.615930 km/s
Particle 139: v_circ = 10.940293 km/s
Particle 140: v_circ = 11.987093 km/s
Particle 141: v_circ = 4.103001 km/s
Particle 142: v_circ = 6.226069 km/s
Particle 143: v_circ = 3.736218 km/s
Particle 144: v_circ = 12.494808 km/s
Particle 145: v_circ = 8.763262 km/s
Particle 146: v_circ = 1.304133 km/s
Particle 147: v_circ = 2.922027 km/s
Particle 148: v_circ = 2.495510 km/s
Particle 149: v_circ = 7.689650 km/s
Particle 150: v_circ = 14.100804 km/s
Particle 151: v_circ = 6.991167 km/s
Particle 152: v_circ = 6.894599 km/s
Particle 153: v_circ = 7.749022 km/s
Particle 154: v_circ = 7.008763 km/s
Particle 155: v_circ = 4.476582 km/s
Particle 156: v_circ = 5.024608 km/s
Particle 157: v_circ = 2.989583 km/s
Particle 158: v_circ = 4.181205 km/s
Particle 159: v_circ = 5.040576 km/s
Particle 160: v_circ = 2.952745 km/s
Particle 161: v_circ = 2.066578 km/s
Particle 162: v_circ = 3.692058 km/s
Particle 163: v_circ = 3.095053 km/s
Particle 164: v_circ = 4.143673 km/s
Particle 165: v_circ = 9.535257 km/s
Particle 166: v_circ = 5.549449 km/s
Particle 167: v_circ = 8.924459 km/s
Particle 168: v_circ = 2.279581 km/s
Particle 169: v_circ = 5.928470 km/s
Particle 170: v_circ = 1.347803 km/s
Particle 171: v_circ = 12.532693 km/s
Particle 172: v_circ = 5.434790 km/s
Particle 173: v_circ = 3.233467 km/s
Particle 174: v_circ = 11.052919 km/s
Particle 175: v_circ = 3.858906 km/s
Particle 176: v_circ = 8.419868 km/s
Particle 177: v_circ = 2.327211 km/s
Particle 178: v_circ = 8.983995 km/s
Particle 179: v_circ = 8.016132 km/s
Particle 180: v_circ = 4.978144 km/s
Particle 181: v_circ = 8.176589 km/s
Particle 182: v_circ = 7.130365 km/s
Particle 183: v_circ = 9.499650 km/s
Particle 184: v_circ = 5.798559 km/s
Particle 185: v_circ = 8.138373 km/s
Particle 186: v_circ = 7.325104 km/s
Particle 187: v_circ = 2.495000 km/s
Particle 188: v_circ = 10.224323 km/s
Particle 189: v_circ = 1.972637 km/s
Particle 190: v_circ = 0.700489 km/s
Particle 191: v_circ = 6.293753 km/s
Particle 192: v_circ = 5.814894 km/s
Particle 193: v_circ = 9.525971 km/s
Particle 194: v_circ = 1.427463 km/s
Particle 195: v_circ = 4.522497 km/s
Particle 196: v_circ = 5.937095 km/s
Particle 197: v_circ = 6.904495 km/s
Particle 198: v_circ = 3.433619 km/s
Particle 199: v_circ = 3.941116 km/s
Particle 200: v_circ = 1.526300 km/s
Particle 201: v_circ = 3.101975 km/s
Particle 202: v_circ = 9.012083 km/s
Particle 203: v_circ = 1.643231 km/s
Particle 204: v_circ = 1.853376 km/s
Particle 205: v_circ = 8.183256 km/s
Particle 206: v_circ = 4.096519 km/s
Particle 207: v_circ = 6.083767 km/s
Particle 208: v_circ = 2.844449 km/s
Particle 209: v_circ = 6.032179 km/s
Particle 210: v_circ = 5.562934 km/s
Particle 211: v_circ = 6.862146 km/s
Particle 212: v_circ = 2.372149 km/s
Particle 213: v_circ = 8.402226 km/s
Particle 214: v_circ = 10.867075 km/s
Particle 215: v_circ = 6.691504 km/s
Particle 216: v_circ = 11.226259 km/s
Particle 217: v_circ = 9.355067 km/s
Particle 218: v_circ = 5.655479 km/s
Particle 219: v_circ = 8.951730 km/s
Particle 220: v_circ = 7.608791 km/s
Particle 221: v_circ = 9.281893 km/s
Particle 222: v_circ = 4.281843 km/s
Particle 223: v_circ = 6.986502 km/s
Particle 224: v_circ = 4.800493 km/s
Particle 225: v_circ = 5.822611 km/s
Particle 226: v_circ = 4.408413 km/s
Particle 227: v_circ = 8.871505 km/s
Particle 228: v_circ = 15.779496 km/s
Particle 229: v_circ = 9.832685 km/s
Particle 230: v_circ = 7.893614 km/s
Particle 231: v_circ = 3.174020 km/s
Particle 232: v_circ = 2.555607 km/s
Particle 233: v_circ = 4.551596 km/s
Particle 234: v_circ = 2.478944 km/s
Particle 235: v_circ = 6.659715 km/s
Particle 236: v_circ = 6.997743 km/s
Particle 237: v_circ = 2.381412 km/s
Particle 238: v_circ = 6.618633 km/s
Particle 239: v_circ = 1.966623 km/s
Particle 240: v_circ = 4.435769 km/s
Particle 241: v_circ = 3.080431 km/s
Particle 242: v_circ = 8.866853 km/s
Particle 243: v_circ = 2.487156 km/s
Particle 244: v_circ = 6.094792 km/s
Particle 245: v_circ = 3.410855 km/s
Particle 246: v_circ = 11.407733 km/s
Particle 247: v_circ = 5.746557 km/s
Particle 248: v_circ = 3.495186 km/s
Particle 249: v_circ = 14.223905 km/s
Particle 250: v_circ = 5.518266 km/s
Particle 251: v_circ = 6.787139 km/s
Particle 252: v_circ = 3.932994 km/s
Particle 253: v_circ = 2.949532 km/s
Particle 254: v_circ = 7.124478 km/s
Particle 255: v_circ = 8.670606 km/s
Particle 256: v_circ = 8.699455 km/s
Particle 257: v_circ = 7.730940 km/s
Particle 258: v_circ = 2.979738 km/s
Particle 259: v_circ = 4.357350 km/s
Particle 260: v_circ = 0.201750 km/s
Particle 261: v_circ = 2.308255 km/s
Particle 262: v_circ = 6.888579 km/s
Particle 263: v_circ = 4.068719 km/s
Particle 264: v_circ = 3.176578 km/s
Particle 265: v_circ = 4.543096 km/s
Particle 266: v_circ = 3.900487 km/s
Particle 267: v_circ = 3.958158 km/s
Particle 268: v_circ = 2.510350 km/s
Particle 269: v_circ = 5.563567 km/s
Particle 270: v_circ = 5.753394 km/s
Particle 271: v_circ = 11.175145 km/s
Particle 272: v_circ = 1.741116 km/s
Particle 273: v_circ = 3.752651 km/s
Particle 274: v_circ = 1.731129 km/s
Particle 275: v_circ = 3.581447 km/s
Particle 276: v_circ = 6.967211 km/s
Particle 277: v_circ = 3.670130 km/s
Particle 278: v_circ = 11.557303 km/s
Particle 279: v_circ = 12.439807 km/s
Particle 280: v_circ = 3.102815 km/s
Particle 281: v_circ = 8.212517 km/s
Particle 282: v_circ = 7.657156 km/s
Particle 283: v_circ = 2.425514 km/s
Particle 284: v_circ = 3.436627 km/s
Particle 285: v_circ = 3.546888 km/s
Particle 286: v_circ = 5.193211 km/s
Particle 287: v_circ = 4.408339 km/s
Particle 288: v_circ = 2.574281 km/s
Particle 289: v_circ = 4.302933 km/s
Particle 290: v_circ = 9.350832 km/s
Particle 291: v_circ = 5.591894 km/s
Particle 292: v_circ = 13.080701 km/s
Particle 293: v_circ = 1.069108 km/s
Particle 294: v_circ = 14.692122 km/s
Particle 295: v_circ = 4.644837 km/s
Particle 296: v_circ = 9.421341 km/s
Particle 297: v_circ = 11.362173 km/s
Particle 298: v_circ = 3.430335 km/s
Particle 299: v_circ = 8.787442 km/s
Particle 300: v_circ = 3.684900 km/s
Particle 301: v_circ = 3.763696 km/s
Particle 302: v_circ = 6.992437 km/s
Particle 303: v_circ = 3.461030 km/s
Particle 304: v_circ = 4.260030 km/s
Particle 305: v_circ = 6.385566 km/s
Particle 306: v_circ = 9.469155 km/s
Particle 307: v_circ = 6.072503 km/s
Particle 308: v_circ = 3.166795 km/s
Particle 309: v_circ = 6.769272 km/s
Particle 310: v_circ = 2.025808 km/s
Particle 311: v_circ = 1.668771 km/s
Particle 312: v_circ = 1.316694 km/s
Particle 313: v_circ = 5.639595 km/s
Particle 314: v_circ = 3.963598 km/s
Particle 315: v_circ = 6.491805 km/s
Particle 316: v_circ = 11.697190 km/s
Particle 317: v_circ = 10.665336 km/s
Particle 318: v_circ = 1.930622 km/s
Particle 319: v_circ = 5.066647 km/s
Particle 320: v_circ = 4.672491 km/s
Particle 321: v_circ = 3.774446 km/s
Particle 322: v_circ = 7.079583 km/s
Particle 323: v_circ = 7.636606 km/s
Particle 324: v_circ = 6.909498 km/s
Particle 325: v_circ = 6.425883 km/s
Particle 326: v_circ = 8.045177 km/s
Particle 327: v_circ = 9.827438 km/s
Particle 328: v_circ = 4.768945 km/s
Particle 329: v_circ = 12.006100 km/s
Particle 330: v_circ = 7.102152 km/s
Particle 331: v_circ = 10.407005 km/s
Particle 332: v_circ = 5.527967 km/s
Particle 333: v_circ = 8.564333 km/s
Particle 334: v_circ = 8.177134 km/s
Particle 335: v_circ = 7.431206 km/s
Particle 336: v_circ = 5.784908 km/s
Particle 337: v_circ = 12.101203 km/s
Particle 338: v_circ = 3.891275 km/s
Particle 339: v_circ = 10.033749 km/s
Particle 340: v_circ = 7.439518 km/s
Particle 341: v_circ = 12.150321 km/s
Particle 342: v_circ = 3.367436 km/s
Particle 343: v_circ = 13.942644 km/s
Particle 344: v_circ = 4.486409 km/s
Particle 345: v_circ = 6.239913 km/s
Particle 346: v_circ = 3.406570 km/s
Particle 347: v_circ = 2.339998 km/s
Particle 348: v_circ = 2.096207 km/s
Particle 349: v_circ = 4.359852 km/s
Particle 350: v_circ = 5.784782 km/s
Particle 351: v_circ = 6.056464 km/s
Particle 352: v_circ = 2.932992 km/s
Particle 353: v_circ = 10.376615 km/s
Particle 354: v_circ = 5.816667 km/s
Particle 355: v_circ = 6.643618 km/s
Particle 356: v_circ = 5.549600 km/s
Particle 357: v_circ = 10.299206 km/s
Particle 358: v_circ = 2.486094 km/s
Particle 359: v_circ = 2.902639 km/s
Particle 360: v_circ = 6.202101 km/s
Particle 361: v_circ = 10.479095 km/s
Particle 362: v_circ = 6.592367 km/s
Particle 363: v_circ = 3.786823 km/s
Particle 364: v_circ = 8.133690 km/s
Particle 365: v_circ = 3.642111 km/s
Particle 366: v_circ = 2.574957 km/s
Particle 367: v_circ = 5.519537 km/s
Particle 368: v_circ = 3.286514 km/s
Particle 369: v_circ = 8.078973 km/s
Particle 370: v_circ = 10.043713 km/s
Particle 371: v_circ = 2.113935 km/s
Particle 372: v_circ = 3.690958 km/s
Particle 373: v_circ = 8.495694 km/s
Particle 374: v_circ = 9.712755 km/s
Particle 375: v_circ = 4.160168 km/s
Particle 376: v_circ = 1.014283 km/s
Particle 377: v_circ = 1.502326 km/s
Particle 378: v_circ = 2.549080 km/s
Particle 379: v_circ = 7.813947 km/s
Particle 380: v_circ = 1.334047 km/s
Particle 381: v_circ = 7.437527 km/s
Particle 382: v_circ = 7.058378 km/s
Particle 383: v_circ = 7.974175 km/s
Particle 384: v_circ = 5.951436 km/s
Particle 385: v_circ = 4.247569 km/s
Particle 386: v_circ = 4.450441 km/s
Particle 387: v_circ = 8.884167 km/s
Particle 388: v_circ = 1.626064 km/s
Particle 389: v_circ = 3.342461 km/s
Particle 390: v_circ = 5.659826 km/s
Particle 391: v_circ = 3.973522 km/s
Particle 392: v_circ = 8.544380 km/s
Particle 393: v_circ = 2.206093 km/s
Particle 394: v_circ = 6.602104 km/s
Particle 395: v_circ = 2.881038 km/s
Particle 396: v_circ = 9.914730 km/s
Particle 397: v_circ = 11.688322 km/s
Particle 398: v_circ = 3.180897 km/s
Particle 399: v_circ = 2.503094 km/s
Particle 400: v_circ = 5.335115 km/s
Particle 401: v_circ = 11.704680 km/s
Particle 402: v_circ = 4.776909 km/s
Particle 403: v_circ = 4.899679 km/s
Particle 404: v_circ = 5.479364 km/s
Particle 405: v_circ = 4.641581 km/s
Particle 406: v_circ = 3.454605 km/s
Particle 407: v_circ = 9.383829 km/s
Particle 408: v_circ = 8.772906 km/s
Particle 409: v_circ = 5.936282 km/s
Particle 410: v_circ = 6.445357 km/s
Particle 411: v_circ = 5.511741 km/s
Particle 412: v_circ = 4.629329 km/s
Particle 413: v_circ = 4.952989 km/s
Particle 414: v_circ = 3.920827 km/s
Particle 415: v_circ = 7.597502 km/s
Particle 416: v_circ = 2.696579 km/s
Particle 417: v_circ = 4.272596 km/s
Particle 418: v_circ = 9.170382 km/s
Particle 419: v_circ = 4.042756 km/s
Particle 420: v_circ = 6.027493 km/s
Particle 421: v_circ = 4.148288 km/s
Particle 422: v_circ = 4.141272 km/s
Particle 423: v_circ = 7.315768 km/s
Particle 424: v_circ = 4.717004 km/s
Particle 425: v_circ = 2.337235 km/s
Particle 426: v_circ = 3.917158 km/s
Particle 427: v_circ = 3.576971 km/s
Particle 428: v_circ = 8.385319 km/s
Particle 429: v_circ = 15.726334 km/s
Particle 430: v_circ = 4.503071 km/s
Particle 431: v_circ = 2.413658 km/s
Particle 432: v_circ = 6.449076 km/s
Particle 433: v_circ = 6.117824 km/s
Particle 434: v_circ = 8.982337 km/s
Particle 435: v_circ = 4.118883 km/s
Particle 436: v_circ = 2.281730 km/s
Particle 437: v_circ = 3.913653 km/s
Particle 438: v_circ = 2.099627 km/s
Particle 439: v_circ = 2.789622 km/s
Particle 440: v_circ = 5.842671 km/s
Particle 441: v_circ = 5.977538 km/s
Particle 442: v_circ = 12.253061 km/s
Particle 443: v_circ = 2.728753 km/s
Particle 444: v_circ = 8.644661 km/s
Particle 445: v_circ = 2.148182 km/s
Particle 446: v_circ = 4.029505 km/s
Particle 447: v_circ = 5.743006 km/s
Particle 448: v_circ = 9.718737 km/s
Particle 449: v_circ = 3.630053 km/s
Particle 450: v_circ = 5.511968 km/s
Particle 451: v_circ = 2.047678 km/s
Particle 452: v_circ = 2.170027 km/s
Particle 453: v_circ = 10.244256 km/s
Particle 454: v_circ = 5.885923 km/s
Particle 455: v_circ = 7.797234 km/s
Particle 456: v_circ = 4.783701 km/s
Particle 457: v_circ = 8.719880 km/s
Particle 458: v_circ = 4.016998 km/s
Particle 459: v_circ = 9.696941 km/s
Particle 460: v_circ = 3.075730 km/s
Particle 461: v_circ = 5.587146 km/s
Particle 462: v_circ = 9.695281 km/s
Particle 463: v_circ = 3.116578 km/s
Particle 464: v_circ = 5.424214 km/s
Particle 465: v_circ = 3.528046 km/s
Particle 466: v_circ = 3.141272 km/s
Particle 467: v_circ = 6.592421 km/s
Particle 468: v_circ = 7.520022 km/s
Particle 469: v_circ = 7.179836 km/s
Particle 470: v_circ = 1.770509 km/s
Particle 471: v_circ = 9.522734 km/s
Particle 472: v_circ = 5.727927 km/s
Particle 473: v_circ = 5.417491 km/s
Particle 474: v_circ = 7.152798 km/s
Particle 475: v_circ = 2.570898 km/s
Particle 476: v_circ = 2.452464 km/s
Particle 477: v_circ = 2.678182 km/s
Particle 478: v_circ = 8.388663 km/s
Particle 479: v_circ = 3.776315 km/s
Particle 480: v_circ = 7.460112 km/s
Particle 481: v_circ = 1.512288 km/s
Particle 482: v_circ = 11.262366 km/s
Particle 483: v_circ = 5.404331 km/s
Particle 484: v_circ = 12.047443 km/s
Particle 485: v_circ = 5.468202 km/s
Particle 486: v_circ = 6.359967 km/s
Particle 487: v_circ = 6.111925 km/s
Particle 488: v_circ = 2.845125 km/s
Particle 489: v_circ = 4.459396 km/s
Particle 490: v_circ = 4.549056 km/s
Particle 491: v_circ = 14.100520 km/s
Particle 492: v_circ = 3.694213 km/s
Particle 493: v_circ = 4.222396 km/s
Particle 494: v_circ = 5.278261 km/s
Particle 495: v_circ = 8.095730 km/s
Particle 496: v_circ = 9.638398 km/s
Particle 497: v_circ = 5.275979 km/s
Particle 498: v_circ = 2.608960 km/s
Particle 499: v_circ = 3.285886 km/s
Particle 500: v_circ = 6.245977 km/s
Particle 501: v_circ = 11.882724 km/s
Particle 502: v_circ = 5.553401 km/s
Particle 503: v_circ = 12.098379 km/s
Particle 504: v_circ = 1.070852 km/s
Particle 505: v_circ = 5.409778 km/s
Particle 506: v_circ = 4.469515 km/s
Particle 507: v_circ = 6.902026 km/s
Particle 508: v_circ = 5.530441 km/s
Particle 509: v_circ = 3.579380 km/s
Particle 510: v_circ = 2.887784 km/s
Particle 511: v_circ = 4.535201 km/s
Particle 512: v_circ = 5.117396 km/s
Particle 513: v_circ = 8.728095 km/s
Particle 514: v_circ = 2.565312 km/s
Particle 515: v_circ = 3.990132 km/s
Particle 516: v_circ = 3.133896 km/s
Particle 517: v_circ = 2.016545 km/s
Particle 518: v_circ = 9.650972 km/s
Particle 519: v_circ = 2.512925 km/s
Particle 520: v_circ = 1.076472 km/s
Particle 521: v_circ = 1.320186 km/s
Particle 522: v_circ = 4.154076 km/s
Particle 523: v_circ = 4.671628 km/s
Particle 524: v_circ = 9.467222 km/s
Particle 525: v_circ = 3.726701 km/s
Particle 526: v_circ = 7.640941 km/s
Particle 527: v_circ = 2.802250 km/s
Particle 528: v_circ = 6.247948 km/s
Particle 529: v_circ = 4.508978 km/s
Particle 530: v_circ = 2.788020 km/s
Particle 531: v_circ = 6.752324 km/s
Particle 532: v_circ = 5.684019 km/s
Particle 533: v_circ = 9.205493 km/s
Particle 534: v_circ = 3.855265 km/s
Particle 535: v_circ = 12.119863 km/s
Particle 536: v_circ = 4.814344 km/s
Particle 537: v_circ = 1.689854 km/s
Particle 538: v_circ = 7.196106 km/s
Particle 539: v_circ = 7.669836 km/s
Particle 540: v_circ = 10.492830 km/s
Particle 541: v_circ = 7.962132 km/s
Particle 542: v_circ = 10.814591 km/s
Particle 543: v_circ = 6.320476 km/s
Particle 544: v_circ = 8.073285 km/s
Particle 545: v_circ = 4.319141 km/s
Particle 546: v_circ = 9.823069 km/s
Particle 547: v_circ = 14.066888 km/s
Particle 548: v_circ = 6.422553 km/s
Particle 549: v_circ = 7.435756 km/s
Particle 550: v_circ = 2.693801 km/s
Particle 551: v_circ = 5.282402 km/s
Particle 552: v_circ = 10.482361 km/s
Particle 553: v_circ = 3.387870 km/s
Particle 554: v_circ = 2.456010 km/s
Particle 555: v_circ = 9.282792 km/s
Particle 556: v_circ = 2.549728 km/s
Particle 557: v_circ = 6.072337 km/s
Particle 558: v_circ = 13.341580 km/s
Particle 559: v_circ = 4.432013 km/s
Particle 560: v_circ = 5.317324 km/s
Particle 561: v_circ = 3.070796 km/s
Particle 562: v_circ = 10.532057 km/s
Particle 563: v_circ = 2.467293 km/s
Particle 564: v_circ = 14.432755 km/s
Particle 565: v_circ = 4.632395 km/s
Particle 566: v_circ = 7.007419 km/s
Particle 567: v_circ = 10.382710 km/s
Particle 568: v_circ = 9.822093 km/s
Particle 569: v_circ = 6.646451 km/s
Particle 570: v_circ = 1.683564 km/s
Particle 571: v_circ = 5.424144 km/s
Particle 572: v_circ = 6.985830 km/s
Particle 573: v_circ = 6.413606 km/s
Particle 574: v_circ = 2.085501 km/s
Particle 575: v_circ = 1.847643 km/s
Particle 576: v_circ = 3.619529 km/s
Particle 577: v_circ = 2.990857 km/s
Particle 578: v_circ = 8.346700 km/s
Particle 579: v_circ = 13.465751 km/s
Particle 580: v_circ = 5.117359 km/s
Particle 581: v_circ = 4.782199 km/s
Particle 582: v_circ = 1.815696 km/s
Particle 583: v_circ = 6.620922 km/s
Particle 584: v_circ = 8.533039 km/s
Particle 585: v_circ = 3.993525 km/s
Particle 586: v_circ = 8.759744 km/s
Particle 587: v_circ = 3.844279 km/s
Particle 588: v_circ = 4.169983 km/s
Particle 589: v_circ = 3.641013 km/s
Particle 590: v_circ = 7.202436 km/s
Particle 591: v_circ = 1.805680 km/s
Particle 592: v_circ = 3.841600 km/s
Particle 593: v_circ = 6.131266 km/s
Particle 594: v_circ = 9.884791 km/s
Particle 595: v_circ = 7.437710 km/s
Particle 596: v_circ = 6.130568 km/s
Particle 597: v_circ = 5.338700 km/s
Particle 598: v_circ = 2.345349 km/s
Particle 599: v_circ = 13.104712 km/s
Particle 600: v_circ = 8.254002 km/s
Particle 601: v_circ = 3.433893 km/s
Particle 602: v_circ = 5.542530 km/s
Particle 603: v_circ = 2.419466 km/s
Particle 604: v_circ = 2.225930 km/s
Particle 605: v_circ = 6.952001 km/s
Particle 606: v_circ = 10.041981 km/s
Particle 607: v_circ = 2.566139 km/s
Particle 608: v_circ = 4.973690 km/s
Particle 609: v_circ = 4.963505 km/s
Particle 610: v_circ = 5.208265 km/s
Particle 611: v_circ = 3.902114 km/s
Particle 612: v_circ = 6.131601 km/s
Particle 613: v_circ = 13.455841 km/s
Particle 614: v_circ = 3.066747 km/s
Particle 615: v_circ = 2.444969 km/s
Particle 616: v_circ = 5.718017 km/s
Particle 617: v_circ = 8.205205 km/s
Particle 618: v_circ = 2.669884 km/s
Particle 619: v_circ = 4.739451 km/s
Particle 620: v_circ = 6.078929 km/s
Particle 621: v_circ = 3.966288 km/s
Particle 622: v_circ = 1.963853 km/s
Particle 623: v_circ = 0.974258 km/s
Particle 624: v_circ = 9.585423 km/s
Particle 625: v_circ = 12.927173 km/s
Particle 626: v_circ = 6.654036 km/s
Particle 627: v_circ = 5.426508 km/s
Particle 628: v_circ = 11.051909 km/s
Particle 629: v_circ = 1.628484 km/s
Particle 630: v_circ = 3.937376 km/s
Particle 631: v_circ = 4.543951 km/s
Particle 632: v_circ = 5.311201 km/s
Particle 633: v_circ = 0.367335 km/s
Particle 634: v_circ = 1.585383 km/s
Particle 635: v_circ = 5.347155 km/s
Particle 636: v_circ = 6.409973 km/s
Particle 637: v_circ = 9.191313 km/s
Particle 638: v_circ = 10.713528 km/s
Particle 639: v_circ = 1.200506 km/s
Particle 640: v_circ = 9.703600 km/s
Particle 641: v_circ = 1.994744 km/s
Particle 642: v_circ = 3.797041 km/s
Particle 643: v_circ = 3.321190 km/s
Particle 644: v_circ = 6.130093 km/s
Particle 645: v_circ = 6.744920 km/s
Particle 646: v_circ = 3.034329 km/s
Particle 647: v_circ = 5.837097 km/s
Particle 648: v_circ = 10.335122 km/s
Particle 649: v_circ = 2.041973 km/s
Particle 650: v_circ = 1.211090 km/s
Particle 651: v_circ = 3.327208 km/s
Particle 652: v_circ = 11.111574 km/s
Particle 653: v_circ = 2.819421 km/s
Particle 654: v_circ = 6.285572 km/s
Particle 655: v_circ = 3.869338 km/s
Particle 656: v_circ = 6.185217 km/s
Particle 657: v_circ = 4.171360 km/s
Particle 658: v_circ = 11.391672 km/s
Particle 659: v_circ = 3.732885 km/s
Particle 660: v_circ = 2.859654 km/s
Particle 661: v_circ = 6.095111 km/s
Particle 662: v_circ = 5.080632 km/s
Particle 663: v_circ = 14.455230 km/s
Particle 664: v_circ = 1.643335 km/s
Particle 665: v_circ = 3.177050 km/s
Particle 666: v_circ = 3.639945 km/s
Particle 667: v_circ = 4.436050 km/s
Particle 668: v_circ = 12.916758 km/s
Particle 669: v_circ = 3.564859 km/s
Particle 670: v_circ = 13.204240 km/s
Particle 671: v_circ = 3.309367 km/s
Particle 672: v_circ = 9.288590 km/s
Particle 673: v_circ = 7.544000 km/s
Particle 674: v_circ = 2.700619 km/s
Particle 675: v_circ = 7.311550 km/s
Particle 676: v_circ = 8.628496 km/s
Particle 677: v_circ = 2.472654 km/s
Particle 678: v_circ = 3.697874 km/s
Particle 679: v_circ = 9.222556 km/s
Particle 680: v_circ = 4.071988 km/s
Particle 681: v_circ = 5.794849 km/s
Particle 682: v_circ = 14.033111 km/s
Particle 683: v_circ = 10.468871 km/s
Particle 684: v_circ = 4.009198 km/s
Particle 685: v_circ = 7.701778 km/s
Particle 686: v_circ = 3.972569 km/s
Particle 687: v_circ = 6.483959 km/s
Particle 688: v_circ = 3.500127 km/s
Particle 689: v_circ = 8.971414 km/s
Particle 690: v_circ = 4.851788 km/s
Particle 691: v_circ = 7.505472 km/s
Particle 692: v_circ = 7.957510 km/s
Particle 693: v_circ = 10.511360 km/s
Particle 694: v_circ = 8.549780 km/s
Particle 695: v_circ = 3.157086 km/s
Particle 696: v_circ = 4.181687 km/s
Particle 697: v_circ = 1.724406 km/s
Particle 698: v_circ = 11.247172 km/s
Particle 699: v_circ = 5.911081 km/s
Particle 700: v_circ = 6.875605 km/s
Particle 701: v_circ = 1.774334 km/s
Particle 702: v_circ = 9.555369 km/s
Particle 703: v_circ = 1.036832 km/s
Particle 704: v_circ = 4.489932 km/s
Particle 705: v_circ = 3.328845 km/s
Particle 706: v_circ = 10.740886 km/s
Particle 707: v_circ = 1.332226 km/s
Particle 708: v_circ = 3.809686 km/s
Particle 709: v_circ = 2.922322 km/s
Particle 710: v_circ = 9.880122 km/s
Particle 711: v_circ = 0.447141 km/s
Particle 712: v_circ = 4.815268 km/s
Particle 713: v_circ = 3.088272 km/s
Particle 714: v_circ = 8.685443 km/s
Particle 715: v_circ = 5.656307 km/s
Particle 716: v_circ = 2.538929 km/s
Particle 717: v_circ = 6.056938 km/s
Particle 718: v_circ = 9.181837 km/s
Particle 719: v_circ = 7.023672 km/s
Particle 720: v_circ = 2.386287 km/s
Particle 721: v_circ = 7.435992 km/s
Particle 722: v_circ = 1.543801 km/s
Particle 723: v_circ = 3.573120 km/s
Particle 724: v_circ = 3.003225 km/s
Particle 725: v_circ = 1.500563 km/s
Particle 726: v_circ = 13.660105 km/s
Particle 727: v_circ = 9.750966 km/s
Particle 728: v_circ = 2.656425 km/s
Particle 729: v_circ = 2.975997 km/s
Particle 730: v_circ = 8.384966 km/s
Particle 731: v_circ = 3.108661 km/s
Particle 732: v_circ = 6.841475 km/s
Particle 733: v_circ = 10.046654 km/s
Particle 734: v_circ = 14.577309 km/s
Particle 735: v_circ = 5.468859 km/s
Particle 736: v_circ = 0.307674 km/s
Particle 737: v_circ = 6.882853 km/s
Particle 738: v_circ = 3.663552 km/s
Particle 739: v_circ = 6.687700 km/s
Particle 740: v_circ = 8.255163 km/s
Particle 741: v_circ = 11.903624 km/s
Particle 742: v_circ = 2.424992 km/s
Particle 743: v_circ = 5.246877 km/s
Particle 744: v_circ = 9.308968 km/s
Particle 745: v_circ = 10.376403 km/s
Particle 746: v_circ = 1.989866 km/s
Particle 747: v_circ = 8.564495 km/s
Particle 748: v_circ = 12.169409 km/s
Particle 749: v_circ = 9.017859 km/s
Particle 750: v_circ = 7.217161 km/s
Particle 751: v_circ = 3.792943 km/s
Particle 752: v_circ = 5.103641 km/s
Particle 753: v_circ = 2.363091 km/s
Particle 754: v_circ = 12.647165 km/s
Particle 755: v_circ = 11.123848 km/s
Particle 756: v_circ = 4.328199 km/s
Particle 757: v_circ = 8.728994 km/s
Particle 758: v_circ = 5.209502 km/s
Particle 759: v_circ = 13.964773 km/s
Particle 760: v_circ = 13.713274 km/s
Particle 761: v_circ = 10.851555 km/s
Particle 762: v_circ = 6.645096 km/s
Particle 763: v_circ = 1.937455 km/s
Particle 764: v_circ = 2.530112 km/s
Particle 765: v_circ = 3.219295 km/s
Particle 766: v_circ = 2.561350 km/s
Particle 767: v_circ = 4.927777 km/s
Particle 768: v_circ = 0.885811 km/s
Particle 769: v_circ = 7.298732 km/s
Particle 770: v_circ = 6.478947 km/s
Particle 771: v_circ = 4.803784 km/s
Particle 772: v_circ = 2.229869 km/s
Particle 773: v_circ = 4.854737 km/s
Particle 774: v_circ = 4.989822 km/s
Particle 775: v_circ = 4.146272 km/s
Particle 776: v_circ = 4.275242 km/s
Particle 777: v_circ = 6.797687 km/s
Particle 778: v_circ = 13.740599 km/s
Particle 779: v_circ = 5.369543 km/s
Particle 780: v_circ = 6.439664 km/s
Particle 781: v_circ = 5.296039 km/s
Particle 782: v_circ = 7.675235 km/s
Particle 783: v_circ = 3.424390 km/s
Particle 784: v_circ = 6.235021 km/s
Particle 785: v_circ = 5.596720 km/s
Particle 786: v_circ = 7.273925 km/s
Particle 787: v_circ = 5.113998 km/s
Particle 788: v_circ = 4.840711 km/s
Particle 789: v_circ = 10.402314 km/s
Particle 790: v_circ = 11.351927 km/s
Particle 791: v_circ = 3.600657 km/s
Particle 792: v_circ = 8.742307 km/s
Particle 793: v_circ = 4.455554 km/s
Particle 794: v_circ = 2.602564 km/s
Particle 795: v_circ = 12.414980 km/s
Particle 796: v_circ = 10.374818 km/s
Particle 797: v_circ = 4.680287 km/s
Particle 798: v_circ = 5.527362 km/s
Particle 799: v_circ = 1.655038 km/s
Particle 800: v_circ = 3.393187 km/s
Particle 801: v_circ = 3.848636 km/s
Particle 802: v_circ = 5.457609 km/s
Particle 803: v_circ = 5.708976 km/s
Particle 804: v_circ = 1.883567 km/s
Particle 805: v_circ = 7.700934 km/s
Particle 806: v_circ = 4.226792 km/s
Particle 807: v_circ = 8.306722 km/s
Particle 808: v_circ = 3.438686 km/s
Particle 809: v_circ = 7.729513 km/s
Particle 810: v_circ = 6.496392 km/s
Particle 811: v_circ = 2.395735 km/s
Particle 812: v_circ = 6.235084 km/s
Particle 813: v_circ = 7.327726 km/s
Particle 814: v_circ = 6.334858 km/s
Particle 815: v_circ = 5.254631 km/s
Particle 816: v_circ = 9.737314 km/s
Particle 817: v_circ = 8.109325 km/s
Particle 818: v_circ = 7.766369 km/s
Particle 819: v_circ = 4.312572 km/s
Particle 820: v_circ = 1.805622 km/s
Particle 821: v_circ = 1.639814 km/s
Particle 822: v_circ = 5.579806 km/s
Particle 823: v_circ = 5.167924 km/s
Particle 824: v_circ = 7.047259 km/s
Particle 825: v_circ = 7.162712 km/s
Particle 826: v_circ = 2.182109 km/s
Particle 827: v_circ = 4.381229 km/s
Particle 828: v_circ = 5.996232 km/s
Particle 829: v_circ = 1.988556 km/s
Particle 830: v_circ = 2.627716 km/s
Particle 831: v_circ = 2.605342 km/s
Particle 832: v_circ = 4.392665 km/s
Particle 833: v_circ = 9.362215 km/s
Particle 834: v_circ = 14.731402 km/s
Particle 835: v_circ = 8.824141 km/s
Particle 836: v_circ = 8.773148 km/s
Particle 837: v_circ = 5.372145 km/s
Particle 838: v_circ = 4.787629 km/s
Particle 839: v_circ = 5.405119 km/s
Particle 840: v_circ = 5.032807 km/s
Particle 841: v_circ = 10.275517 km/s
Particle 842: v_circ = 6.786565 km/s
Particle 843: v_circ = 5.488715 km/s
Particle 844: v_circ = 9.436534 km/s
Particle 845: v_circ = 0.891774 km/s
Particle 846: v_circ = 4.428606 km/s
Particle 847: v_circ = 7.474952 km/s
Particle 848: v_circ = 2.708320 km/s
Particle 849: v_circ = 6.224138 km/s
Particle 850: v_circ = 2.108704 km/s
Particle 851: v_circ = 4.071924 km/s
Particle 852: v_circ = 9.732642 km/s
Particle 853: v_circ = 3.398642 km/s
Particle 854: v_circ = 7.779916 km/s
Particle 855: v_circ = 8.155204 km/s
Particle 856: v_circ = 1.892115 km/s
Particle 857: v_circ = 2.201192 km/s
Particle 858: v_circ = 6.989084 km/s
Particle 859: v_circ = 4.583429 km/s
Particle 860: v_circ = 10.092431 km/s
Particle 861: v_circ = 4.768707 km/s
Particle 862: v_circ = 8.222538 km/s
Particle 863: v_circ = 10.078183 km/s
Particle 864: v_circ = 4.950449 km/s
Particle 865: v_circ = 8.117508 km/s
Particle 866: v_circ = 2.862097 km/s
Particle 867: v_circ = 3.258315 km/s
Particle 868: v_circ = 4.929159 km/s
Particle 869: v_circ = 5.797045 km/s
Particle 870: v_circ = 11.355342 km/s
Particle 871: v_circ = 2.349066 km/s
Particle 872: v_circ = 7.835990 km/s
Particle 873: v_circ = 9.180201 km/s
Particle 874: v_circ = 5.551446 km/s
Particle 875: v_circ = 9.402678 km/s
Particle 876: v_circ = 10.642768 km/s
Particle 877: v_circ = 7.183283 km/s
Particle 878: v_circ = 7.409781 km/s
Particle 879: v_circ = 5.815079 km/s
Particle 880: v_circ = 10.606015 km/s
Particle 881: v_circ = 5.419020 km/s
Particle 882: v_circ = 7.037527 km/s
Particle 883: v_circ = 7.522523 km/s
Particle 884: v_circ = 3.393575 km/s
Particle 885: v_circ = 10.910194 km/s
Particle 886: v_circ = 5.678807 km/s
Particle 887: v_circ = 5.679233 km/s
Particle 888: v_circ = 6.068041 km/s
Particle 889: v_circ = 8.673010 km/s
Particle 890: v_circ = 4.292953 km/s
Particle 891: v_circ = 2.275252 km/s
Particle 892: v_circ = 5.825184 km/s
Particle 893: v_circ = 1.559547 km/s
Particle 894: v_circ = 10.485251 km/s
Particle 895: v_circ = 3.806733 km/s
Particle 896: v_circ = 5.282045 km/s
Particle 897: v_circ = 8.803404 km/s
Particle 898: v_circ = 3.544785 km/s
Particle 899: v_circ = 12.570036 km/s
Particle 900: v_circ = 8.705686 km/s
Particle 901: v_circ = 6.494137 km/s
Particle 902: v_circ = 2.111950 km/s
Particle 903: v_circ = 7.442419 km/s
Particle 904: v_circ = 3.763838 km/s
Particle 905: v_circ = 1.404570 km/s
Particle 906: v_circ = 9.191894 km/s
Particle 907: v_circ = 4.327605 km/s
Particle 908: v_circ = 5.942011 km/s
Particle 909: v_circ = 6.727922 km/s
Particle 910: v_circ = 2.613917 km/s
Particle 911: v_circ = 12.628481 km/s
Particle 912: v_circ = 6.873584 km/s
Particle 913: v_circ = 3.531745 km/s
Particle 914: v_circ = 2.671724 km/s
Particle 915: v_circ = 7.509012 km/s
Particle 916: v_circ = 7.013347 km/s
Particle 917: v_circ = 10.153420 km/s
Particle 918: v_circ = 1.682106 km/s
Particle 919: v_circ = 2.512400 km/s
Particle 920: v_circ = 8.498131 km/s
Particle 921: v_circ = 2.639253 km/s
Particle 922: v_circ = 5.360058 km/s
Particle 923: v_circ = 4.814848 km/s
Particle 924: v_circ = 5.918520 km/s
Particle 925: v_circ = 4.120627 km/s
Particle 926: v_circ = 5.191161 km/s
Particle 927: v_circ = 6.775765 km/s
Particle 928: v_circ = 7.958857 km/s
Particle 929: v_circ = 9.410986 km/s
Particle 930: v_circ = 5.382929 km/s
Particle 931: v_circ = 3.053648 km/s
Particle 932: v_circ = 6.357016 km/s
Particle 933: v_circ = 0.982504 km/s
Particle 934: v_circ = 2.453616 km/s
Particle 935: v_circ = 3.515072 km/s
Particle 936: v_circ = 3.648816 km/s
Particle 937: v_circ = 6.927949 km/s
Particle 938: v_circ = 11.901769 km/s
Particle 939: v_circ = 6.681363 km/s
Particle 940: v_circ = 8.002601 km/s
Particle 941: v_circ = 2.943332 km/s
Particle 942: v_circ = 9.728464 km/s
Particle 943: v_circ = 2.999052 km/s
Particle 944: v_circ = 8.807506 km/s
Particle 945: v_circ = 5.729053 km/s
Particle 946: v_circ = 8.959722 km/s
Particle 947: v_circ = 5.114171 km/s
Particle 948: v_circ = 2.877105 km/s
Particle 949: v_circ = 4.193578 km/s
Particle 950: v_circ = 5.213870 km/s
Particle 951: v_circ = 5.921649 km/s
Particle 952: v_circ = 4.219469 km/s
Particle 953: v_circ = 13.511278 km/s
Particle 954: v_circ = 9.644418 km/s
Particle 955: v_circ = 2.508336 km/s
Particle 956: v_circ = 4.176435 km/s
Particle 957: v_circ = 9.593799 km/s
Particle 958: v_circ = 8.956033 km/s
Particle 959: v_circ = 8.518601 km/s
Particle 960: v_circ = 2.548941 km/s
Particle 961: v_circ = 3.015156 km/s
Particle 962: v_circ = 6.310249 km/s
Particle 963: v_circ = 4.515081 km/s
Particle 964: v_circ = 5.779399 km/s
Particle 965: v_circ = 4.056959 km/s
Particle 966: v_circ = 4.579785 km/s
Particle 967: v_circ = 6.809469 km/s
Particle 968: v_circ = 3.634872 km/s
Particle 969: v_circ = 8.946029 km/s
Particle 970: v_circ = 6.517172 km/s
Particle 971: v_circ = 4.117666 km/s
Particle 972: v_circ = 12.939357 km/s
Particle 973: v_circ = 6.207832 km/s
Particle 974: v_circ = 7.990121 km/s
Particle 975: v_circ = 4.461877 km/s
Particle 976: v_circ = 4.724874 km/s
Particle 977: v_circ = 3.576078 km/s
Particle 978: v_circ = 1.764369 km/s
Particle 979: v_circ = 13.496778 km/s
Particle 980: v_circ = 11.267190 km/s
Particle 981: v_circ = 3.035600 km/s
Particle 982: v_circ = 4.758463 km/s
Particle 983: v_circ = 5.211574 km/s
Particle 984: v_circ = 7.335378 km/s
Particle 985: v_circ = 3.716765 km/s
Particle 986: v_circ = 14.447705 km/s
Particle 987: v_circ = 2.066304 km/s
Particle 988: v_circ = 3.542083 km/s
Particle 989: v_circ = 1.966186 km/s
Particle 990: v_circ = 2.778367 km/s
Particle 991: v_circ = 10.920702 km/s
Particle 992: v_circ = 6.823850 km/s
Particle 993: v_circ = 2.998828 km/s
Particle 994: v_circ = 5.609268 km/s
Particle 995: v_circ = 4.846454 km/s
Particle 996: v_circ = 8.247550 km/s
Particle 997: v_circ = 0.702047 km/s
Particle 998: v_circ = 13.443798 km/s
Particle 999: v_circ = 3.689116 km/s
Mean r: 0.078 kpc
lambda_dB crossing time: 127.445 Myr
Fastest beat period T_c: 15.443 Myr
dt: 0.008 Gyr
Number of time steps: 1295
Ramp time: 0.000 Gyr, no_ramp_steps: 0
  init 68.6 s
  step 0: 1 force calls, t 0.0000000000e+00 -> 3.3510137636e-04, rho 456.9 s, acc 395.3 s   <-- compile happens here on a cold cache
  step 1: 1 force calls, t 3.3510137636e-04 -> 6.7020275271e-04, rho 7.3 s, acc 10.1 s
  step 2: 1 force calls, t 6.7020275271e-04 -> 1.0053041291e-03, rho 7.7 s, acc 10.0 s

======================================================================
instance 1
======================================================================
Loading precomputed R_j_r from /gpfs/home/jd925/Adding_stellar_masses/simple_sim/../precomputed_wf/precomputed_R_j_r_m22_10_rbins_1000.npz...
No r_cut set - keeping the full radial grid out to 441 kpc (1000 bins).
l max from jaxsp: 240
Radial-mode pruning: nothing to drop, all 28658 modes have l < L_max_out.
Eigenmode library uploaded: 0.47 GB, on a single device.
(l, m) pairs to solve for: 58081 (l = 0 .. 480)
Particle 0: v_circ = 4.633794 km/s
Particle 1: v_circ = 1.064630 km/s
Particle 2: v_circ = 5.855643 km/s
Particle 3: v_circ = 7.545734 km/s
Particle 4: v_circ = 7.030179 km/s
Particle 5: v_circ = 6.543662 km/s
Particle 6: v_circ = 6.551072 km/s
Particle 7: v_circ = 6.032748 km/s
Particle 8: v_circ = 3.267120 km/s
Particle 9: v_circ = 3.452974 km/s
Particle 10: v_circ = 3.304547 km/s
Particle 11: v_circ = 1.749328 km/s
Particle 12: v_circ = 7.484322 km/s
Particle 13: v_circ = 8.837935 km/s
Particle 14: v_circ = 5.988234 km/s
Particle 15: v_circ = 3.225140 km/s
Particle 16: v_circ = 1.214538 km/s
Particle 17: v_circ = 6.390276 km/s
Particle 18: v_circ = 3.163680 km/s
Particle 19: v_circ = 12.566310 km/s
Particle 20: v_circ = 5.401852 km/s
Particle 21: v_circ = 2.364125 km/s
Particle 22: v_circ = 6.060141 km/s
Particle 23: v_circ = 8.652187 km/s
Particle 24: v_circ = 4.529029 km/s
Particle 25: v_circ = 14.600978 km/s
Particle 26: v_circ = 5.583115 km/s
Particle 27: v_circ = 2.478271 km/s
Particle 28: v_circ = 5.354239 km/s
Particle 29: v_circ = 3.012704 km/s
Particle 30: v_circ = 3.230352 km/s
Particle 31: v_circ = 4.424249 km/s
Particle 32: v_circ = 3.647270 km/s
Particle 33: v_circ = 4.566751 km/s
Particle 34: v_circ = 1.890017 km/s
Particle 35: v_circ = 2.929886 km/s
Particle 36: v_circ = 5.390500 km/s
Particle 37: v_circ = 7.551358 km/s
Particle 38: v_circ = 13.415039 km/s
Particle 39: v_circ = 4.058128 km/s
Particle 40: v_circ = 7.195851 km/s
Particle 41: v_circ = 5.550695 km/s
Particle 42: v_circ = 4.121552 km/s
Particle 43: v_circ = 2.740746 km/s
Particle 44: v_circ = 6.020458 km/s
Particle 45: v_circ = 3.948785 km/s
Particle 46: v_circ = 1.621521 km/s
Particle 47: v_circ = 9.392291 km/s
Particle 48: v_circ = 3.757969 km/s
Particle 49: v_circ = 5.371567 km/s
Particle 50: v_circ = 6.992327 km/s
Particle 51: v_circ = 6.155327 km/s
Particle 52: v_circ = 1.701710 km/s
Particle 53: v_circ = 8.206844 km/s
Particle 54: v_circ = 7.171479 km/s
Particle 55: v_circ = 3.331657 km/s
Particle 56: v_circ = 3.632027 km/s
Particle 57: v_circ = 4.289237 km/s
Particle 58: v_circ = 2.272480 km/s
Particle 59: v_circ = 2.945991 km/s
Particle 60: v_circ = 3.939780 km/s
Particle 61: v_circ = 6.479140 km/s
Particle 62: v_circ = 12.024038 km/s
Particle 63: v_circ = 1.958911 km/s
Particle 64: v_circ = 15.344476 km/s
Particle 65: v_circ = 3.891274 km/s
Particle 66: v_circ = 3.889325 km/s
Particle 67: v_circ = 3.302161 km/s
Particle 68: v_circ = 4.324692 km/s
Particle 69: v_circ = 4.145390 km/s
Particle 70: v_circ = 2.392204 km/s
Particle 71: v_circ = 3.848192 km/s
Particle 72: v_circ = 1.085369 km/s
Particle 73: v_circ = 3.968749 km/s
Particle 74: v_circ = 5.401734 km/s
Particle 75: v_circ = 3.991771 km/s
Particle 76: v_circ = 8.472373 km/s
Particle 77: v_circ = 8.218217 km/s
Particle 78: v_circ = 2.932756 km/s
Particle 79: v_circ = 7.951617 km/s
Particle 80: v_circ = 6.144644 km/s
Particle 81: v_circ = 4.464727 km/s
Particle 82: v_circ = 11.611115 km/s
Particle 83: v_circ = 4.432246 km/s
Particle 84: v_circ = 4.716842 km/s
Particle 85: v_circ = 2.666180 km/s
Particle 86: v_circ = 7.039136 km/s
Particle 87: v_circ = 4.537669 km/s
Particle 88: v_circ = 15.148975 km/s
Particle 89: v_circ = 4.352078 km/s
Particle 90: v_circ = 8.072376 km/s
Particle 91: v_circ = 3.674405 km/s
Particle 92: v_circ = 2.582717 km/s
Particle 93: v_circ = 9.926618 km/s
Particle 94: v_circ = 6.966127 km/s
Particle 95: v_circ = 3.431723 km/s
Particle 96: v_circ = 3.766744 km/s
Particle 97: v_circ = 14.295470 km/s
Particle 98: v_circ = 5.677255 km/s
Particle 99: v_circ = 4.962501 km/s
Particle 100: v_circ = 2.943505 km/s
Particle 101: v_circ = 8.262162 km/s
Particle 102: v_circ = 4.436720 km/s
Particle 103: v_circ = 0.613386 km/s
Particle 104: v_circ = 3.788653 km/s
Particle 105: v_circ = 3.599723 km/s
Particle 106: v_circ = 8.471759 km/s
Particle 107: v_circ = 2.331209 km/s
Particle 108: v_circ = 1.855692 km/s
Particle 109: v_circ = 1.391648 km/s
Particle 110: v_circ = 8.123786 km/s
Particle 111: v_circ = 5.188990 km/s
Particle 112: v_circ = 8.839335 km/s
Particle 113: v_circ = 8.411390 km/s
Particle 114: v_circ = 3.310109 km/s
Particle 115: v_circ = 3.310931 km/s
Particle 116: v_circ = 5.279466 km/s
Particle 117: v_circ = 3.769766 km/s
Particle 118: v_circ = 3.226746 km/s
Particle 119: v_circ = 1.949859 km/s
Particle 120: v_circ = 9.078720 km/s
Particle 121: v_circ = 3.194392 km/s
Particle 122: v_circ = 6.308824 km/s
Particle 123: v_circ = 5.388285 km/s
Particle 124: v_circ = 2.575468 km/s
Particle 125: v_circ = 2.016658 km/s
Particle 126: v_circ = 5.857583 km/s
Particle 127: v_circ = 9.823382 km/s
Particle 128: v_circ = 2.203840 km/s
Particle 129: v_circ = 9.906428 km/s
Particle 130: v_circ = 4.138785 km/s
Particle 131: v_circ = 5.316802 km/s
Particle 132: v_circ = 4.708156 km/s
Particle 133: v_circ = 2.784916 km/s
Particle 134: v_circ = 2.526212 km/s
Particle 135: v_circ = 7.415103 km/s
Particle 136: v_circ = 5.717071 km/s
Particle 137: v_circ = 10.640983 km/s
Particle 138: v_circ = 10.615930 km/s
Particle 139: v_circ = 10.940293 km/s
Particle 140: v_circ = 11.987093 km/s
Particle 141: v_circ = 4.103001 km/s
Particle 142: v_circ = 6.226069 km/s
Particle 143: v_circ = 3.736218 km/s
Particle 144: v_circ = 12.494808 km/s
Particle 145: v_circ = 8.763262 km/s
Particle 146: v_circ = 1.304133 km/s
Particle 147: v_circ = 2.922027 km/s
Particle 148: v_circ = 2.495510 km/s
Particle 149: v_circ = 7.689650 km/s
Particle 150: v_circ = 14.100804 km/s
Particle 151: v_circ = 6.991167 km/s
Particle 152: v_circ = 6.894599 km/s
Particle 153: v_circ = 7.749022 km/s
Particle 154: v_circ = 7.008763 km/s
Particle 155: v_circ = 4.476582 km/s
Particle 156: v_circ = 5.024608 km/s
Particle 157: v_circ = 2.989583 km/s
Particle 158: v_circ = 4.181205 km/s
Particle 159: v_circ = 5.040576 km/s
Particle 160: v_circ = 2.952745 km/s
Particle 161: v_circ = 2.066578 km/s
Particle 162: v_circ = 3.692058 km/s
Particle 163: v_circ = 3.095053 km/s
Particle 164: v_circ = 4.143673 km/s
Particle 165: v_circ = 9.535257 km/s
Particle 166: v_circ = 5.549449 km/s
Particle 167: v_circ = 8.924459 km/s
Particle 168: v_circ = 2.279581 km/s
Particle 169: v_circ = 5.928470 km/s
Particle 170: v_circ = 1.347803 km/s
Particle 171: v_circ = 12.532693 km/s
Particle 172: v_circ = 5.434790 km/s
Particle 173: v_circ = 3.233467 km/s
Particle 174: v_circ = 11.052919 km/s
Particle 175: v_circ = 3.858906 km/s
Particle 176: v_circ = 8.419868 km/s
Particle 177: v_circ = 2.327211 km/s
Particle 178: v_circ = 8.983995 km/s
Particle 179: v_circ = 8.016132 km/s
Particle 180: v_circ = 4.978144 km/s
Particle 181: v_circ = 8.176589 km/s
Particle 182: v_circ = 7.130365 km/s
Particle 183: v_circ = 9.499650 km/s
Particle 184: v_circ = 5.798559 km/s
Particle 185: v_circ = 8.138373 km/s
Particle 186: v_circ = 7.325104 km/s
Particle 187: v_circ = 2.495000 km/s
Particle 188: v_circ = 10.224323 km/s
Particle 189: v_circ = 1.972637 km/s
Particle 190: v_circ = 0.700489 km/s
Particle 191: v_circ = 6.293753 km/s
Particle 192: v_circ = 5.814894 km/s
Particle 193: v_circ = 9.525971 km/s
Particle 194: v_circ = 1.427463 km/s
Particle 195: v_circ = 4.522497 km/s
Particle 196: v_circ = 5.937095 km/s
Particle 197: v_circ = 6.904495 km/s
Particle 198: v_circ = 3.433619 km/s
Particle 199: v_circ = 3.941116 km/s
Particle 200: v_circ = 1.526300 km/s
Particle 201: v_circ = 3.101975 km/s
Particle 202: v_circ = 9.012083 km/s
Particle 203: v_circ = 1.643231 km/s
Particle 204: v_circ = 1.853376 km/s
Particle 205: v_circ = 8.183256 km/s
Particle 206: v_circ = 4.096519 km/s
Particle 207: v_circ = 6.083767 km/s
Particle 208: v_circ = 2.844449 km/s
Particle 209: v_circ = 6.032179 km/s
Particle 210: v_circ = 5.562934 km/s
Particle 211: v_circ = 6.862146 km/s
Particle 212: v_circ = 2.372149 km/s
Particle 213: v_circ = 8.402226 km/s
Particle 214: v_circ = 10.867075 km/s
Particle 215: v_circ = 6.691504 km/s
Particle 216: v_circ = 11.226259 km/s
Particle 217: v_circ = 9.355067 km/s
Particle 218: v_circ = 5.655479 km/s
Particle 219: v_circ = 8.951730 km/s
Particle 220: v_circ = 7.608791 km/s
Particle 221: v_circ = 9.281893 km/s
Particle 222: v_circ = 4.281843 km/s
Particle 223: v_circ = 6.986502 km/s
Particle 224: v_circ = 4.800493 km/s
Particle 225: v_circ = 5.822611 km/s
Particle 226: v_circ = 4.408413 km/s
Particle 227: v_circ = 8.871505 km/s
Particle 228: v_circ = 15.779496 km/s
Particle 229: v_circ = 9.832685 km/s
Particle 230: v_circ = 7.893614 km/s
Particle 231: v_circ = 3.174020 km/s
Particle 232: v_circ = 2.555607 km/s
Particle 233: v_circ = 4.551596 km/s
Particle 234: v_circ = 2.478944 km/s
Particle 235: v_circ = 6.659715 km/s
Particle 236: v_circ = 6.997743 km/s
Particle 237: v_circ = 2.381412 km/s
Particle 238: v_circ = 6.618633 km/s
Particle 239: v_circ = 1.966623 km/s
Particle 240: v_circ = 4.435769 km/s
Particle 241: v_circ = 3.080431 km/s
Particle 242: v_circ = 8.866853 km/s
Particle 243: v_circ = 2.487156 km/s
Particle 244: v_circ = 6.094792 km/s
Particle 245: v_circ = 3.410855 km/s
Particle 246: v_circ = 11.407733 km/s
Particle 247: v_circ = 5.746557 km/s
Particle 248: v_circ = 3.495186 km/s
Particle 249: v_circ = 14.223905 km/s
Particle 250: v_circ = 5.518266 km/s
Particle 251: v_circ = 6.787139 km/s
Particle 252: v_circ = 3.932994 km/s
Particle 253: v_circ = 2.949532 km/s
Particle 254: v_circ = 7.124478 km/s
Particle 255: v_circ = 8.670606 km/s
Particle 256: v_circ = 8.699455 km/s
Particle 257: v_circ = 7.730940 km/s
Particle 258: v_circ = 2.979738 km/s
Particle 259: v_circ = 4.357350 km/s
Particle 260: v_circ = 0.201750 km/s
Particle 261: v_circ = 2.308255 km/s
Particle 262: v_circ = 6.888579 km/s
Particle 263: v_circ = 4.068719 km/s
Particle 264: v_circ = 3.176578 km/s
Particle 265: v_circ = 4.543096 km/s
Particle 266: v_circ = 3.900487 km/s
Particle 267: v_circ = 3.958158 km/s
Particle 268: v_circ = 2.510350 km/s
Particle 269: v_circ = 5.563567 km/s
Particle 270: v_circ = 5.753394 km/s
Particle 271: v_circ = 11.175145 km/s
Particle 272: v_circ = 1.741116 km/s
Particle 273: v_circ = 3.752651 km/s
Particle 274: v_circ = 1.731129 km/s
Particle 275: v_circ = 3.581447 km/s
Particle 276: v_circ = 6.967211 km/s
Particle 277: v_circ = 3.670130 km/s
Particle 278: v_circ = 11.557303 km/s
Particle 279: v_circ = 12.439807 km/s
Particle 280: v_circ = 3.102815 km/s
Particle 281: v_circ = 8.212517 km/s
Particle 282: v_circ = 7.657156 km/s
Particle 283: v_circ = 2.425514 km/s
Particle 284: v_circ = 3.436627 km/s
Particle 285: v_circ = 3.546888 km/s
Particle 286: v_circ = 5.193211 km/s
Particle 287: v_circ = 4.408339 km/s
Particle 288: v_circ = 2.574281 km/s
Particle 289: v_circ = 4.302933 km/s
Particle 290: v_circ = 9.350832 km/s
Particle 291: v_circ = 5.591894 km/s
Particle 292: v_circ = 13.080701 km/s
Particle 293: v_circ = 1.069108 km/s
Particle 294: v_circ = 14.692122 km/s
Particle 295: v_circ = 4.644837 km/s
Particle 296: v_circ = 9.421341 km/s
Particle 297: v_circ = 11.362173 km/s
Particle 298: v_circ = 3.430335 km/s
Particle 299: v_circ = 8.787442 km/s
Particle 300: v_circ = 3.684900 km/s
Particle 301: v_circ = 3.763696 km/s
Particle 302: v_circ = 6.992437 km/s
Particle 303: v_circ = 3.461030 km/s
Particle 304: v_circ = 4.260030 km/s
Particle 305: v_circ = 6.385566 km/s
Particle 306: v_circ = 9.469155 km/s
Particle 307: v_circ = 6.072503 km/s
Particle 308: v_circ = 3.166795 km/s
Particle 309: v_circ = 6.769272 km/s
Particle 310: v_circ = 2.025808 km/s
Particle 311: v_circ = 1.668771 km/s
Particle 312: v_circ = 1.316694 km/s
Particle 313: v_circ = 5.639595 km/s
Particle 314: v_circ = 3.963598 km/s
Particle 315: v_circ = 6.491805 km/s
Particle 316: v_circ = 11.697190 km/s
Particle 317: v_circ = 10.665336 km/s
Particle 318: v_circ = 1.930622 km/s
Particle 319: v_circ = 5.066647 km/s
Particle 320: v_circ = 4.672491 km/s
Particle 321: v_circ = 3.774446 km/s
Particle 322: v_circ = 7.079583 km/s
Particle 323: v_circ = 7.636606 km/s
Particle 324: v_circ = 6.909498 km/s
Particle 325: v_circ = 6.425883 km/s
Particle 326: v_circ = 8.045177 km/s
Particle 327: v_circ = 9.827438 km/s
Particle 328: v_circ = 4.768945 km/s
Particle 329: v_circ = 12.006100 km/s
Particle 330: v_circ = 7.102152 km/s
Particle 331: v_circ = 10.407005 km/s
Particle 332: v_circ = 5.527967 km/s
Particle 333: v_circ = 8.564333 km/s
Particle 334: v_circ = 8.177134 km/s
Particle 335: v_circ = 7.431206 km/s
Particle 336: v_circ = 5.784908 km/s
Particle 337: v_circ = 12.101203 km/s
Particle 338: v_circ = 3.891275 km/s
Particle 339: v_circ = 10.033749 km/s
Particle 340: v_circ = 7.439518 km/s
Particle 341: v_circ = 12.150321 km/s
Particle 342: v_circ = 3.367436 km/s
Particle 343: v_circ = 13.942644 km/s
Particle 344: v_circ = 4.486409 km/s
Particle 345: v_circ = 6.239913 km/s
Particle 346: v_circ = 3.406570 km/s
Particle 347: v_circ = 2.339998 km/s
Particle 348: v_circ = 2.096207 km/s
Particle 349: v_circ = 4.359852 km/s
Particle 350: v_circ = 5.784782 km/s
Particle 351: v_circ = 6.056464 km/s
Particle 352: v_circ = 2.932992 km/s
Particle 353: v_circ = 10.376615 km/s
Particle 354: v_circ = 5.816667 km/s
Particle 355: v_circ = 6.643618 km/s
Particle 356: v_circ = 5.549600 km/s
Particle 357: v_circ = 10.299206 km/s
Particle 358: v_circ = 2.486094 km/s
Particle 359: v_circ = 2.902639 km/s
Particle 360: v_circ = 6.202101 km/s
Particle 361: v_circ = 10.479095 km/s
Particle 362: v_circ = 6.592367 km/s
Particle 363: v_circ = 3.786823 km/s
Particle 364: v_circ = 8.133690 km/s
Particle 365: v_circ = 3.642111 km/s
Particle 366: v_circ = 2.574957 km/s
Particle 367: v_circ = 5.519537 km/s
Particle 368: v_circ = 3.286514 km/s
Particle 369: v_circ = 8.078973 km/s
Particle 370: v_circ = 10.043713 km/s
Particle 371: v_circ = 2.113935 km/s
Particle 372: v_circ = 3.690958 km/s
Particle 373: v_circ = 8.495694 km/s
Particle 374: v_circ = 9.712755 km/s
Particle 375: v_circ = 4.160168 km/s
Particle 376: v_circ = 1.014283 km/s
Particle 377: v_circ = 1.502326 km/s
Particle 378: v_circ = 2.549080 km/s
Particle 379: v_circ = 7.813947 km/s
Particle 380: v_circ = 1.334047 km/s
Particle 381: v_circ = 7.437527 km/s
Particle 382: v_circ = 7.058378 km/s
Particle 383: v_circ = 7.974175 km/s
Particle 384: v_circ = 5.951436 km/s
Particle 385: v_circ = 4.247569 km/s
Particle 386: v_circ = 4.450441 km/s
Particle 387: v_circ = 8.884167 km/s
Particle 388: v_circ = 1.626064 km/s
Particle 389: v_circ = 3.342461 km/s
Particle 390: v_circ = 5.659826 km/s
Particle 391: v_circ = 3.973522 km/s
Particle 392: v_circ = 8.544380 km/s
Particle 393: v_circ = 2.206093 km/s
Particle 394: v_circ = 6.602104 km/s
Particle 395: v_circ = 2.881038 km/s
Particle 396: v_circ = 9.914730 km/s
Particle 397: v_circ = 11.688322 km/s
Particle 398: v_circ = 3.180897 km/s
Particle 399: v_circ = 2.503094 km/s
Particle 400: v_circ = 5.335115 km/s
Particle 401: v_circ = 11.704680 km/s
Particle 402: v_circ = 4.776909 km/s
Particle 403: v_circ = 4.899679 km/s
Particle 404: v_circ = 5.479364 km/s
Particle 405: v_circ = 4.641581 km/s
Particle 406: v_circ = 3.454605 km/s
Particle 407: v_circ = 9.383829 km/s
Particle 408: v_circ = 8.772906 km/s
Particle 409: v_circ = 5.936282 km/s
Particle 410: v_circ = 6.445357 km/s
Particle 411: v_circ = 5.511741 km/s
Particle 412: v_circ = 4.629329 km/s
Particle 413: v_circ = 4.952989 km/s
Particle 414: v_circ = 3.920827 km/s
Particle 415: v_circ = 7.597502 km/s
Particle 416: v_circ = 2.696579 km/s
Particle 417: v_circ = 4.272596 km/s
Particle 418: v_circ = 9.170382 km/s
Particle 419: v_circ = 4.042756 km/s
Particle 420: v_circ = 6.027493 km/s
Particle 421: v_circ = 4.148288 km/s
Particle 422: v_circ = 4.141272 km/s
Particle 423: v_circ = 7.315768 km/s
Particle 424: v_circ = 4.717004 km/s
Particle 425: v_circ = 2.337235 km/s
Particle 426: v_circ = 3.917158 km/s
Particle 427: v_circ = 3.576971 km/s
Particle 428: v_circ = 8.385319 km/s
Particle 429: v_circ = 15.726334 km/s
Particle 430: v_circ = 4.503071 km/s
Particle 431: v_circ = 2.413658 km/s
Particle 432: v_circ = 6.449076 km/s
Particle 433: v_circ = 6.117824 km/s
Particle 434: v_circ = 8.982337 km/s
Particle 435: v_circ = 4.118883 km/s
Particle 436: v_circ = 2.281730 km/s
Particle 437: v_circ = 3.913653 km/s
Particle 438: v_circ = 2.099627 km/s
Particle 439: v_circ = 2.789622 km/s
Particle 440: v_circ = 5.842671 km/s
Particle 441: v_circ = 5.977538 km/s
Particle 442: v_circ = 12.253061 km/s
Particle 443: v_circ = 2.728753 km/s
Particle 444: v_circ = 8.644661 km/s
Particle 445: v_circ = 2.148182 km/s
Particle 446: v_circ = 4.029505 km/s
Particle 447: v_circ = 5.743006 km/s
Particle 448: v_circ = 9.718737 km/s
Particle 449: v_circ = 3.630053 km/s
Particle 450: v_circ = 5.511968 km/s
Particle 451: v_circ = 2.047678 km/s
Particle 452: v_circ = 2.170027 km/s
Particle 453: v_circ = 10.244256 km/s
Particle 454: v_circ = 5.885923 km/s
Particle 455: v_circ = 7.797234 km/s
Particle 456: v_circ = 4.783701 km/s
Particle 457: v_circ = 8.719880 km/s
Particle 458: v_circ = 4.016998 km/s
Particle 459: v_circ = 9.696941 km/s
Particle 460: v_circ = 3.075730 km/s
Particle 461: v_circ = 5.587146 km/s
Particle 462: v_circ = 9.695281 km/s
Particle 463: v_circ = 3.116578 km/s
Particle 464: v_circ = 5.424214 km/s
Particle 465: v_circ = 3.528046 km/s
Particle 466: v_circ = 3.141272 km/s
Particle 467: v_circ = 6.592421 km/s
Particle 468: v_circ = 7.520022 km/s
Particle 469: v_circ = 7.179836 km/s
Particle 470: v_circ = 1.770509 km/s
Particle 471: v_circ = 9.522734 km/s
Particle 472: v_circ = 5.727927 km/s
Particle 473: v_circ = 5.417491 km/s
Particle 474: v_circ = 7.152798 km/s
Particle 475: v_circ = 2.570898 km/s
Particle 476: v_circ = 2.452464 km/s
Particle 477: v_circ = 2.678182 km/s
Particle 478: v_circ = 8.388663 km/s
Particle 479: v_circ = 3.776315 km/s
Particle 480: v_circ = 7.460112 km/s
Particle 481: v_circ = 1.512288 km/s
Particle 482: v_circ = 11.262366 km/s
Particle 483: v_circ = 5.404331 km/s
Particle 484: v_circ = 12.047443 km/s
Particle 485: v_circ = 5.468202 km/s
Particle 486: v_circ = 6.359967 km/s
Particle 487: v_circ = 6.111925 km/s
Particle 488: v_circ = 2.845125 km/s
Particle 489: v_circ = 4.459396 km/s
Particle 490: v_circ = 4.549056 km/s
Particle 491: v_circ = 14.100520 km/s
Particle 492: v_circ = 3.694213 km/s
Particle 493: v_circ = 4.222396 km/s
Particle 494: v_circ = 5.278261 km/s
Particle 495: v_circ = 8.095730 km/s
Particle 496: v_circ = 9.638398 km/s
Particle 497: v_circ = 5.275979 km/s
Particle 498: v_circ = 2.608960 km/s
Particle 499: v_circ = 3.285886 km/s
Particle 500: v_circ = 6.245977 km/s
Particle 501: v_circ = 11.882724 km/s
Particle 502: v_circ = 5.553401 km/s
Particle 503: v_circ = 12.098379 km/s
Particle 504: v_circ = 1.070852 km/s
Particle 505: v_circ = 5.409778 km/s
Particle 506: v_circ = 4.469515 km/s
Particle 507: v_circ = 6.902026 km/s
Particle 508: v_circ = 5.530441 km/s
Particle 509: v_circ = 3.579380 km/s
Particle 510: v_circ = 2.887784 km/s
Particle 511: v_circ = 4.535201 km/s
Particle 512: v_circ = 5.117396 km/s
Particle 513: v_circ = 8.728095 km/s
Particle 514: v_circ = 2.565312 km/s
Particle 515: v_circ = 3.990132 km/s
Particle 516: v_circ = 3.133896 km/s
Particle 517: v_circ = 2.016545 km/s
Particle 518: v_circ = 9.650972 km/s
Particle 519: v_circ = 2.512925 km/s
Particle 520: v_circ = 1.076472 km/s
Particle 521: v_circ = 1.320186 km/s
Particle 522: v_circ = 4.154076 km/s
Particle 523: v_circ = 4.671628 km/s
Particle 524: v_circ = 9.467222 km/s
Particle 525: v_circ = 3.726701 km/s
Particle 526: v_circ = 7.640941 km/s
Particle 527: v_circ = 2.802250 km/s
Particle 528: v_circ = 6.247948 km/s
Particle 529: v_circ = 4.508978 km/s
Particle 530: v_circ = 2.788020 km/s
Particle 531: v_circ = 6.752324 km/s
Particle 532: v_circ = 5.684019 km/s
Particle 533: v_circ = 9.205493 km/s
Particle 534: v_circ = 3.855265 km/s
Particle 535: v_circ = 12.119863 km/s
Particle 536: v_circ = 4.814344 km/s
Particle 537: v_circ = 1.689854 km/s
Particle 538: v_circ = 7.196106 km/s
Particle 539: v_circ = 7.669836 km/s
Particle 540: v_circ = 10.492830 km/s
Particle 541: v_circ = 7.962132 km/s
Particle 542: v_circ = 10.814591 km/s
Particle 543: v_circ = 6.320476 km/s
Particle 544: v_circ = 8.073285 km/s
Particle 545: v_circ = 4.319141 km/s
Particle 546: v_circ = 9.823069 km/s
Particle 547: v_circ = 14.066888 km/s
Particle 548: v_circ = 6.422553 km/s
Particle 549: v_circ = 7.435756 km/s
Particle 550: v_circ = 2.693801 km/s
Particle 551: v_circ = 5.282402 km/s
Particle 552: v_circ = 10.482361 km/s
Particle 553: v_circ = 3.387870 km/s
Particle 554: v_circ = 2.456010 km/s
Particle 555: v_circ = 9.282792 km/s
Particle 556: v_circ = 2.549728 km/s
Particle 557: v_circ = 6.072337 km/s
Particle 558: v_circ = 13.341580 km/s
Particle 559: v_circ = 4.432013 km/s
Particle 560: v_circ = 5.317324 km/s
Particle 561: v_circ = 3.070796 km/s
Particle 562: v_circ = 10.532057 km/s
Particle 563: v_circ = 2.467293 km/s
Particle 564: v_circ = 14.432755 km/s
Particle 565: v_circ = 4.632395 km/s
Particle 566: v_circ = 7.007419 km/s
Particle 567: v_circ = 10.382710 km/s
Particle 568: v_circ = 9.822093 km/s
Particle 569: v_circ = 6.646451 km/s
Particle 570: v_circ = 1.683564 km/s
Particle 571: v_circ = 5.424144 km/s
Particle 572: v_circ = 6.985830 km/s
Particle 573: v_circ = 6.413606 km/s
Particle 574: v_circ = 2.085501 km/s
Particle 575: v_circ = 1.847643 km/s
Particle 576: v_circ = 3.619529 km/s
Particle 577: v_circ = 2.990857 km/s
Particle 578: v_circ = 8.346700 km/s
Particle 579: v_circ = 13.465751 km/s
Particle 580: v_circ = 5.117359 km/s
Particle 581: v_circ = 4.782199 km/s
Particle 582: v_circ = 1.815696 km/s
Particle 583: v_circ = 6.620922 km/s
Particle 584: v_circ = 8.533039 km/s
Particle 585: v_circ = 3.993525 km/s
Particle 586: v_circ = 8.759744 km/s
Particle 587: v_circ = 3.844279 km/s
Particle 588: v_circ = 4.169983 km/s
Particle 589: v_circ = 3.641013 km/s
Particle 590: v_circ = 7.202436 km/s
Particle 591: v_circ = 1.805680 km/s
Particle 592: v_circ = 3.841600 km/s
Particle 593: v_circ = 6.131266 km/s
Particle 594: v_circ = 9.884791 km/s
Particle 595: v_circ = 7.437710 km/s
Particle 596: v_circ = 6.130568 km/s
Particle 597: v_circ = 5.338700 km/s
Particle 598: v_circ = 2.345349 km/s
Particle 599: v_circ = 13.104712 km/s
Particle 600: v_circ = 8.254002 km/s
Particle 601: v_circ = 3.433893 km/s
Particle 602: v_circ = 5.542530 km/s
Particle 603: v_circ = 2.419466 km/s
Particle 604: v_circ = 2.225930 km/s
Particle 605: v_circ = 6.952001 km/s
Particle 606: v_circ = 10.041981 km/s
Particle 607: v_circ = 2.566139 km/s
Particle 608: v_circ = 4.973690 km/s
Particle 609: v_circ = 4.963505 km/s
Particle 610: v_circ = 5.208265 km/s
Particle 611: v_circ = 3.902114 km/s
Particle 612: v_circ = 6.131601 km/s
Particle 613: v_circ = 13.455841 km/s
Particle 614: v_circ = 3.066747 km/s
Particle 615: v_circ = 2.444969 km/s
Particle 616: v_circ = 5.718017 km/s
Particle 617: v_circ = 8.205205 km/s
Particle 618: v_circ = 2.669884 km/s
Particle 619: v_circ = 4.739451 km/s
Particle 620: v_circ = 6.078929 km/s
Particle 621: v_circ = 3.966288 km/s
Particle 622: v_circ = 1.963853 km/s
Particle 623: v_circ = 0.974258 km/s
Particle 624: v_circ = 9.585423 km/s
Particle 625: v_circ = 12.927173 km/s
Particle 626: v_circ = 6.654036 km/s
Particle 627: v_circ = 5.426508 km/s
Particle 628: v_circ = 11.051909 km/s
Particle 629: v_circ = 1.628484 km/s
Particle 630: v_circ = 3.937376 km/s
Particle 631: v_circ = 4.543951 km/s
Particle 632: v_circ = 5.311201 km/s
Particle 633: v_circ = 0.367335 km/s
Particle 634: v_circ = 1.585383 km/s
Particle 635: v_circ = 5.347155 km/s
Particle 636: v_circ = 6.409973 km/s
Particle 637: v_circ = 9.191313 km/s
Particle 638: v_circ = 10.713528 km/s
Particle 639: v_circ = 1.200506 km/s
Particle 640: v_circ = 9.703600 km/s
Particle 641: v_circ = 1.994744 km/s
Particle 642: v_circ = 3.797041 km/s
Particle 643: v_circ = 3.321190 km/s
Particle 644: v_circ = 6.130093 km/s
Particle 645: v_circ = 6.744920 km/s
Particle 646: v_circ = 3.034329 km/s
Particle 647: v_circ = 5.837097 km/s
Particle 648: v_circ = 10.335122 km/s
Particle 649: v_circ = 2.041973 km/s
Particle 650: v_circ = 1.211090 km/s
Particle 651: v_circ = 3.327208 km/s
Particle 652: v_circ = 11.111574 km/s
Particle 653: v_circ = 2.819421 km/s
Particle 654: v_circ = 6.285572 km/s
Particle 655: v_circ = 3.869338 km/s
Particle 656: v_circ = 6.185217 km/s
Particle 657: v_circ = 4.171360 km/s
Particle 658: v_circ = 11.391672 km/s
Particle 659: v_circ = 3.732885 km/s
Particle 660: v_circ = 2.859654 km/s
Particle 661: v_circ = 6.095111 km/s
Particle 662: v_circ = 5.080632 km/s
Particle 663: v_circ = 14.455230 km/s
Particle 664: v_circ = 1.643335 km/s
Particle 665: v_circ = 3.177050 km/s
Particle 666: v_circ = 3.639945 km/s
Particle 667: v_circ = 4.436050 km/s
Particle 668: v_circ = 12.916758 km/s
Particle 669: v_circ = 3.564859 km/s
Particle 670: v_circ = 13.204240 km/s
Particle 671: v_circ = 3.309367 km/s
Particle 672: v_circ = 9.288590 km/s
Particle 673: v_circ = 7.544000 km/s
Particle 674: v_circ = 2.700619 km/s
Particle 675: v_circ = 7.311550 km/s
Particle 676: v_circ = 8.628496 km/s
Particle 677: v_circ = 2.472654 km/s
Particle 678: v_circ = 3.697874 km/s
Particle 679: v_circ = 9.222556 km/s
Particle 680: v_circ = 4.071988 km/s
Particle 681: v_circ = 5.794849 km/s
Particle 682: v_circ = 14.033111 km/s
Particle 683: v_circ = 10.468871 km/s
Particle 684: v_circ = 4.009198 km/s
Particle 685: v_circ = 7.701778 km/s
Particle 686: v_circ = 3.972569 km/s
Particle 687: v_circ = 6.483959 km/s
Particle 688: v_circ = 3.500127 km/s
Particle 689: v_circ = 8.971414 km/s
Particle 690: v_circ = 4.851788 km/s
Particle 691: v_circ = 7.505472 km/s
Particle 692: v_circ = 7.957510 km/s
Particle 693: v_circ = 10.511360 km/s
Particle 694: v_circ = 8.549780 km/s
Particle 695: v_circ = 3.157086 km/s
Particle 696: v_circ = 4.181687 km/s
Particle 697: v_circ = 1.724406 km/s
Particle 698: v_circ = 11.247172 km/s
Particle 699: v_circ = 5.911081 km/s
Particle 700: v_circ = 6.875605 km/s
Particle 701: v_circ = 1.774334 km/s
Particle 702: v_circ = 9.555369 km/s
Particle 703: v_circ = 1.036832 km/s
Particle 704: v_circ = 4.489932 km/s
Particle 705: v_circ = 3.328845 km/s
Particle 706: v_circ = 10.740886 km/s
Particle 707: v_circ = 1.332226 km/s
Particle 708: v_circ = 3.809686 km/s
Particle 709: v_circ = 2.922322 km/s
Particle 710: v_circ = 9.880122 km/s
Particle 711: v_circ = 0.447141 km/s
Particle 712: v_circ = 4.815268 km/s
Particle 713: v_circ = 3.088272 km/s
Particle 714: v_circ = 8.685443 km/s
Particle 715: v_circ = 5.656307 km/s
Particle 716: v_circ = 2.538929 km/s
Particle 717: v_circ = 6.056938 km/s
Particle 718: v_circ = 9.181837 km/s
Particle 719: v_circ = 7.023672 km/s
Particle 720: v_circ = 2.386287 km/s
Particle 721: v_circ = 7.435992 km/s
Particle 722: v_circ = 1.543801 km/s
Particle 723: v_circ = 3.573120 km/s
Particle 724: v_circ = 3.003225 km/s
Particle 725: v_circ = 1.500563 km/s
Particle 726: v_circ = 13.660105 km/s
Particle 727: v_circ = 9.750966 km/s
Particle 728: v_circ = 2.656425 km/s
Particle 729: v_circ = 2.975997 km/s
Particle 730: v_circ = 8.384966 km/s
Particle 731: v_circ = 3.108661 km/s
Particle 732: v_circ = 6.841475 km/s
Particle 733: v_circ = 10.046654 km/s
Particle 734: v_circ = 14.577309 km/s
Particle 735: v_circ = 5.468859 km/s
Particle 736: v_circ = 0.307674 km/s
Particle 737: v_circ = 6.882853 km/s
Particle 738: v_circ = 3.663552 km/s
Particle 739: v_circ = 6.687700 km/s
Particle 740: v_circ = 8.255163 km/s
Particle 741: v_circ = 11.903624 km/s
Particle 742: v_circ = 2.424992 km/s
Particle 743: v_circ = 5.246877 km/s
Particle 744: v_circ = 9.308968 km/s
Particle 745: v_circ = 10.376403 km/s
Particle 746: v_circ = 1.989866 km/s
Particle 747: v_circ = 8.564495 km/s
Particle 748: v_circ = 12.169409 km/s
Particle 749: v_circ = 9.017859 km/s
Particle 750: v_circ = 7.217161 km/s
Particle 751: v_circ = 3.792943 km/s
Particle 752: v_circ = 5.103641 km/s
Particle 753: v_circ = 2.363091 km/s
Particle 754: v_circ = 12.647165 km/s
Particle 755: v_circ = 11.123848 km/s
Particle 756: v_circ = 4.328199 km/s
Particle 757: v_circ = 8.728994 km/s
Particle 758: v_circ = 5.209502 km/s
Particle 759: v_circ = 13.964773 km/s
Particle 760: v_circ = 13.713274 km/s
Particle 761: v_circ = 10.851555 km/s
Particle 762: v_circ = 6.645096 km/s
Particle 763: v_circ = 1.937455 km/s
Particle 764: v_circ = 2.530112 km/s
Particle 765: v_circ = 3.219295 km/s
Particle 766: v_circ = 2.561350 km/s
Particle 767: v_circ = 4.927777 km/s
Particle 768: v_circ = 0.885811 km/s
Particle 769: v_circ = 7.298732 km/s
Particle 770: v_circ = 6.478947 km/s
Particle 771: v_circ = 4.803784 km/s
Particle 772: v_circ = 2.229869 km/s
Particle 773: v_circ = 4.854737 km/s
Particle 774: v_circ = 4.989822 km/s
Particle 775: v_circ = 4.146272 km/s
Particle 776: v_circ = 4.275242 km/s
Particle 777: v_circ = 6.797687 km/s
Particle 778: v_circ = 13.740599 km/s
Particle 779: v_circ = 5.369543 km/s
Particle 780: v_circ = 6.439664 km/s
Particle 781: v_circ = 5.296039 km/s
Particle 782: v_circ = 7.675235 km/s
Particle 783: v_circ = 3.424390 km/s
Particle 784: v_circ = 6.235021 km/s
Particle 785: v_circ = 5.596720 km/s
Particle 786: v_circ = 7.273925 km/s
Particle 787: v_circ = 5.113998 km/s
Particle 788: v_circ = 4.840711 km/s
Particle 789: v_circ = 10.402314 km/s
Particle 790: v_circ = 11.351927 km/s
Particle 791: v_circ = 3.600657 km/s
Particle 792: v_circ = 8.742307 km/s
Particle 793: v_circ = 4.455554 km/s
Particle 794: v_circ = 2.602564 km/s
Particle 795: v_circ = 12.414980 km/s
Particle 796: v_circ = 10.374818 km/s
Particle 797: v_circ = 4.680287 km/s
Particle 798: v_circ = 5.527362 km/s
Particle 799: v_circ = 1.655038 km/s
Particle 800: v_circ = 3.393187 km/s
Particle 801: v_circ = 3.848636 km/s
Particle 802: v_circ = 5.457609 km/s
Particle 803: v_circ = 5.708976 km/s
Particle 804: v_circ = 1.883567 km/s
Particle 805: v_circ = 7.700934 km/s
Particle 806: v_circ = 4.226792 km/s
Particle 807: v_circ = 8.306722 km/s
Particle 808: v_circ = 3.438686 km/s
Particle 809: v_circ = 7.729513 km/s
Particle 810: v_circ = 6.496392 km/s
Particle 811: v_circ = 2.395735 km/s
Particle 812: v_circ = 6.235084 km/s
Particle 813: v_circ = 7.327726 km/s
Particle 814: v_circ = 6.334858 km/s
Particle 815: v_circ = 5.254631 km/s
Particle 816: v_circ = 9.737314 km/s
Particle 817: v_circ = 8.109325 km/s
Particle 818: v_circ = 7.766369 km/s
Particle 819: v_circ = 4.312572 km/s
Particle 820: v_circ = 1.805622 km/s
Particle 821: v_circ = 1.639814 km/s
Particle 822: v_circ = 5.579806 km/s
Particle 823: v_circ = 5.167924 km/s
Particle 824: v_circ = 7.047259 km/s
Particle 825: v_circ = 7.162712 km/s
Particle 826: v_circ = 2.182109 km/s
Particle 827: v_circ = 4.381229 km/s
Particle 828: v_circ = 5.996232 km/s
Particle 829: v_circ = 1.988556 km/s
Particle 830: v_circ = 2.627716 km/s
Particle 831: v_circ = 2.605342 km/s
Particle 832: v_circ = 4.392665 km/s
Particle 833: v_circ = 9.362215 km/s
Particle 834: v_circ = 14.731402 km/s
Particle 835: v_circ = 8.824141 km/s
Particle 836: v_circ = 8.773148 km/s
Particle 837: v_circ = 5.372145 km/s
Particle 838: v_circ = 4.787629 km/s
Particle 839: v_circ = 5.405119 km/s
Particle 840: v_circ = 5.032807 km/s
Particle 841: v_circ = 10.275517 km/s
Particle 842: v_circ = 6.786565 km/s
Particle 843: v_circ = 5.488715 km/s
Particle 844: v_circ = 9.436534 km/s
Particle 845: v_circ = 0.891774 km/s
Particle 846: v_circ = 4.428606 km/s
Particle 847: v_circ = 7.474952 km/s
Particle 848: v_circ = 2.708320 km/s
Particle 849: v_circ = 6.224138 km/s
Particle 850: v_circ = 2.108704 km/s
Particle 851: v_circ = 4.071924 km/s
Particle 852: v_circ = 9.732642 km/s
Particle 853: v_circ = 3.398642 km/s
Particle 854: v_circ = 7.779916 km/s
Particle 855: v_circ = 8.155204 km/s
Particle 856: v_circ = 1.892115 km/s
Particle 857: v_circ = 2.201192 km/s
Particle 858: v_circ = 6.989084 km/s
Particle 859: v_circ = 4.583429 km/s
Particle 860: v_circ = 10.092431 km/s
Particle 861: v_circ = 4.768707 km/s
Particle 862: v_circ = 8.222538 km/s
Particle 863: v_circ = 10.078183 km/s
Particle 864: v_circ = 4.950449 km/s
Particle 865: v_circ = 8.117508 km/s
Particle 866: v_circ = 2.862097 km/s
Particle 867: v_circ = 3.258315 km/s
Particle 868: v_circ = 4.929159 km/s
Particle 869: v_circ = 5.797045 km/s
Particle 870: v_circ = 11.355342 km/s
Particle 871: v_circ = 2.349066 km/s
Particle 872: v_circ = 7.835990 km/s
Particle 873: v_circ = 9.180201 km/s
Particle 874: v_circ = 5.551446 km/s
Particle 875: v_circ = 9.402678 km/s
Particle 876: v_circ = 10.642768 km/s
Particle 877: v_circ = 7.183283 km/s
Particle 878: v_circ = 7.409781 km/s
Particle 879: v_circ = 5.815079 km/s
Particle 880: v_circ = 10.606015 km/s
Particle 881: v_circ = 5.419020 km/s
Particle 882: v_circ = 7.037527 km/s
Particle 883: v_circ = 7.522523 km/s
Particle 884: v_circ = 3.393575 km/s
Particle 885: v_circ = 10.910194 km/s
Particle 886: v_circ = 5.678807 km/s
Particle 887: v_circ = 5.679233 km/s
Particle 888: v_circ = 6.068041 km/s
Particle 889: v_circ = 8.673010 km/s
Particle 890: v_circ = 4.292953 km/s
Particle 891: v_circ = 2.275252 km/s
Particle 892: v_circ = 5.825184 km/s
Particle 893: v_circ = 1.559547 km/s
Particle 894: v_circ = 10.485251 km/s
Particle 895: v_circ = 3.806733 km/s
Particle 896: v_circ = 5.282045 km/s
Particle 897: v_circ = 8.803404 km/s
Particle 898: v_circ = 3.544785 km/s
Particle 899: v_circ = 12.570036 km/s
Particle 900: v_circ = 8.705686 km/s
Particle 901: v_circ = 6.494137 km/s
Particle 902: v_circ = 2.111950 km/s
Particle 903: v_circ = 7.442419 km/s
Particle 904: v_circ = 3.763838 km/s
Particle 905: v_circ = 1.404570 km/s
Particle 906: v_circ = 9.191894 km/s
Particle 907: v_circ = 4.327605 km/s
Particle 908: v_circ = 5.942011 km/s
Particle 909: v_circ = 6.727922 km/s
Particle 910: v_circ = 2.613917 km/s
Particle 911: v_circ = 12.628481 km/s
Particle 912: v_circ = 6.873584 km/s
Particle 913: v_circ = 3.531745 km/s
Particle 914: v_circ = 2.671724 km/s
Particle 915: v_circ = 7.509012 km/s
Particle 916: v_circ = 7.013347 km/s
Particle 917: v_circ = 10.153420 km/s
Particle 918: v_circ = 1.682106 km/s
Particle 919: v_circ = 2.512400 km/s
Particle 920: v_circ = 8.498131 km/s
Particle 921: v_circ = 2.639253 km/s
Particle 922: v_circ = 5.360058 km/s
Particle 923: v_circ = 4.814848 km/s
Particle 924: v_circ = 5.918520 km/s
Particle 925: v_circ = 4.120627 km/s
Particle 926: v_circ = 5.191161 km/s
Particle 927: v_circ = 6.775765 km/s
Particle 928: v_circ = 7.958857 km/s
Particle 929: v_circ = 9.410986 km/s
Particle 930: v_circ = 5.382929 km/s
Particle 931: v_circ = 3.053648 km/s
Particle 932: v_circ = 6.357016 km/s
Particle 933: v_circ = 0.982504 km/s
Particle 934: v_circ = 2.453616 km/s
Particle 935: v_circ = 3.515072 km/s
Particle 936: v_circ = 3.648816 km/s
Particle 937: v_circ = 6.927949 km/s
Particle 938: v_circ = 11.901769 km/s
Particle 939: v_circ = 6.681363 km/s
Particle 940: v_circ = 8.002601 km/s
Particle 941: v_circ = 2.943332 km/s
Particle 942: v_circ = 9.728464 km/s
Particle 943: v_circ = 2.999052 km/s
Particle 944: v_circ = 8.807506 km/s
Particle 945: v_circ = 5.729053 km/s
Particle 946: v_circ = 8.959722 km/s
Particle 947: v_circ = 5.114171 km/s
Particle 948: v_circ = 2.877105 km/s
Particle 949: v_circ = 4.193578 km/s
Particle 950: v_circ = 5.213870 km/s
Particle 951: v_circ = 5.921649 km/s
Particle 952: v_circ = 4.219469 km/s
Particle 953: v_circ = 13.511278 km/s
Particle 954: v_circ = 9.644418 km/s
Particle 955: v_circ = 2.508336 km/s
Particle 956: v_circ = 4.176435 km/s
Particle 957: v_circ = 9.593799 km/s
Particle 958: v_circ = 8.956033 km/s
Particle 959: v_circ = 8.518601 km/s
Particle 960: v_circ = 2.548941 km/s
Particle 961: v_circ = 3.015156 km/s
Particle 962: v_circ = 6.310249 km/s
Particle 963: v_circ = 4.515081 km/s
Particle 964: v_circ = 5.779399 km/s
Particle 965: v_circ = 4.056959 km/s
Particle 966: v_circ = 4.579785 km/s
Particle 967: v_circ = 6.809469 km/s
Particle 968: v_circ = 3.634872 km/s
Particle 969: v_circ = 8.946029 km/s
Particle 970: v_circ = 6.517172 km/s
Particle 971: v_circ = 4.117666 km/s
Particle 972: v_circ = 12.939357 km/s
Particle 973: v_circ = 6.207832 km/s
Particle 974: v_circ = 7.990121 km/s
Particle 975: v_circ = 4.461877 km/s
Particle 976: v_circ = 4.724874 km/s
Particle 977: v_circ = 3.576078 km/s
Particle 978: v_circ = 1.764369 km/s
Particle 979: v_circ = 13.496778 km/s
Particle 980: v_circ = 11.267190 km/s
Particle 981: v_circ = 3.035600 km/s
Particle 982: v_circ = 4.758463 km/s
Particle 983: v_circ = 5.211574 km/s
Particle 984: v_circ = 7.335378 km/s
Particle 985: v_circ = 3.716765 km/s
Particle 986: v_circ = 14.447705 km/s
Particle 987: v_circ = 2.066304 km/s
Particle 988: v_circ = 3.542083 km/s
Particle 989: v_circ = 1.966186 km/s
Particle 990: v_circ = 2.778367 km/s
Particle 991: v_circ = 10.920702 km/s
Particle 992: v_circ = 6.823850 km/s
Particle 993: v_circ = 2.998828 km/s
Particle 994: v_circ = 5.609268 km/s
Particle 995: v_circ = 4.846454 km/s
Particle 996: v_circ = 8.247550 km/s
Particle 997: v_circ = 0.702047 km/s
Particle 998: v_circ = 13.443798 km/s
Particle 999: v_circ = 3.689116 km/s
Mean r: 0.078 kpc
lambda_dB crossing time: 127.445 Myr
Fastest beat period T_c: 15.443 Myr
dt: 0.008 Gyr
Number of time steps: 1295
Ramp time: 0.000 Gyr, no_ramp_steps: 0
  init 53.6 s
  step 0: 1 force calls, t 0.0000000000e+00 -> 3.3510137636e-04, rho 8.6 s, acc 14.0 s   <-- compile happens here on a cold cache
  step 1: 1 force calls, t 3.3510137636e-04 -> 6.7020275271e-04, rho 7.4 s, acc 10.0 s
  step 2: 1 force calls, t 6.7020275271e-04 -> 1.0053041291e-03, rho 7.4 s, acc 10.0 s

======================================================================
INSTANCE 0  vs  INSTANCE 1
======================================================================
  dt                 identical
  pos_0              identical
  vel_0              identical
  --- step 0 ---
  rho_0              identical
  acc_0              identical
  t_before_0         identical
  force_calls_0      identical
  t_after_0          identical
  pos_1              identical
  vel_1              identical
  --- step 1 ---
  rho_1              identical
  acc_1              identical
  t_before_1         identical
  force_calls_1      identical
  t_after_1          identical
  pos_2              identical
  vel_2              identical
  --- step 2 ---
  rho_2              identical
  acc_2              identical
  t_before_2         identical
  force_calls_2      identical
  t_after_2          identical
  pos_3              identical
  vel_3              identical

======================================================================
VERDICT
======================================================================
No divergence in 3 steps. Two instances in one process are
bit-identical, so `for i in range(2)` alone does not reproduce it either. The
cause is something that differed between the two reproduc runs but not here -
next suspects are the checkpoint round trip (run_0 and run_1 wrote and could
have resumed from different files) and anything that changed on the node
between them.

############################################################
# ARM 2: nocache  (both instances compile from scratch)
############################################################
jax 0.10.2, devices [CudaDevice(id=0)]
XLA_FLAGS = (unset)
steps per instance: 3

======================================================================
instance 0
======================================================================
Loading precomputed R_j_r from /gpfs/home/jd925/Adding_stellar_masses/simple_sim/../precomputed_wf/precomputed_R_j_r_m22_10_rbins_1000.npz...
No r_cut set - keeping the full radial grid out to 441 kpc (1000 bins).
l max from jaxsp: 240
Radial-mode pruning: nothing to drop, all 28658 modes have l < L_max_out.
Eigenmode library uploaded: 0.47 GB, on a single device.
(l, m) pairs to solve for: 58081 (l = 0 .. 480)
Particle 0: v_circ = 4.633794 km/s
Particle 1: v_circ = 1.064630 km/s
Particle 2: v_circ = 5.855643 km/s
Particle 3: v_circ = 7.545734 km/s
Particle 4: v_circ = 7.030179 km/s
Particle 5: v_circ = 6.543662 km/s
Particle 6: v_circ = 6.551072 km/s
Particle 7: v_circ = 6.032748 km/s
Particle 8: v_circ = 3.267120 km/s
Particle 9: v_circ = 3.452974 km/s
Particle 10: v_circ = 3.304547 km/s
Particle 11: v_circ = 1.749328 km/s
Particle 12: v_circ = 7.484322 km/s
Particle 13: v_circ = 8.837935 km/s
Particle 14: v_circ = 5.988234 km/s
Particle 15: v_circ = 3.225140 km/s
Particle 16: v_circ = 1.214538 km/s
Particle 17: v_circ = 6.390276 km/s
Particle 18: v_circ = 3.163680 km/s
Particle 19: v_circ = 12.566310 km/s
Particle 20: v_circ = 5.401852 km/s
Particle 21: v_circ = 2.364125 km/s
Particle 22: v_circ = 6.060141 km/s
Particle 23: v_circ = 8.652187 km/s
Particle 24: v_circ = 4.529029 km/s
Particle 25: v_circ = 14.600978 km/s
Particle 26: v_circ = 5.583115 km/s
Particle 27: v_circ = 2.478271 km/s
Particle 28: v_circ = 5.354239 km/s
Particle 29: v_circ = 3.012704 km/s
Particle 30: v_circ = 3.230352 km/s
Particle 31: v_circ = 4.424249 km/s
Particle 32: v_circ = 3.647270 km/s
Particle 33: v_circ = 4.566751 km/s
Particle 34: v_circ = 1.890017 km/s
Particle 35: v_circ = 2.929886 km/s
Particle 36: v_circ = 5.390500 km/s
Particle 37: v_circ = 7.551358 km/s
Particle 38: v_circ = 13.415039 km/s
Particle 39: v_circ = 4.058128 km/s
Particle 40: v_circ = 7.195851 km/s
Particle 41: v_circ = 5.550695 km/s
Particle 42: v_circ = 4.121552 km/s
Particle 43: v_circ = 2.740746 km/s
Particle 44: v_circ = 6.020458 km/s
Particle 45: v_circ = 3.948785 km/s
Particle 46: v_circ = 1.621521 km/s
Particle 47: v_circ = 9.392291 km/s
Particle 48: v_circ = 3.757969 km/s
Particle 49: v_circ = 5.371567 km/s
Particle 50: v_circ = 6.992327 km/s
Particle 51: v_circ = 6.155327 km/s
Particle 52: v_circ = 1.701710 km/s
Particle 53: v_circ = 8.206844 km/s
Particle 54: v_circ = 7.171479 km/s
Particle 55: v_circ = 3.331657 km/s
Particle 56: v_circ = 3.632027 km/s
Particle 57: v_circ = 4.289237 km/s
Particle 58: v_circ = 2.272480 km/s
Particle 59: v_circ = 2.945991 km/s
Particle 60: v_circ = 3.939780 km/s
Particle 61: v_circ = 6.479140 km/s
Particle 62: v_circ = 12.024038 km/s
Particle 63: v_circ = 1.958911 km/s
Particle 64: v_circ = 15.344476 km/s
Particle 65: v_circ = 3.891274 km/s
Particle 66: v_circ = 3.889325 km/s
Particle 67: v_circ = 3.302161 km/s
Particle 68: v_circ = 4.324692 km/s
Particle 69: v_circ = 4.145390 km/s
Particle 70: v_circ = 2.392204 km/s
Particle 71: v_circ = 3.848192 km/s
Particle 72: v_circ = 1.085369 km/s
Particle 73: v_circ = 3.968749 km/s
Particle 74: v_circ = 5.401734 km/s
Particle 75: v_circ = 3.991771 km/s
Particle 76: v_circ = 8.472373 km/s
Particle 77: v_circ = 8.218217 km/s
Particle 78: v_circ = 2.932756 km/s
Particle 79: v_circ = 7.951617 km/s
Particle 80: v_circ = 6.144644 km/s
Particle 81: v_circ = 4.464727 km/s
Particle 82: v_circ = 11.611115 km/s
Particle 83: v_circ = 4.432246 km/s
Particle 84: v_circ = 4.716842 km/s
Particle 85: v_circ = 2.666180 km/s
Particle 86: v_circ = 7.039136 km/s
Particle 87: v_circ = 4.537669 km/s
Particle 88: v_circ = 15.148975 km/s
Particle 89: v_circ = 4.352078 km/s
Particle 90: v_circ = 8.072376 km/s
Particle 91: v_circ = 3.674405 km/s
Particle 92: v_circ = 2.582717 km/s
Particle 93: v_circ = 9.926618 km/s
Particle 94: v_circ = 6.966127 km/s
Particle 95: v_circ = 3.431723 km/s
Particle 96: v_circ = 3.766744 km/s
Particle 97: v_circ = 14.295470 km/s
Particle 98: v_circ = 5.677255 km/s
Particle 99: v_circ = 4.962501 km/s
Particle 100: v_circ = 2.943505 km/s
Particle 101: v_circ = 8.262162 km/s
Particle 102: v_circ = 4.436720 km/s
Particle 103: v_circ = 0.613386 km/s
Particle 104: v_circ = 3.788653 km/s
Particle 105: v_circ = 3.599723 km/s
Particle 106: v_circ = 8.471759 km/s
Particle 107: v_circ = 2.331209 km/s
Particle 108: v_circ = 1.855692 km/s
Particle 109: v_circ = 1.391648 km/s
Particle 110: v_circ = 8.123786 km/s
Particle 111: v_circ = 5.188990 km/s
Particle 112: v_circ = 8.839335 km/s
Particle 113: v_circ = 8.411390 km/s
Particle 114: v_circ = 3.310109 km/s
Particle 115: v_circ = 3.310931 km/s
Particle 116: v_circ = 5.279466 km/s
Particle 117: v_circ = 3.769766 km/s
Particle 118: v_circ = 3.226746 km/s
Particle 119: v_circ = 1.949859 km/s
Particle 120: v_circ = 9.078720 km/s
Particle 121: v_circ = 3.194392 km/s
Particle 122: v_circ = 6.308824 km/s
Particle 123: v_circ = 5.388285 km/s
Particle 124: v_circ = 2.575468 km/s
Particle 125: v_circ = 2.016658 km/s
Particle 126: v_circ = 5.857583 km/s
Particle 127: v_circ = 9.823382 km/s
Particle 128: v_circ = 2.203840 km/s
Particle 129: v_circ = 9.906428 km/s
Particle 130: v_circ = 4.138785 km/s
Particle 131: v_circ = 5.316802 km/s
Particle 132: v_circ = 4.708156 km/s
Particle 133: v_circ = 2.784916 km/s
Particle 134: v_circ = 2.526212 km/s
Particle 135: v_circ = 7.415103 km/s
Particle 136: v_circ = 5.717071 km/s
Particle 137: v_circ = 10.640983 km/s
Particle 138: v_circ = 10.615930 km/s
Particle 139: v_circ = 10.940293 km/s
Particle 140: v_circ = 11.987093 km/s
Particle 141: v_circ = 4.103001 km/s
Particle 142: v_circ = 6.226069 km/s
Particle 143: v_circ = 3.736218 km/s
Particle 144: v_circ = 12.494808 km/s
Particle 145: v_circ = 8.763262 km/s
Particle 146: v_circ = 1.304133 km/s
Particle 147: v_circ = 2.922027 km/s
Particle 148: v_circ = 2.495510 km/s
Particle 149: v_circ = 7.689650 km/s
Particle 150: v_circ = 14.100804 km/s
Particle 151: v_circ = 6.991167 km/s
Particle 152: v_circ = 6.894599 km/s
Particle 153: v_circ = 7.749022 km/s
Particle 154: v_circ = 7.008763 km/s
Particle 155: v_circ = 4.476582 km/s
Particle 156: v_circ = 5.024608 km/s
Particle 157: v_circ = 2.989583 km/s
Particle 158: v_circ = 4.181205 km/s
Particle 159: v_circ = 5.040576 km/s
Particle 160: v_circ = 2.952745 km/s
Particle 161: v_circ = 2.066578 km/s
Particle 162: v_circ = 3.692058 km/s
Particle 163: v_circ = 3.095053 km/s
Particle 164: v_circ = 4.143673 km/s
Particle 165: v_circ = 9.535257 km/s
Particle 166: v_circ = 5.549449 km/s
Particle 167: v_circ = 8.924459 km/s
Particle 168: v_circ = 2.279581 km/s
Particle 169: v_circ = 5.928470 km/s
Particle 170: v_circ = 1.347803 km/s
Particle 171: v_circ = 12.532693 km/s
Particle 172: v_circ = 5.434790 km/s
Particle 173: v_circ = 3.233467 km/s
Particle 174: v_circ = 11.052919 km/s
Particle 175: v_circ = 3.858906 km/s
Particle 176: v_circ = 8.419868 km/s
Particle 177: v_circ = 2.327211 km/s
Particle 178: v_circ = 8.983995 km/s
Particle 179: v_circ = 8.016132 km/s
Particle 180: v_circ = 4.978144 km/s
Particle 181: v_circ = 8.176589 km/s
Particle 182: v_circ = 7.130365 km/s
Particle 183: v_circ = 9.499650 km/s
Particle 184: v_circ = 5.798559 km/s
Particle 185: v_circ = 8.138373 km/s
Particle 186: v_circ = 7.325104 km/s
Particle 187: v_circ = 2.495000 km/s
Particle 188: v_circ = 10.224323 km/s
Particle 189: v_circ = 1.972637 km/s
Particle 190: v_circ = 0.700489 km/s
Particle 191: v_circ = 6.293753 km/s
Particle 192: v_circ = 5.814894 km/s
Particle 193: v_circ = 9.525971 km/s
Particle 194: v_circ = 1.427463 km/s
Particle 195: v_circ = 4.522497 km/s
Particle 196: v_circ = 5.937095 km/s
Particle 197: v_circ = 6.904495 km/s
Particle 198: v_circ = 3.433619 km/s
Particle 199: v_circ = 3.941116 km/s
Particle 200: v_circ = 1.526300 km/s
Particle 201: v_circ = 3.101975 km/s
Particle 202: v_circ = 9.012083 km/s
Particle 203: v_circ = 1.643231 km/s
Particle 204: v_circ = 1.853376 km/s
Particle 205: v_circ = 8.183256 km/s
Particle 206: v_circ = 4.096519 km/s
Particle 207: v_circ = 6.083767 km/s
Particle 208: v_circ = 2.844449 km/s
Particle 209: v_circ = 6.032179 km/s
Particle 210: v_circ = 5.562934 km/s
Particle 211: v_circ = 6.862146 km/s
Particle 212: v_circ = 2.372149 km/s
Particle 213: v_circ = 8.402226 km/s
Particle 214: v_circ = 10.867075 km/s
Particle 215: v_circ = 6.691504 km/s
Particle 216: v_circ = 11.226259 km/s
Particle 217: v_circ = 9.355067 km/s
Particle 218: v_circ = 5.655479 km/s
Particle 219: v_circ = 8.951730 km/s
Particle 220: v_circ = 7.608791 km/s
Particle 221: v_circ = 9.281893 km/s
Particle 222: v_circ = 4.281843 km/s
Particle 223: v_circ = 6.986502 km/s
Particle 224: v_circ = 4.800493 km/s
Particle 225: v_circ = 5.822611 km/s
Particle 226: v_circ = 4.408413 km/s
Particle 227: v_circ = 8.871505 km/s
Particle 228: v_circ = 15.779496 km/s
Particle 229: v_circ = 9.832685 km/s
Particle 230: v_circ = 7.893614 km/s
Particle 231: v_circ = 3.174020 km/s
Particle 232: v_circ = 2.555607 km/s
Particle 233: v_circ = 4.551596 km/s
Particle 234: v_circ = 2.478944 km/s
Particle 235: v_circ = 6.659715 km/s
Particle 236: v_circ = 6.997743 km/s
Particle 237: v_circ = 2.381412 km/s
Particle 238: v_circ = 6.618633 km/s
Particle 239: v_circ = 1.966623 km/s
Particle 240: v_circ = 4.435769 km/s
Particle 241: v_circ = 3.080431 km/s
Particle 242: v_circ = 8.866853 km/s
Particle 243: v_circ = 2.487156 km/s
Particle 244: v_circ = 6.094792 km/s
Particle 245: v_circ = 3.410855 km/s
Particle 246: v_circ = 11.407733 km/s
Particle 247: v_circ = 5.746557 km/s
Particle 248: v_circ = 3.495186 km/s
Particle 249: v_circ = 14.223905 km/s
Particle 250: v_circ = 5.518266 km/s
Particle 251: v_circ = 6.787139 km/s
Particle 252: v_circ = 3.932994 km/s
Particle 253: v_circ = 2.949532 km/s
Particle 254: v_circ = 7.124478 km/s
Particle 255: v_circ = 8.670606 km/s
Particle 256: v_circ = 8.699455 km/s
Particle 257: v_circ = 7.730940 km/s
Particle 258: v_circ = 2.979738 km/s
Particle 259: v_circ = 4.357350 km/s
Particle 260: v_circ = 0.201750 km/s
Particle 261: v_circ = 2.308255 km/s
Particle 262: v_circ = 6.888579 km/s
Particle 263: v_circ = 4.068719 km/s
Particle 264: v_circ = 3.176578 km/s
Particle 265: v_circ = 4.543096 km/s
Particle 266: v_circ = 3.900487 km/s
Particle 267: v_circ = 3.958158 km/s
Particle 268: v_circ = 2.510350 km/s
Particle 269: v_circ = 5.563567 km/s
Particle 270: v_circ = 5.753394 km/s
Particle 271: v_circ = 11.175145 km/s
Particle 272: v_circ = 1.741116 km/s
Particle 273: v_circ = 3.752651 km/s
Particle 274: v_circ = 1.731129 km/s
Particle 275: v_circ = 3.581447 km/s
Particle 276: v_circ = 6.967211 km/s
Particle 277: v_circ = 3.670130 km/s
Particle 278: v_circ = 11.557303 km/s
Particle 279: v_circ = 12.439807 km/s
Particle 280: v_circ = 3.102815 km/s
Particle 281: v_circ = 8.212517 km/s
Particle 282: v_circ = 7.657156 km/s
Particle 283: v_circ = 2.425514 km/s
Particle 284: v_circ = 3.436627 km/s
Particle 285: v_circ = 3.546888 km/s
Particle 286: v_circ = 5.193211 km/s
Particle 287: v_circ = 4.408339 km/s
Particle 288: v_circ = 2.574281 km/s
Particle 289: v_circ = 4.302933 km/s
Particle 290: v_circ = 9.350832 km/s
Particle 291: v_circ = 5.591894 km/s
Particle 292: v_circ = 13.080701 km/s
Particle 293: v_circ = 1.069108 km/s
Particle 294: v_circ = 14.692122 km/s
Particle 295: v_circ = 4.644837 km/s
Particle 296: v_circ = 9.421341 km/s
Particle 297: v_circ = 11.362173 km/s
Particle 298: v_circ = 3.430335 km/s
Particle 299: v_circ = 8.787442 km/s
Particle 300: v_circ = 3.684900 km/s
Particle 301: v_circ = 3.763696 km/s
Particle 302: v_circ = 6.992437 km/s
Particle 303: v_circ = 3.461030 km/s
Particle 304: v_circ = 4.260030 km/s
Particle 305: v_circ = 6.385566 km/s
Particle 306: v_circ = 9.469155 km/s
Particle 307: v_circ = 6.072503 km/s
Particle 308: v_circ = 3.166795 km/s
Particle 309: v_circ = 6.769272 km/s
Particle 310: v_circ = 2.025808 km/s
Particle 311: v_circ = 1.668771 km/s
Particle 312: v_circ = 1.316694 km/s
Particle 313: v_circ = 5.639595 km/s
Particle 314: v_circ = 3.963598 km/s
Particle 315: v_circ = 6.491805 km/s
Particle 316: v_circ = 11.697190 km/s
Particle 317: v_circ = 10.665336 km/s
Particle 318: v_circ = 1.930622 km/s
Particle 319: v_circ = 5.066647 km/s
Particle 320: v_circ = 4.672491 km/s
Particle 321: v_circ = 3.774446 km/s
Particle 322: v_circ = 7.079583 km/s
Particle 323: v_circ = 7.636606 km/s
Particle 324: v_circ = 6.909498 km/s
Particle 325: v_circ = 6.425883 km/s
Particle 326: v_circ = 8.045177 km/s
Particle 327: v_circ = 9.827438 km/s
Particle 328: v_circ = 4.768945 km/s
Particle 329: v_circ = 12.006100 km/s
Particle 330: v_circ = 7.102152 km/s
Particle 331: v_circ = 10.407005 km/s
Particle 332: v_circ = 5.527967 km/s
Particle 333: v_circ = 8.564333 km/s
Particle 334: v_circ = 8.177134 km/s
Particle 335: v_circ = 7.431206 km/s
Particle 336: v_circ = 5.784908 km/s
Particle 337: v_circ = 12.101203 km/s
Particle 338: v_circ = 3.891275 km/s
Particle 339: v_circ = 10.033749 km/s
Particle 340: v_circ = 7.439518 km/s
Particle 341: v_circ = 12.150321 km/s
Particle 342: v_circ = 3.367436 km/s
Particle 343: v_circ = 13.942644 km/s
Particle 344: v_circ = 4.486409 km/s
Particle 345: v_circ = 6.239913 km/s
Particle 346: v_circ = 3.406570 km/s
Particle 347: v_circ = 2.339998 km/s
Particle 348: v_circ = 2.096207 km/s
Particle 349: v_circ = 4.359852 km/s
Particle 350: v_circ = 5.784782 km/s
Particle 351: v_circ = 6.056464 km/s
Particle 352: v_circ = 2.932992 km/s
Particle 353: v_circ = 10.376615 km/s
Particle 354: v_circ = 5.816667 km/s
Particle 355: v_circ = 6.643618 km/s
Particle 356: v_circ = 5.549600 km/s
Particle 357: v_circ = 10.299206 km/s
Particle 358: v_circ = 2.486094 km/s
Particle 359: v_circ = 2.902639 km/s
Particle 360: v_circ = 6.202101 km/s
Particle 361: v_circ = 10.479095 km/s
Particle 362: v_circ = 6.592367 km/s
Particle 363: v_circ = 3.786823 km/s
Particle 364: v_circ = 8.133690 km/s
Particle 365: v_circ = 3.642111 km/s
Particle 366: v_circ = 2.574957 km/s
Particle 367: v_circ = 5.519537 km/s
Particle 368: v_circ = 3.286514 km/s
Particle 369: v_circ = 8.078973 km/s
Particle 370: v_circ = 10.043713 km/s
Particle 371: v_circ = 2.113935 km/s
Particle 372: v_circ = 3.690958 km/s
Particle 373: v_circ = 8.495694 km/s
Particle 374: v_circ = 9.712755 km/s
Particle 375: v_circ = 4.160168 km/s
Particle 376: v_circ = 1.014283 km/s
Particle 377: v_circ = 1.502326 km/s
Particle 378: v_circ = 2.549080 km/s
Particle 379: v_circ = 7.813947 km/s
Particle 380: v_circ = 1.334047 km/s
Particle 381: v_circ = 7.437527 km/s
Particle 382: v_circ = 7.058378 km/s
Particle 383: v_circ = 7.974175 km/s
Particle 384: v_circ = 5.951436 km/s
Particle 385: v_circ = 4.247569 km/s
Particle 386: v_circ = 4.450441 km/s
Particle 387: v_circ = 8.884167 km/s
Particle 388: v_circ = 1.626064 km/s
Particle 389: v_circ = 3.342461 km/s
Particle 390: v_circ = 5.659826 km/s
Particle 391: v_circ = 3.973522 km/s
Particle 392: v_circ = 8.544380 km/s
Particle 393: v_circ = 2.206093 km/s
Particle 394: v_circ = 6.602104 km/s
Particle 395: v_circ = 2.881038 km/s
Particle 396: v_circ = 9.914730 km/s
Particle 397: v_circ = 11.688322 km/s
Particle 398: v_circ = 3.180897 km/s
Particle 399: v_circ = 2.503094 km/s
Particle 400: v_circ = 5.335115 km/s
Particle 401: v_circ = 11.704680 km/s
Particle 402: v_circ = 4.776909 km/s
Particle 403: v_circ = 4.899679 km/s
Particle 404: v_circ = 5.479364 km/s
Particle 405: v_circ = 4.641581 km/s
Particle 406: v_circ = 3.454605 km/s
Particle 407: v_circ = 9.383829 km/s
Particle 408: v_circ = 8.772906 km/s
Particle 409: v_circ = 5.936282 km/s
Particle 410: v_circ = 6.445357 km/s
Particle 411: v_circ = 5.511741 km/s
Particle 412: v_circ = 4.629329 km/s
Particle 413: v_circ = 4.952989 km/s
Particle 414: v_circ = 3.920827 km/s
Particle 415: v_circ = 7.597502 km/s
Particle 416: v_circ = 2.696579 km/s
Particle 417: v_circ = 4.272596 km/s
Particle 418: v_circ = 9.170382 km/s
Particle 419: v_circ = 4.042756 km/s
Particle 420: v_circ = 6.027493 km/s
Particle 421: v_circ = 4.148288 km/s
Particle 422: v_circ = 4.141272 km/s
Particle 423: v_circ = 7.315768 km/s
Particle 424: v_circ = 4.717004 km/s
Particle 425: v_circ = 2.337235 km/s
Particle 426: v_circ = 3.917158 km/s
Particle 427: v_circ = 3.576971 km/s
Particle 428: v_circ = 8.385319 km/s
Particle 429: v_circ = 15.726334 km/s
Particle 430: v_circ = 4.503071 km/s
Particle 431: v_circ = 2.413658 km/s
Particle 432: v_circ = 6.449076 km/s
Particle 433: v_circ = 6.117824 km/s
Particle 434: v_circ = 8.982337 km/s
Particle 435: v_circ = 4.118883 km/s
Particle 436: v_circ = 2.281730 km/s
Particle 437: v_circ = 3.913653 km/s
Particle 438: v_circ = 2.099627 km/s
Particle 439: v_circ = 2.789622 km/s
Particle 440: v_circ = 5.842671 km/s
Particle 441: v_circ = 5.977538 km/s
Particle 442: v_circ = 12.253061 km/s
Particle 443: v_circ = 2.728753 km/s
Particle 444: v_circ = 8.644661 km/s
Particle 445: v_circ = 2.148182 km/s
Particle 446: v_circ = 4.029505 km/s
Particle 447: v_circ = 5.743006 km/s
Particle 448: v_circ = 9.718737 km/s
Particle 449: v_circ = 3.630053 km/s
Particle 450: v_circ = 5.511968 km/s
Particle 451: v_circ = 2.047678 km/s
Particle 452: v_circ = 2.170027 km/s
Particle 453: v_circ = 10.244256 km/s
Particle 454: v_circ = 5.885923 km/s
Particle 455: v_circ = 7.797234 km/s
Particle 456: v_circ = 4.783701 km/s
Particle 457: v_circ = 8.719880 km/s
Particle 458: v_circ = 4.016998 km/s
Particle 459: v_circ = 9.696941 km/s
Particle 460: v_circ = 3.075730 km/s
Particle 461: v_circ = 5.587146 km/s
Particle 462: v_circ = 9.695281 km/s
Particle 463: v_circ = 3.116578 km/s
Particle 464: v_circ = 5.424214 km/s
Particle 465: v_circ = 3.528046 km/s
Particle 466: v_circ = 3.141272 km/s
Particle 467: v_circ = 6.592421 km/s
Particle 468: v_circ = 7.520022 km/s
Particle 469: v_circ = 7.179836 km/s
Particle 470: v_circ = 1.770509 km/s
Particle 471: v_circ = 9.522734 km/s
Particle 472: v_circ = 5.727927 km/s
Particle 473: v_circ = 5.417491 km/s
Particle 474: v_circ = 7.152798 km/s
Particle 475: v_circ = 2.570898 km/s
Particle 476: v_circ = 2.452464 km/s
Particle 477: v_circ = 2.678182 km/s
Particle 478: v_circ = 8.388663 km/s
Particle 479: v_circ = 3.776315 km/s
Particle 480: v_circ = 7.460112 km/s
Particle 481: v_circ = 1.512288 km/s
Particle 482: v_circ = 11.262366 km/s
Particle 483: v_circ = 5.404331 km/s
Particle 484: v_circ = 12.047443 km/s
Particle 485: v_circ = 5.468202 km/s
Particle 486: v_circ = 6.359967 km/s
Particle 487: v_circ = 6.111925 km/s
Particle 488: v_circ = 2.845125 km/s
Particle 489: v_circ = 4.459396 km/s
Particle 490: v_circ = 4.549056 km/s
Particle 491: v_circ = 14.100520 km/s
Particle 492: v_circ = 3.694213 km/s
Particle 493: v_circ = 4.222396 km/s
Particle 494: v_circ = 5.278261 km/s
Particle 495: v_circ = 8.095730 km/s
Particle 496: v_circ = 9.638398 km/s
Particle 497: v_circ = 5.275979 km/s
Particle 498: v_circ = 2.608960 km/s
Particle 499: v_circ = 3.285886 km/s
Particle 500: v_circ = 6.245977 km/s
Particle 501: v_circ = 11.882724 km/s
Particle 502: v_circ = 5.553401 km/s
Particle 503: v_circ = 12.098379 km/s
Particle 504: v_circ = 1.070852 km/s
Particle 505: v_circ = 5.409778 km/s
Particle 506: v_circ = 4.469515 km/s
Particle 507: v_circ = 6.902026 km/s
Particle 508: v_circ = 5.530441 km/s
Particle 509: v_circ = 3.579380 km/s
Particle 510: v_circ = 2.887784 km/s
Particle 511: v_circ = 4.535201 km/s
Particle 512: v_circ = 5.117396 km/s
Particle 513: v_circ = 8.728095 km/s
Particle 514: v_circ = 2.565312 km/s
Particle 515: v_circ = 3.990132 km/s
Particle 516: v_circ = 3.133896 km/s
Particle 517: v_circ = 2.016545 km/s
Particle 518: v_circ = 9.650972 km/s
Particle 519: v_circ = 2.512925 km/s
Particle 520: v_circ = 1.076472 km/s
Particle 521: v_circ = 1.320186 km/s
Particle 522: v_circ = 4.154076 km/s
Particle 523: v_circ = 4.671628 km/s
Particle 524: v_circ = 9.467222 km/s
Particle 525: v_circ = 3.726701 km/s
Particle 526: v_circ = 7.640941 km/s
Particle 527: v_circ = 2.802250 km/s
Particle 528: v_circ = 6.247948 km/s
Particle 529: v_circ = 4.508978 km/s
Particle 530: v_circ = 2.788020 km/s
Particle 531: v_circ = 6.752324 km/s
Particle 532: v_circ = 5.684019 km/s
Particle 533: v_circ = 9.205493 km/s
Particle 534: v_circ = 3.855265 km/s
Particle 535: v_circ = 12.119863 km/s
Particle 536: v_circ = 4.814344 km/s
Particle 537: v_circ = 1.689854 km/s
Particle 538: v_circ = 7.196106 km/s
Particle 539: v_circ = 7.669836 km/s
Particle 540: v_circ = 10.492830 km/s
Particle 541: v_circ = 7.962132 km/s
Particle 542: v_circ = 10.814591 km/s
Particle 543: v_circ = 6.320476 km/s
Particle 544: v_circ = 8.073285 km/s
Particle 545: v_circ = 4.319141 km/s
Particle 546: v_circ = 9.823069 km/s
Particle 547: v_circ = 14.066888 km/s
Particle 548: v_circ = 6.422553 km/s
Particle 549: v_circ = 7.435756 km/s
Particle 550: v_circ = 2.693801 km/s
Particle 551: v_circ = 5.282402 km/s
Particle 552: v_circ = 10.482361 km/s
Particle 553: v_circ = 3.387870 km/s
Particle 554: v_circ = 2.456010 km/s
Particle 555: v_circ = 9.282792 km/s
Particle 556: v_circ = 2.549728 km/s
Particle 557: v_circ = 6.072337 km/s
Particle 558: v_circ = 13.341580 km/s
Particle 559: v_circ = 4.432013 km/s
Particle 560: v_circ = 5.317324 km/s
Particle 561: v_circ = 3.070796 km/s
Particle 562: v_circ = 10.532057 km/s
Particle 563: v_circ = 2.467293 km/s
Particle 564: v_circ = 14.432755 km/s
Particle 565: v_circ = 4.632395 km/s
Particle 566: v_circ = 7.007419 km/s
Particle 567: v_circ = 10.382710 km/s
Particle 568: v_circ = 9.822093 km/s
Particle 569: v_circ = 6.646451 km/s
Particle 570: v_circ = 1.683564 km/s
Particle 571: v_circ = 5.424144 km/s
Particle 572: v_circ = 6.985830 km/s
Particle 573: v_circ = 6.413606 km/s
Particle 574: v_circ = 2.085501 km/s
Particle 575: v_circ = 1.847643 km/s
Particle 576: v_circ = 3.619529 km/s
Particle 577: v_circ = 2.990857 km/s
Particle 578: v_circ = 8.346700 km/s
Particle 579: v_circ = 13.465751 km/s
Particle 580: v_circ = 5.117359 km/s
Particle 581: v_circ = 4.782199 km/s
Particle 582: v_circ = 1.815696 km/s
Particle 583: v_circ = 6.620922 km/s
Particle 584: v_circ = 8.533039 km/s
Particle 585: v_circ = 3.993525 km/s
Particle 586: v_circ = 8.759744 km/s
Particle 587: v_circ = 3.844279 km/s
Particle 588: v_circ = 4.169983 km/s
Particle 589: v_circ = 3.641013 km/s
Particle 590: v_circ = 7.202436 km/s
Particle 591: v_circ = 1.805680 km/s
Particle 592: v_circ = 3.841600 km/s
Particle 593: v_circ = 6.131266 km/s
Particle 594: v_circ = 9.884791 km/s
Particle 595: v_circ = 7.437710 km/s
Particle 596: v_circ = 6.130568 km/s
Particle 597: v_circ = 5.338700 km/s
Particle 598: v_circ = 2.345349 km/s
Particle 599: v_circ = 13.104712 km/s
Particle 600: v_circ = 8.254002 km/s
Particle 601: v_circ = 3.433893 km/s
Particle 602: v_circ = 5.542530 km/s
Particle 603: v_circ = 2.419466 km/s
Particle 604: v_circ = 2.225930 km/s
Particle 605: v_circ = 6.952001 km/s
Particle 606: v_circ = 10.041981 km/s
Particle 607: v_circ = 2.566139 km/s
Particle 608: v_circ = 4.973690 km/s
Particle 609: v_circ = 4.963505 km/s
Particle 610: v_circ = 5.208265 km/s
Particle 611: v_circ = 3.902114 km/s
Particle 612: v_circ = 6.131601 km/s
Particle 613: v_circ = 13.455841 km/s
Particle 614: v_circ = 3.066747 km/s
Particle 615: v_circ = 2.444969 km/s
Particle 616: v_circ = 5.718017 km/s
Particle 617: v_circ = 8.205205 km/s
Particle 618: v_circ = 2.669884 km/s
Particle 619: v_circ = 4.739451 km/s
Particle 620: v_circ = 6.078929 km/s
Particle 621: v_circ = 3.966288 km/s
Particle 622: v_circ = 1.963853 km/s
Particle 623: v_circ = 0.974258 km/s
Particle 624: v_circ = 9.585423 km/s
Particle 625: v_circ = 12.927173 km/s
Particle 626: v_circ = 6.654036 km/s
Particle 627: v_circ = 5.426508 km/s
Particle 628: v_circ = 11.051909 km/s
Particle 629: v_circ = 1.628484 km/s
Particle 630: v_circ = 3.937376 km/s
Particle 631: v_circ = 4.543951 km/s
Particle 632: v_circ = 5.311201 km/s
Particle 633: v_circ = 0.367335 km/s
Particle 634: v_circ = 1.585383 km/s
Particle 635: v_circ = 5.347155 km/s
Particle 636: v_circ = 6.409973 km/s
Particle 637: v_circ = 9.191313 km/s
Particle 638: v_circ = 10.713528 km/s
Particle 639: v_circ = 1.200506 km/s
Particle 640: v_circ = 9.703600 km/s
Particle 641: v_circ = 1.994744 km/s
Particle 642: v_circ = 3.797041 km/s
Particle 643: v_circ = 3.321190 km/s
Particle 644: v_circ = 6.130093 km/s
Particle 645: v_circ = 6.744920 km/s
Particle 646: v_circ = 3.034329 km/s
Particle 647: v_circ = 5.837097 km/s
Particle 648: v_circ = 10.335122 km/s
Particle 649: v_circ = 2.041973 km/s
Particle 650: v_circ = 1.211090 km/s
Particle 651: v_circ = 3.327208 km/s
Particle 652: v_circ = 11.111574 km/s
Particle 653: v_circ = 2.819421 km/s
Particle 654: v_circ = 6.285572 km/s
Particle 655: v_circ = 3.869338 km/s
Particle 656: v_circ = 6.185217 km/s
Particle 657: v_circ = 4.171360 km/s
Particle 658: v_circ = 11.391672 km/s
Particle 659: v_circ = 3.732885 km/s
Particle 660: v_circ = 2.859654 km/s
Particle 661: v_circ = 6.095111 km/s
Particle 662: v_circ = 5.080632 km/s
Particle 663: v_circ = 14.455230 km/s
Particle 664: v_circ = 1.643335 km/s
Particle 665: v_circ = 3.177050 km/s
Particle 666: v_circ = 3.639945 km/s
Particle 667: v_circ = 4.436050 km/s
Particle 668: v_circ = 12.916758 km/s
Particle 669: v_circ = 3.564859 km/s
Particle 670: v_circ = 13.204240 km/s
Particle 671: v_circ = 3.309367 km/s
Particle 672: v_circ = 9.288590 km/s
Particle 673: v_circ = 7.544000 km/s
Particle 674: v_circ = 2.700619 km/s
Particle 675: v_circ = 7.311550 km/s
Particle 676: v_circ = 8.628496 km/s
Particle 677: v_circ = 2.472654 km/s
Particle 678: v_circ = 3.697874 km/s
Particle 679: v_circ = 9.222556 km/s
Particle 680: v_circ = 4.071988 km/s
Particle 681: v_circ = 5.794849 km/s
Particle 682: v_circ = 14.033111 km/s
Particle 683: v_circ = 10.468871 km/s
Particle 684: v_circ = 4.009198 km/s
Particle 685: v_circ = 7.701778 km/s
Particle 686: v_circ = 3.972569 km/s
Particle 687: v_circ = 6.483959 km/s
Particle 688: v_circ = 3.500127 km/s
Particle 689: v_circ = 8.971414 km/s
Particle 690: v_circ = 4.851788 km/s
Particle 691: v_circ = 7.505472 km/s
Particle 692: v_circ = 7.957510 km/s
Particle 693: v_circ = 10.511360 km/s
Particle 694: v_circ = 8.549780 km/s
Particle 695: v_circ = 3.157086 km/s
Particle 696: v_circ = 4.181687 km/s
Particle 697: v_circ = 1.724406 km/s
Particle 698: v_circ = 11.247172 km/s
Particle 699: v_circ = 5.911081 km/s
Particle 700: v_circ = 6.875605 km/s
Particle 701: v_circ = 1.774334 km/s
Particle 702: v_circ = 9.555369 km/s
Particle 703: v_circ = 1.036832 km/s
Particle 704: v_circ = 4.489932 km/s
Particle 705: v_circ = 3.328845 km/s
Particle 706: v_circ = 10.740886 km/s
Particle 707: v_circ = 1.332226 km/s
Particle 708: v_circ = 3.809686 km/s
Particle 709: v_circ = 2.922322 km/s
Particle 710: v_circ = 9.880122 km/s
Particle 711: v_circ = 0.447141 km/s
Particle 712: v_circ = 4.815268 km/s
Particle 713: v_circ = 3.088272 km/s
Particle 714: v_circ = 8.685443 km/s
Particle 715: v_circ = 5.656307 km/s
Particle 716: v_circ = 2.538929 km/s
Particle 717: v_circ = 6.056938 km/s
Particle 718: v_circ = 9.181837 km/s
Particle 719: v_circ = 7.023672 km/s
Particle 720: v_circ = 2.386287 km/s
Particle 721: v_circ = 7.435992 km/s
Particle 722: v_circ = 1.543801 km/s
Particle 723: v_circ = 3.573120 km/s
Particle 724: v_circ = 3.003225 km/s
Particle 725: v_circ = 1.500563 km/s
Particle 726: v_circ = 13.660105 km/s
Particle 727: v_circ = 9.750966 km/s
Particle 728: v_circ = 2.656425 km/s
Particle 729: v_circ = 2.975997 km/s
Particle 730: v_circ = 8.384966 km/s
Particle 731: v_circ = 3.108661 km/s
Particle 732: v_circ = 6.841475 km/s
Particle 733: v_circ = 10.046654 km/s
Particle 734: v_circ = 14.577309 km/s
Particle 735: v_circ = 5.468859 km/s
Particle 736: v_circ = 0.307674 km/s
Particle 737: v_circ = 6.882853 km/s
Particle 738: v_circ = 3.663552 km/s
Particle 739: v_circ = 6.687700 km/s
Particle 740: v_circ = 8.255163 km/s
Particle 741: v_circ = 11.903624 km/s
Particle 742: v_circ = 2.424992 km/s
Particle 743: v_circ = 5.246877 km/s
Particle 744: v_circ = 9.308968 km/s
Particle 745: v_circ = 10.376403 km/s
Particle 746: v_circ = 1.989866 km/s
Particle 747: v_circ = 8.564495 km/s
Particle 748: v_circ = 12.169409 km/s
Particle 749: v_circ = 9.017859 km/s
Particle 750: v_circ = 7.217161 km/s
Particle 751: v_circ = 3.792943 km/s
Particle 752: v_circ = 5.103641 km/s
Particle 753: v_circ = 2.363091 km/s
Particle 754: v_circ = 12.647165 km/s
Particle 755: v_circ = 11.123848 km/s
Particle 756: v_circ = 4.328199 km/s
Particle 757: v_circ = 8.728994 km/s
Particle 758: v_circ = 5.209502 km/s
Particle 759: v_circ = 13.964773 km/s
Particle 760: v_circ = 13.713274 km/s
Particle 761: v_circ = 10.851555 km/s
Particle 762: v_circ = 6.645096 km/s
Particle 763: v_circ = 1.937455 km/s
Particle 764: v_circ = 2.530112 km/s
Particle 765: v_circ = 3.219295 km/s
Particle 766: v_circ = 2.561350 km/s
Particle 767: v_circ = 4.927777 km/s
Particle 768: v_circ = 0.885811 km/s
Particle 769: v_circ = 7.298732 km/s
Particle 770: v_circ = 6.478947 km/s
Particle 771: v_circ = 4.803784 km/s
Particle 772: v_circ = 2.229869 km/s
Particle 773: v_circ = 4.854737 km/s
Particle 774: v_circ = 4.989822 km/s
Particle 775: v_circ = 4.146272 km/s
Particle 776: v_circ = 4.275242 km/s
Particle 777: v_circ = 6.797687 km/s
Particle 778: v_circ = 13.740599 km/s
Particle 779: v_circ = 5.369543 km/s
Particle 780: v_circ = 6.439664 km/s
Particle 781: v_circ = 5.296039 km/s
Particle 782: v_circ = 7.675235 km/s
Particle 783: v_circ = 3.424390 km/s
Particle 784: v_circ = 6.235021 km/s
Particle 785: v_circ = 5.596720 km/s
Particle 786: v_circ = 7.273925 km/s
Particle 787: v_circ = 5.113998 km/s
Particle 788: v_circ = 4.840711 km/s
Particle 789: v_circ = 10.402314 km/s
Particle 790: v_circ = 11.351927 km/s
Particle 791: v_circ = 3.600657 km/s
Particle 792: v_circ = 8.742307 km/s
Particle 793: v_circ = 4.455554 km/s
Particle 794: v_circ = 2.602564 km/s
Particle 795: v_circ = 12.414980 km/s
Particle 796: v_circ = 10.374818 km/s
Particle 797: v_circ = 4.680287 km/s
Particle 798: v_circ = 5.527362 km/s
Particle 799: v_circ = 1.655038 km/s
Particle 800: v_circ = 3.393187 km/s
Particle 801: v_circ = 3.848636 km/s
Particle 802: v_circ = 5.457609 km/s
Particle 803: v_circ = 5.708976 km/s
Particle 804: v_circ = 1.883567 km/s
Particle 805: v_circ = 7.700934 km/s
Particle 806: v_circ = 4.226792 km/s
Particle 807: v_circ = 8.306722 km/s
Particle 808: v_circ = 3.438686 km/s
Particle 809: v_circ = 7.729513 km/s
Particle 810: v_circ = 6.496392 km/s
Particle 811: v_circ = 2.395735 km/s
Particle 812: v_circ = 6.235084 km/s
Particle 813: v_circ = 7.327726 km/s
Particle 814: v_circ = 6.334858 km/s
Particle 815: v_circ = 5.254631 km/s
Particle 816: v_circ = 9.737314 km/s
Particle 817: v_circ = 8.109325 km/s
Particle 818: v_circ = 7.766369 km/s
Particle 819: v_circ = 4.312572 km/s
Particle 820: v_circ = 1.805622 km/s
Particle 821: v_circ = 1.639814 km/s
Particle 822: v_circ = 5.579806 km/s
Particle 823: v_circ = 5.167924 km/s
Particle 824: v_circ = 7.047259 km/s
Particle 825: v_circ = 7.162712 km/s
Particle 826: v_circ = 2.182109 km/s
Particle 827: v_circ = 4.381229 km/s
Particle 828: v_circ = 5.996232 km/s
Particle 829: v_circ = 1.988556 km/s
Particle 830: v_circ = 2.627716 km/s
Particle 831: v_circ = 2.605342 km/s
Particle 832: v_circ = 4.392665 km/s
Particle 833: v_circ = 9.362215 km/s
Particle 834: v_circ = 14.731402 km/s
Particle 835: v_circ = 8.824141 km/s
Particle 836: v_circ = 8.773148 km/s
Particle 837: v_circ = 5.372145 km/s
Particle 838: v_circ = 4.787629 km/s
Particle 839: v_circ = 5.405119 km/s
Particle 840: v_circ = 5.032807 km/s
Particle 841: v_circ = 10.275517 km/s
Particle 842: v_circ = 6.786565 km/s
Particle 843: v_circ = 5.488715 km/s
Particle 844: v_circ = 9.436534 km/s
Particle 845: v_circ = 0.891774 km/s
Particle 846: v_circ = 4.428606 km/s
Particle 847: v_circ = 7.474952 km/s
Particle 848: v_circ = 2.708320 km/s
Particle 849: v_circ = 6.224138 km/s
Particle 850: v_circ = 2.108704 km/s
Particle 851: v_circ = 4.071924 km/s
Particle 852: v_circ = 9.732642 km/s
Particle 853: v_circ = 3.398642 km/s
Particle 854: v_circ = 7.779916 km/s
Particle 855: v_circ = 8.155204 km/s
Particle 856: v_circ = 1.892115 km/s
Particle 857: v_circ = 2.201192 km/s
Particle 858: v_circ = 6.989084 km/s
Particle 859: v_circ = 4.583429 km/s
Particle 860: v_circ = 10.092431 km/s
Particle 861: v_circ = 4.768707 km/s
Particle 862: v_circ = 8.222538 km/s
Particle 863: v_circ = 10.078183 km/s
Particle 864: v_circ = 4.950449 km/s
Particle 865: v_circ = 8.117508 km/s
Particle 866: v_circ = 2.862097 km/s
Particle 867: v_circ = 3.258315 km/s
Particle 868: v_circ = 4.929159 km/s
Particle 869: v_circ = 5.797045 km/s
Particle 870: v_circ = 11.355342 km/s
Particle 871: v_circ = 2.349066 km/s
Particle 872: v_circ = 7.835990 km/s
Particle 873: v_circ = 9.180201 km/s
Particle 874: v_circ = 5.551446 km/s
Particle 875: v_circ = 9.402678 km/s
Particle 876: v_circ = 10.642768 km/s
Particle 877: v_circ = 7.183283 km/s
Particle 878: v_circ = 7.409781 km/s
Particle 879: v_circ = 5.815079 km/s
Particle 880: v_circ = 10.606015 km/s
Particle 881: v_circ = 5.419020 km/s
Particle 882: v_circ = 7.037527 km/s
Particle 883: v_circ = 7.522523 km/s
Particle 884: v_circ = 3.393575 km/s
Particle 885: v_circ = 10.910194 km/s
Particle 886: v_circ = 5.678807 km/s
Particle 887: v_circ = 5.679233 km/s
Particle 888: v_circ = 6.068041 km/s
Particle 889: v_circ = 8.673010 km/s
Particle 890: v_circ = 4.292953 km/s
Particle 891: v_circ = 2.275252 km/s
Particle 892: v_circ = 5.825184 km/s
Particle 893: v_circ = 1.559547 km/s
Particle 894: v_circ = 10.485251 km/s
Particle 895: v_circ = 3.806733 km/s
Particle 896: v_circ = 5.282045 km/s
Particle 897: v_circ = 8.803404 km/s
Particle 898: v_circ = 3.544785 km/s
Particle 899: v_circ = 12.570036 km/s
Particle 900: v_circ = 8.705686 km/s
Particle 901: v_circ = 6.494137 km/s
Particle 902: v_circ = 2.111950 km/s
Particle 903: v_circ = 7.442419 km/s
Particle 904: v_circ = 3.763838 km/s
Particle 905: v_circ = 1.404570 km/s
Particle 906: v_circ = 9.191894 km/s
Particle 907: v_circ = 4.327605 km/s
Particle 908: v_circ = 5.942011 km/s
Particle 909: v_circ = 6.727922 km/s
Particle 910: v_circ = 2.613917 km/s
Particle 911: v_circ = 12.628481 km/s
Particle 912: v_circ = 6.873584 km/s
Particle 913: v_circ = 3.531745 km/s
Particle 914: v_circ = 2.671724 km/s
Particle 915: v_circ = 7.509012 km/s
Particle 916: v_circ = 7.013347 km/s
Particle 917: v_circ = 10.153420 km/s
Particle 918: v_circ = 1.682106 km/s
Particle 919: v_circ = 2.512400 km/s
Particle 920: v_circ = 8.498131 km/s
Particle 921: v_circ = 2.639253 km/s
Particle 922: v_circ = 5.360058 km/s
Particle 923: v_circ = 4.814848 km/s
Particle 924: v_circ = 5.918520 km/s
Particle 925: v_circ = 4.120627 km/s
Particle 926: v_circ = 5.191161 km/s
Particle 927: v_circ = 6.775765 km/s
Particle 928: v_circ = 7.958857 km/s
Particle 929: v_circ = 9.410986 km/s
Particle 930: v_circ = 5.382929 km/s
Particle 931: v_circ = 3.053648 km/s
Particle 932: v_circ = 6.357016 km/s
Particle 933: v_circ = 0.982504 km/s
Particle 934: v_circ = 2.453616 km/s
Particle 935: v_circ = 3.515072 km/s
Particle 936: v_circ = 3.648816 km/s
Particle 937: v_circ = 6.927949 km/s
Particle 938: v_circ = 11.901769 km/s
Particle 939: v_circ = 6.681363 km/s
Particle 940: v_circ = 8.002601 km/s
Particle 941: v_circ = 2.943332 km/s
Particle 942: v_circ = 9.728464 km/s
Particle 943: v_circ = 2.999052 km/s
Particle 944: v_circ = 8.807506 km/s
Particle 945: v_circ = 5.729053 km/s
Particle 946: v_circ = 8.959722 km/s
Particle 947: v_circ = 5.114171 km/s
Particle 948: v_circ = 2.877105 km/s
Particle 949: v_circ = 4.193578 km/s
Particle 950: v_circ = 5.213870 km/s
Particle 951: v_circ = 5.921649 km/s
Particle 952: v_circ = 4.219469 km/s
Particle 953: v_circ = 13.511278 km/s
Particle 954: v_circ = 9.644418 km/s
Particle 955: v_circ = 2.508336 km/s
Particle 956: v_circ = 4.176435 km/s
Particle 957: v_circ = 9.593799 km/s
Particle 958: v_circ = 8.956033 km/s
Particle 959: v_circ = 8.518601 km/s
Particle 960: v_circ = 2.548941 km/s
Particle 961: v_circ = 3.015156 km/s
Particle 962: v_circ = 6.310249 km/s
Particle 963: v_circ = 4.515081 km/s
Particle 964: v_circ = 5.779399 km/s
Particle 965: v_circ = 4.056959 km/s
Particle 966: v_circ = 4.579785 km/s
Particle 967: v_circ = 6.809469 km/s
Particle 968: v_circ = 3.634872 km/s
Particle 969: v_circ = 8.946029 km/s
Particle 970: v_circ = 6.517172 km/s
Particle 971: v_circ = 4.117666 km/s
Particle 972: v_circ = 12.939357 km/s
Particle 973: v_circ = 6.207832 km/s
Particle 974: v_circ = 7.990121 km/s
Particle 975: v_circ = 4.461877 km/s
Particle 976: v_circ = 4.724874 km/s
Particle 977: v_circ = 3.576078 km/s
Particle 978: v_circ = 1.764369 km/s
Particle 979: v_circ = 13.496778 km/s
Particle 980: v_circ = 11.267190 km/s
Particle 981: v_circ = 3.035600 km/s
Particle 982: v_circ = 4.758463 km/s
Particle 983: v_circ = 5.211574 km/s
Particle 984: v_circ = 7.335378 km/s
Particle 985: v_circ = 3.716765 km/s
Particle 986: v_circ = 14.447705 km/s
Particle 987: v_circ = 2.066304 km/s
Particle 988: v_circ = 3.542083 km/s
Particle 989: v_circ = 1.966186 km/s
Particle 990: v_circ = 2.778367 km/s
Particle 991: v_circ = 10.920702 km/s
Particle 992: v_circ = 6.823850 km/s
Particle 993: v_circ = 2.998828 km/s
Particle 994: v_circ = 5.609268 km/s
Particle 995: v_circ = 4.846454 km/s
Particle 996: v_circ = 8.247550 km/s
Particle 997: v_circ = 0.702047 km/s
Particle 998: v_circ = 13.443798 km/s
Particle 999: v_circ = 3.689116 km/s
Mean r: 0.078 kpc
lambda_dB crossing time: 127.445 Myr
Fastest beat period T_c: 15.443 Myr
dt: 0.008 Gyr
Number of time steps: 1295
Ramp time: 0.000 Gyr, no_ramp_steps: 0
  init 67.1 s
  step 0: 1 force calls, t 0.0000000000e+00 -> 3.3510137636e-04, rho 452.6 s, acc 393.2 s   <-- compile happens here on a cold cache
  step 1: 1 force calls, t 3.3510137636e-04 -> 6.7020275271e-04, rho 7.4 s, acc 10.1 s
  step 2: 1 force calls, t 6.7020275271e-04 -> 1.0053041291e-03, rho 7.3 s, acc 10.0 s

======================================================================
instance 1
======================================================================
Loading precomputed R_j_r from /gpfs/home/jd925/Adding_stellar_masses/simple_sim/../precomputed_wf/precomputed_R_j_r_m22_10_rbins_1000.npz...
No r_cut set - keeping the full radial grid out to 441 kpc (1000 bins).
l max from jaxsp: 240
Radial-mode pruning: nothing to drop, all 28658 modes have l < L_max_out.
Eigenmode library uploaded: 0.47 GB, on a single device.
(l, m) pairs to solve for: 58081 (l = 0 .. 480)
Particle 0: v_circ = 4.633794 km/s
Particle 1: v_circ = 1.064630 km/s
Particle 2: v_circ = 5.855643 km/s
Particle 3: v_circ = 7.545734 km/s
Particle 4: v_circ = 7.030179 km/s
Particle 5: v_circ = 6.543662 km/s
Particle 6: v_circ = 6.551072 km/s
Particle 7: v_circ = 6.032748 km/s
Particle 8: v_circ = 3.267120 km/s
Particle 9: v_circ = 3.452974 km/s
Particle 10: v_circ = 3.304547 km/s
Particle 11: v_circ = 1.749328 km/s
Particle 12: v_circ = 7.484322 km/s
Particle 13: v_circ = 8.837935 km/s
Particle 14: v_circ = 5.988234 km/s
Particle 15: v_circ = 3.225140 km/s
Particle 16: v_circ = 1.214538 km/s
Particle 17: v_circ = 6.390276 km/s
Particle 18: v_circ = 3.163680 km/s
Particle 19: v_circ = 12.566310 km/s
Particle 20: v_circ = 5.401852 km/s
Particle 21: v_circ = 2.364125 km/s
Particle 22: v_circ = 6.060141 km/s
Particle 23: v_circ = 8.652187 km/s
Particle 24: v_circ = 4.529029 km/s
Particle 25: v_circ = 14.600978 km/s
Particle 26: v_circ = 5.583115 km/s
Particle 27: v_circ = 2.478271 km/s
Particle 28: v_circ = 5.354239 km/s
Particle 29: v_circ = 3.012704 km/s
Particle 30: v_circ = 3.230352 km/s
Particle 31: v_circ = 4.424249 km/s
Particle 32: v_circ = 3.647270 km/s
Particle 33: v_circ = 4.566751 km/s
Particle 34: v_circ = 1.890017 km/s
Particle 35: v_circ = 2.929886 km/s
Particle 36: v_circ = 5.390500 km/s
Particle 37: v_circ = 7.551358 km/s
Particle 38: v_circ = 13.415039 km/s
Particle 39: v_circ = 4.058128 km/s
Particle 40: v_circ = 7.195851 km/s
Particle 41: v_circ = 5.550695 km/s
Particle 42: v_circ = 4.121552 km/s
Particle 43: v_circ = 2.740746 km/s
Particle 44: v_circ = 6.020458 km/s
Particle 45: v_circ = 3.948785 km/s
Particle 46: v_circ = 1.621521 km/s
Particle 47: v_circ = 9.392291 km/s
Particle 48: v_circ = 3.757969 km/s
Particle 49: v_circ = 5.371567 km/s
Particle 50: v_circ = 6.992327 km/s
Particle 51: v_circ = 6.155327 km/s
Particle 52: v_circ = 1.701710 km/s
Particle 53: v_circ = 8.206844 km/s
Particle 54: v_circ = 7.171479 km/s
Particle 55: v_circ = 3.331657 km/s
Particle 56: v_circ = 3.632027 km/s
Particle 57: v_circ = 4.289237 km/s
Particle 58: v_circ = 2.272480 km/s
Particle 59: v_circ = 2.945991 km/s
Particle 60: v_circ = 3.939780 km/s
Particle 61: v_circ = 6.479140 km/s
Particle 62: v_circ = 12.024038 km/s
Particle 63: v_circ = 1.958911 km/s
Particle 64: v_circ = 15.344476 km/s
Particle 65: v_circ = 3.891274 km/s
Particle 66: v_circ = 3.889325 km/s
Particle 67: v_circ = 3.302161 km/s
Particle 68: v_circ = 4.324692 km/s
Particle 69: v_circ = 4.145390 km/s
Particle 70: v_circ = 2.392204 km/s
Particle 71: v_circ = 3.848192 km/s
Particle 72: v_circ = 1.085369 km/s
Particle 73: v_circ = 3.968749 km/s
Particle 74: v_circ = 5.401734 km/s
Particle 75: v_circ = 3.991771 km/s
Particle 76: v_circ = 8.472373 km/s
Particle 77: v_circ = 8.218217 km/s
Particle 78: v_circ = 2.932756 km/s
Particle 79: v_circ = 7.951617 km/s
Particle 80: v_circ = 6.144644 km/s
Particle 81: v_circ = 4.464727 km/s
Particle 82: v_circ = 11.611115 km/s
Particle 83: v_circ = 4.432246 km/s
Particle 84: v_circ = 4.716842 km/s
Particle 85: v_circ = 2.666180 km/s
Particle 86: v_circ = 7.039136 km/s
Particle 87: v_circ = 4.537669 km/s
Particle 88: v_circ = 15.148975 km/s
Particle 89: v_circ = 4.352078 km/s
Particle 90: v_circ = 8.072376 km/s
Particle 91: v_circ = 3.674405 km/s
Particle 92: v_circ = 2.582717 km/s
Particle 93: v_circ = 9.926618 km/s
Particle 94: v_circ = 6.966127 km/s
Particle 95: v_circ = 3.431723 km/s
Particle 96: v_circ = 3.766744 km/s
Particle 97: v_circ = 14.295470 km/s
Particle 98: v_circ = 5.677255 km/s
Particle 99: v_circ = 4.962501 km/s
Particle 100: v_circ = 2.943505 km/s
Particle 101: v_circ = 8.262162 km/s
Particle 102: v_circ = 4.436720 km/s
Particle 103: v_circ = 0.613386 km/s
Particle 104: v_circ = 3.788653 km/s
Particle 105: v_circ = 3.599723 km/s
Particle 106: v_circ = 8.471759 km/s
Particle 107: v_circ = 2.331209 km/s
Particle 108: v_circ = 1.855692 km/s
Particle 109: v_circ = 1.391648 km/s
Particle 110: v_circ = 8.123786 km/s
Particle 111: v_circ = 5.188990 km/s
Particle 112: v_circ = 8.839335 km/s
Particle 113: v_circ = 8.411390 km/s
Particle 114: v_circ = 3.310109 km/s
Particle 115: v_circ = 3.310931 km/s
Particle 116: v_circ = 5.279466 km/s
Particle 117: v_circ = 3.769766 km/s
Particle 118: v_circ = 3.226746 km/s
Particle 119: v_circ = 1.949859 km/s
Particle 120: v_circ = 9.078720 km/s
Particle 121: v_circ = 3.194392 km/s
Particle 122: v_circ = 6.308824 km/s
Particle 123: v_circ = 5.388285 km/s
Particle 124: v_circ = 2.575468 km/s
Particle 125: v_circ = 2.016658 km/s
Particle 126: v_circ = 5.857583 km/s
Particle 127: v_circ = 9.823382 km/s
Particle 128: v_circ = 2.203840 km/s
Particle 129: v_circ = 9.906428 km/s
Particle 130: v_circ = 4.138785 km/s
Particle 131: v_circ = 5.316802 km/s
Particle 132: v_circ = 4.708156 km/s
Particle 133: v_circ = 2.784916 km/s
Particle 134: v_circ = 2.526212 km/s
Particle 135: v_circ = 7.415103 km/s
Particle 136: v_circ = 5.717071 km/s
Particle 137: v_circ = 10.640983 km/s
Particle 138: v_circ = 10.615930 km/s
Particle 139: v_circ = 10.940293 km/s
Particle 140: v_circ = 11.987093 km/s
Particle 141: v_circ = 4.103001 km/s
Particle 142: v_circ = 6.226069 km/s
Particle 143: v_circ = 3.736218 km/s
Particle 144: v_circ = 12.494808 km/s
Particle 145: v_circ = 8.763262 km/s
Particle 146: v_circ = 1.304133 km/s
Particle 147: v_circ = 2.922027 km/s
Particle 148: v_circ = 2.495510 km/s
Particle 149: v_circ = 7.689650 km/s
Particle 150: v_circ = 14.100804 km/s
Particle 151: v_circ = 6.991167 km/s
Particle 152: v_circ = 6.894599 km/s
Particle 153: v_circ = 7.749022 km/s
Particle 154: v_circ = 7.008763 km/s
Particle 155: v_circ = 4.476582 km/s
Particle 156: v_circ = 5.024608 km/s
Particle 157: v_circ = 2.989583 km/s
Particle 158: v_circ = 4.181205 km/s
Particle 159: v_circ = 5.040576 km/s
Particle 160: v_circ = 2.952745 km/s
Particle 161: v_circ = 2.066578 km/s
Particle 162: v_circ = 3.692058 km/s
Particle 163: v_circ = 3.095053 km/s
Particle 164: v_circ = 4.143673 km/s
Particle 165: v_circ = 9.535257 km/s
Particle 166: v_circ = 5.549449 km/s
Particle 167: v_circ = 8.924459 km/s
Particle 168: v_circ = 2.279581 km/s
Particle 169: v_circ = 5.928470 km/s
Particle 170: v_circ = 1.347803 km/s
Particle 171: v_circ = 12.532693 km/s
Particle 172: v_circ = 5.434790 km/s
Particle 173: v_circ = 3.233467 km/s
Particle 174: v_circ = 11.052919 km/s
Particle 175: v_circ = 3.858906 km/s
Particle 176: v_circ = 8.419868 km/s
Particle 177: v_circ = 2.327211 km/s
Particle 178: v_circ = 8.983995 km/s
Particle 179: v_circ = 8.016132 km/s
Particle 180: v_circ = 4.978144 km/s
Particle 181: v_circ = 8.176589 km/s
Particle 182: v_circ = 7.130365 km/s
Particle 183: v_circ = 9.499650 km/s
Particle 184: v_circ = 5.798559 km/s
Particle 185: v_circ = 8.138373 km/s
Particle 186: v_circ = 7.325104 km/s
Particle 187: v_circ = 2.495000 km/s
Particle 188: v_circ = 10.224323 km/s
Particle 189: v_circ = 1.972637 km/s
Particle 190: v_circ = 0.700489 km/s
Particle 191: v_circ = 6.293753 km/s
Particle 192: v_circ = 5.814894 km/s
Particle 193: v_circ = 9.525971 km/s
Particle 194: v_circ = 1.427463 km/s
Particle 195: v_circ = 4.522497 km/s
Particle 196: v_circ = 5.937095 km/s
Particle 197: v_circ = 6.904495 km/s
Particle 198: v_circ = 3.433619 km/s
Particle 199: v_circ = 3.941116 km/s
Particle 200: v_circ = 1.526300 km/s
Particle 201: v_circ = 3.101975 km/s
Particle 202: v_circ = 9.012083 km/s
Particle 203: v_circ = 1.643231 km/s
Particle 204: v_circ = 1.853376 km/s
Particle 205: v_circ = 8.183256 km/s
Particle 206: v_circ = 4.096519 km/s
Particle 207: v_circ = 6.083767 km/s
Particle 208: v_circ = 2.844449 km/s
Particle 209: v_circ = 6.032179 km/s
Particle 210: v_circ = 5.562934 km/s
Particle 211: v_circ = 6.862146 km/s
Particle 212: v_circ = 2.372149 km/s
Particle 213: v_circ = 8.402226 km/s
Particle 214: v_circ = 10.867075 km/s
Particle 215: v_circ = 6.691504 km/s
Particle 216: v_circ = 11.226259 km/s
Particle 217: v_circ = 9.355067 km/s
Particle 218: v_circ = 5.655479 km/s
Particle 219: v_circ = 8.951730 km/s
Particle 220: v_circ = 7.608791 km/s
Particle 221: v_circ = 9.281893 km/s
Particle 222: v_circ = 4.281843 km/s
Particle 223: v_circ = 6.986502 km/s
Particle 224: v_circ = 4.800493 km/s
Particle 225: v_circ = 5.822611 km/s
Particle 226: v_circ = 4.408413 km/s
Particle 227: v_circ = 8.871505 km/s
Particle 228: v_circ = 15.779496 km/s
Particle 229: v_circ = 9.832685 km/s
Particle 230: v_circ = 7.893614 km/s
Particle 231: v_circ = 3.174020 km/s
Particle 232: v_circ = 2.555607 km/s
Particle 233: v_circ = 4.551596 km/s
Particle 234: v_circ = 2.478944 km/s
Particle 235: v_circ = 6.659715 km/s
Particle 236: v_circ = 6.997743 km/s
Particle 237: v_circ = 2.381412 km/s
Particle 238: v_circ = 6.618633 km/s
Particle 239: v_circ = 1.966623 km/s
Particle 240: v_circ = 4.435769 km/s
Particle 241: v_circ = 3.080431 km/s
Particle 242: v_circ = 8.866853 km/s
Particle 243: v_circ = 2.487156 km/s
Particle 244: v_circ = 6.094792 km/s
Particle 245: v_circ = 3.410855 km/s
Particle 246: v_circ = 11.407733 km/s
Particle 247: v_circ = 5.746557 km/s
Particle 248: v_circ = 3.495186 km/s
Particle 249: v_circ = 14.223905 km/s
Particle 250: v_circ = 5.518266 km/s
Particle 251: v_circ = 6.787139 km/s
Particle 252: v_circ = 3.932994 km/s
Particle 253: v_circ = 2.949532 km/s
Particle 254: v_circ = 7.124478 km/s
Particle 255: v_circ = 8.670606 km/s
Particle 256: v_circ = 8.699455 km/s
Particle 257: v_circ = 7.730940 km/s
Particle 258: v_circ = 2.979738 km/s
Particle 259: v_circ = 4.357350 km/s
Particle 260: v_circ = 0.201750 km/s
Particle 261: v_circ = 2.308255 km/s
Particle 262: v_circ = 6.888579 km/s
Particle 263: v_circ = 4.068719 km/s
Particle 264: v_circ = 3.176578 km/s
Particle 265: v_circ = 4.543096 km/s
Particle 266: v_circ = 3.900487 km/s
Particle 267: v_circ = 3.958158 km/s
Particle 268: v_circ = 2.510350 km/s
Particle 269: v_circ = 5.563567 km/s
Particle 270: v_circ = 5.753394 km/s
Particle 271: v_circ = 11.175145 km/s
Particle 272: v_circ = 1.741116 km/s
Particle 273: v_circ = 3.752651 km/s
Particle 274: v_circ = 1.731129 km/s
Particle 275: v_circ = 3.581447 km/s
Particle 276: v_circ = 6.967211 km/s
Particle 277: v_circ = 3.670130 km/s
Particle 278: v_circ = 11.557303 km/s
Particle 279: v_circ = 12.439807 km/s
Particle 280: v_circ = 3.102815 km/s
Particle 281: v_circ = 8.212517 km/s
Particle 282: v_circ = 7.657156 km/s
Particle 283: v_circ = 2.425514 km/s
Particle 284: v_circ = 3.436627 km/s
Particle 285: v_circ = 3.546888 km/s
Particle 286: v_circ = 5.193211 km/s
Particle 287: v_circ = 4.408339 km/s
Particle 288: v_circ = 2.574281 km/s
Particle 289: v_circ = 4.302933 km/s
Particle 290: v_circ = 9.350832 km/s
Particle 291: v_circ = 5.591894 km/s
Particle 292: v_circ = 13.080701 km/s
Particle 293: v_circ = 1.069108 km/s
Particle 294: v_circ = 14.692122 km/s
Particle 295: v_circ = 4.644837 km/s
Particle 296: v_circ = 9.421341 km/s
Particle 297: v_circ = 11.362173 km/s
Particle 298: v_circ = 3.430335 km/s
Particle 299: v_circ = 8.787442 km/s
Particle 300: v_circ = 3.684900 km/s
Particle 301: v_circ = 3.763696 km/s
Particle 302: v_circ = 6.992437 km/s
Particle 303: v_circ = 3.461030 km/s
Particle 304: v_circ = 4.260030 km/s
Particle 305: v_circ = 6.385566 km/s
Particle 306: v_circ = 9.469155 km/s
Particle 307: v_circ = 6.072503 km/s
Particle 308: v_circ = 3.166795 km/s
Particle 309: v_circ = 6.769272 km/s
Particle 310: v_circ = 2.025808 km/s
Particle 311: v_circ = 1.668771 km/s
Particle 312: v_circ = 1.316694 km/s
Particle 313: v_circ = 5.639595 km/s
Particle 314: v_circ = 3.963598 km/s
Particle 315: v_circ = 6.491805 km/s
Particle 316: v_circ = 11.697190 km/s
Particle 317: v_circ = 10.665336 km/s
Particle 318: v_circ = 1.930622 km/s
Particle 319: v_circ = 5.066647 km/s
Particle 320: v_circ = 4.672491 km/s
Particle 321: v_circ = 3.774446 km/s
Particle 322: v_circ = 7.079583 km/s
Particle 323: v_circ = 7.636606 km/s
Particle 324: v_circ = 6.909498 km/s
Particle 325: v_circ = 6.425883 km/s
Particle 326: v_circ = 8.045177 km/s
Particle 327: v_circ = 9.827438 km/s
Particle 328: v_circ = 4.768945 km/s
Particle 329: v_circ = 12.006100 km/s
Particle 330: v_circ = 7.102152 km/s
Particle 331: v_circ = 10.407005 km/s
Particle 332: v_circ = 5.527967 km/s
Particle 333: v_circ = 8.564333 km/s
Particle 334: v_circ = 8.177134 km/s
Particle 335: v_circ = 7.431206 km/s
Particle 336: v_circ = 5.784908 km/s
Particle 337: v_circ = 12.101203 km/s
Particle 338: v_circ = 3.891275 km/s
Particle 339: v_circ = 10.033749 km/s
Particle 340: v_circ = 7.439518 km/s
Particle 341: v_circ = 12.150321 km/s
Particle 342: v_circ = 3.367436 km/s
Particle 343: v_circ = 13.942644 km/s
Particle 344: v_circ = 4.486409 km/s
Particle 345: v_circ = 6.239913 km/s
Particle 346: v_circ = 3.406570 km/s
Particle 347: v_circ = 2.339998 km/s
Particle 348: v_circ = 2.096207 km/s
Particle 349: v_circ = 4.359852 km/s
Particle 350: v_circ = 5.784782 km/s
Particle 351: v_circ = 6.056464 km/s
Particle 352: v_circ = 2.932992 km/s
Particle 353: v_circ = 10.376615 km/s
Particle 354: v_circ = 5.816667 km/s
Particle 355: v_circ = 6.643618 km/s
Particle 356: v_circ = 5.549600 km/s
Particle 357: v_circ = 10.299206 km/s
Particle 358: v_circ = 2.486094 km/s
Particle 359: v_circ = 2.902639 km/s
Particle 360: v_circ = 6.202101 km/s
Particle 361: v_circ = 10.479095 km/s
Particle 362: v_circ = 6.592367 km/s
Particle 363: v_circ = 3.786823 km/s
Particle 364: v_circ = 8.133690 km/s
Particle 365: v_circ = 3.642111 km/s
Particle 366: v_circ = 2.574957 km/s
Particle 367: v_circ = 5.519537 km/s
Particle 368: v_circ = 3.286514 km/s
Particle 369: v_circ = 8.078973 km/s
Particle 370: v_circ = 10.043713 km/s
Particle 371: v_circ = 2.113935 km/s
Particle 372: v_circ = 3.690958 km/s
Particle 373: v_circ = 8.495694 km/s
Particle 374: v_circ = 9.712755 km/s
Particle 375: v_circ = 4.160168 km/s
Particle 376: v_circ = 1.014283 km/s
Particle 377: v_circ = 1.502326 km/s
Particle 378: v_circ = 2.549080 km/s
Particle 379: v_circ = 7.813947 km/s
Particle 380: v_circ = 1.334047 km/s
Particle 381: v_circ = 7.437527 km/s
Particle 382: v_circ = 7.058378 km/s
Particle 383: v_circ = 7.974175 km/s
Particle 384: v_circ = 5.951436 km/s
Particle 385: v_circ = 4.247569 km/s
Particle 386: v_circ = 4.450441 km/s
Particle 387: v_circ = 8.884167 km/s
Particle 388: v_circ = 1.626064 km/s
Particle 389: v_circ = 3.342461 km/s
Particle 390: v_circ = 5.659826 km/s
Particle 391: v_circ = 3.973522 km/s
Particle 392: v_circ = 8.544380 km/s
Particle 393: v_circ = 2.206093 km/s
Particle 394: v_circ = 6.602104 km/s
Particle 395: v_circ = 2.881038 km/s
Particle 396: v_circ = 9.914730 km/s
Particle 397: v_circ = 11.688322 km/s
Particle 398: v_circ = 3.180897 km/s
Particle 399: v_circ = 2.503094 km/s
Particle 400: v_circ = 5.335115 km/s
Particle 401: v_circ = 11.704680 km/s
Particle 402: v_circ = 4.776909 km/s
Particle 403: v_circ = 4.899679 km/s
Particle 404: v_circ = 5.479364 km/s
Particle 405: v_circ = 4.641581 km/s
Particle 406: v_circ = 3.454605 km/s
Particle 407: v_circ = 9.383829 km/s
Particle 408: v_circ = 8.772906 km/s
Particle 409: v_circ = 5.936282 km/s
Particle 410: v_circ = 6.445357 km/s
Particle 411: v_circ = 5.511741 km/s
Particle 412: v_circ = 4.629329 km/s
Particle 413: v_circ = 4.952989 km/s
Particle 414: v_circ = 3.920827 km/s
Particle 415: v_circ = 7.597502 km/s
Particle 416: v_circ = 2.696579 km/s
Particle 417: v_circ = 4.272596 km/s
Particle 418: v_circ = 9.170382 km/s
Particle 419: v_circ = 4.042756 km/s
Particle 420: v_circ = 6.027493 km/s
Particle 421: v_circ = 4.148288 km/s
Particle 422: v_circ = 4.141272 km/s
Particle 423: v_circ = 7.315768 km/s
Particle 424: v_circ = 4.717004 km/s
Particle 425: v_circ = 2.337235 km/s
Particle 426: v_circ = 3.917158 km/s
Particle 427: v_circ = 3.576971 km/s
Particle 428: v_circ = 8.385319 km/s
Particle 429: v_circ = 15.726334 km/s
Particle 430: v_circ = 4.503071 km/s
Particle 431: v_circ = 2.413658 km/s
Particle 432: v_circ = 6.449076 km/s
Particle 433: v_circ = 6.117824 km/s
Particle 434: v_circ = 8.982337 km/s
Particle 435: v_circ = 4.118883 km/s
Particle 436: v_circ = 2.281730 km/s
Particle 437: v_circ = 3.913653 km/s
Particle 438: v_circ = 2.099627 km/s
Particle 439: v_circ = 2.789622 km/s
Particle 440: v_circ = 5.842671 km/s
Particle 441: v_circ = 5.977538 km/s
Particle 442: v_circ = 12.253061 km/s
Particle 443: v_circ = 2.728753 km/s
Particle 444: v_circ = 8.644661 km/s
Particle 445: v_circ = 2.148182 km/s
Particle 446: v_circ = 4.029505 km/s
Particle 447: v_circ = 5.743006 km/s
Particle 448: v_circ = 9.718737 km/s
Particle 449: v_circ = 3.630053 km/s
Particle 450: v_circ = 5.511968 km/s
Particle 451: v_circ = 2.047678 km/s
Particle 452: v_circ = 2.170027 km/s
Particle 453: v_circ = 10.244256 km/s
Particle 454: v_circ = 5.885923 km/s
Particle 455: v_circ = 7.797234 km/s
Particle 456: v_circ = 4.783701 km/s
Particle 457: v_circ = 8.719880 km/s
Particle 458: v_circ = 4.016998 km/s
Particle 459: v_circ = 9.696941 km/s
Particle 460: v_circ = 3.075730 km/s
Particle 461: v_circ = 5.587146 km/s
Particle 462: v_circ = 9.695281 km/s
Particle 463: v_circ = 3.116578 km/s
Particle 464: v_circ = 5.424214 km/s
Particle 465: v_circ = 3.528046 km/s
Particle 466: v_circ = 3.141272 km/s
Particle 467: v_circ = 6.592421 km/s
Particle 468: v_circ = 7.520022 km/s
Particle 469: v_circ = 7.179836 km/s
Particle 470: v_circ = 1.770509 km/s
Particle 471: v_circ = 9.522734 km/s
Particle 472: v_circ = 5.727927 km/s
Particle 473: v_circ = 5.417491 km/s
Particle 474: v_circ = 7.152798 km/s
Particle 475: v_circ = 2.570898 km/s
Particle 476: v_circ = 2.452464 km/s
Particle 477: v_circ = 2.678182 km/s
Particle 478: v_circ = 8.388663 km/s
Particle 479: v_circ = 3.776315 km/s
Particle 480: v_circ = 7.460112 km/s
Particle 481: v_circ = 1.512288 km/s
Particle 482: v_circ = 11.262366 km/s
Particle 483: v_circ = 5.404331 km/s
Particle 484: v_circ = 12.047443 km/s
Particle 485: v_circ = 5.468202 km/s
Particle 486: v_circ = 6.359967 km/s
Particle 487: v_circ = 6.111925 km/s
Particle 488: v_circ = 2.845125 km/s
Particle 489: v_circ = 4.459396 km/s
Particle 490: v_circ = 4.549056 km/s
Particle 491: v_circ = 14.100520 km/s
Particle 492: v_circ = 3.694213 km/s
Particle 493: v_circ = 4.222396 km/s
Particle 494: v_circ = 5.278261 km/s
Particle 495: v_circ = 8.095730 km/s
Particle 496: v_circ = 9.638398 km/s
Particle 497: v_circ = 5.275979 km/s
Particle 498: v_circ = 2.608960 km/s
Particle 499: v_circ = 3.285886 km/s
Particle 500: v_circ = 6.245977 km/s
Particle 501: v_circ = 11.882724 km/s
Particle 502: v_circ = 5.553401 km/s
Particle 503: v_circ = 12.098379 km/s
Particle 504: v_circ = 1.070852 km/s
Particle 505: v_circ = 5.409778 km/s
Particle 506: v_circ = 4.469515 km/s
Particle 507: v_circ = 6.902026 km/s
Particle 508: v_circ = 5.530441 km/s
Particle 509: v_circ = 3.579380 km/s
Particle 510: v_circ = 2.887784 km/s
Particle 511: v_circ = 4.535201 km/s
Particle 512: v_circ = 5.117396 km/s
Particle 513: v_circ = 8.728095 km/s
Particle 514: v_circ = 2.565312 km/s
Particle 515: v_circ = 3.990132 km/s
Particle 516: v_circ = 3.133896 km/s
Particle 517: v_circ = 2.016545 km/s
Particle 518: v_circ = 9.650972 km/s
Particle 519: v_circ = 2.512925 km/s
Particle 520: v_circ = 1.076472 km/s
Particle 521: v_circ = 1.320186 km/s
Particle 522: v_circ = 4.154076 km/s
Particle 523: v_circ = 4.671628 km/s
Particle 524: v_circ = 9.467222 km/s
Particle 525: v_circ = 3.726701 km/s
Particle 526: v_circ = 7.640941 km/s
Particle 527: v_circ = 2.802250 km/s
Particle 528: v_circ = 6.247948 km/s
Particle 529: v_circ = 4.508978 km/s
Particle 530: v_circ = 2.788020 km/s
Particle 531: v_circ = 6.752324 km/s
Particle 532: v_circ = 5.684019 km/s
Particle 533: v_circ = 9.205493 km/s
Particle 534: v_circ = 3.855265 km/s
Particle 535: v_circ = 12.119863 km/s
Particle 536: v_circ = 4.814344 km/s
Particle 537: v_circ = 1.689854 km/s
Particle 538: v_circ = 7.196106 km/s
Particle 539: v_circ = 7.669836 km/s
Particle 540: v_circ = 10.492830 km/s
Particle 541: v_circ = 7.962132 km/s
Particle 542: v_circ = 10.814591 km/s
Particle 543: v_circ = 6.320476 km/s
Particle 544: v_circ = 8.073285 km/s
Particle 545: v_circ = 4.319141 km/s
Particle 546: v_circ = 9.823069 km/s
Particle 547: v_circ = 14.066888 km/s
Particle 548: v_circ = 6.422553 km/s
Particle 549: v_circ = 7.435756 km/s
Particle 550: v_circ = 2.693801 km/s
Particle 551: v_circ = 5.282402 km/s
Particle 552: v_circ = 10.482361 km/s
Particle 553: v_circ = 3.387870 km/s
Particle 554: v_circ = 2.456010 km/s
Particle 555: v_circ = 9.282792 km/s
Particle 556: v_circ = 2.549728 km/s
Particle 557: v_circ = 6.072337 km/s
Particle 558: v_circ = 13.341580 km/s
Particle 559: v_circ = 4.432013 km/s
Particle 560: v_circ = 5.317324 km/s
Particle 561: v_circ = 3.070796 km/s
Particle 562: v_circ = 10.532057 km/s
Particle 563: v_circ = 2.467293 km/s
Particle 564: v_circ = 14.432755 km/s
Particle 565: v_circ = 4.632395 km/s
Particle 566: v_circ = 7.007419 km/s
Particle 567: v_circ = 10.382710 km/s
Particle 568: v_circ = 9.822093 km/s
Particle 569: v_circ = 6.646451 km/s
Particle 570: v_circ = 1.683564 km/s
Particle 571: v_circ = 5.424144 km/s
Particle 572: v_circ = 6.985830 km/s
Particle 573: v_circ = 6.413606 km/s
Particle 574: v_circ = 2.085501 km/s
Particle 575: v_circ = 1.847643 km/s
Particle 576: v_circ = 3.619529 km/s
Particle 577: v_circ = 2.990857 km/s
Particle 578: v_circ = 8.346700 km/s
Particle 579: v_circ = 13.465751 km/s
Particle 580: v_circ = 5.117359 km/s
Particle 581: v_circ = 4.782199 km/s
Particle 582: v_circ = 1.815696 km/s
Particle 583: v_circ = 6.620922 km/s
Particle 584: v_circ = 8.533039 km/s
Particle 585: v_circ = 3.993525 km/s
Particle 586: v_circ = 8.759744 km/s
Particle 587: v_circ = 3.844279 km/s
Particle 588: v_circ = 4.169983 km/s
Particle 589: v_circ = 3.641013 km/s
Particle 590: v_circ = 7.202436 km/s
Particle 591: v_circ = 1.805680 km/s
Particle 592: v_circ = 3.841600 km/s
Particle 593: v_circ = 6.131266 km/s
Particle 594: v_circ = 9.884791 km/s
Particle 595: v_circ = 7.437710 km/s
Particle 596: v_circ = 6.130568 km/s
Particle 597: v_circ = 5.338700 km/s
Particle 598: v_circ = 2.345349 km/s
Particle 599: v_circ = 13.104712 km/s
Particle 600: v_circ = 8.254002 km/s
Particle 601: v_circ = 3.433893 km/s
Particle 602: v_circ = 5.542530 km/s
Particle 603: v_circ = 2.419466 km/s
Particle 604: v_circ = 2.225930 km/s
Particle 605: v_circ = 6.952001 km/s
Particle 606: v_circ = 10.041981 km/s
Particle 607: v_circ = 2.566139 km/s
Particle 608: v_circ = 4.973690 km/s
Particle 609: v_circ = 4.963505 km/s
Particle 610: v_circ = 5.208265 km/s
Particle 611: v_circ = 3.902114 km/s
Particle 612: v_circ = 6.131601 km/s
Particle 613: v_circ = 13.455841 km/s
Particle 614: v_circ = 3.066747 km/s
Particle 615: v_circ = 2.444969 km/s
Particle 616: v_circ = 5.718017 km/s
Particle 617: v_circ = 8.205205 km/s
Particle 618: v_circ = 2.669884 km/s
Particle 619: v_circ = 4.739451 km/s
Particle 620: v_circ = 6.078929 km/s
Particle 621: v_circ = 3.966288 km/s
Particle 622: v_circ = 1.963853 km/s
Particle 623: v_circ = 0.974258 km/s
Particle 624: v_circ = 9.585423 km/s
Particle 625: v_circ = 12.927173 km/s
Particle 626: v_circ = 6.654036 km/s
Particle 627: v_circ = 5.426508 km/s
Particle 628: v_circ = 11.051909 km/s
Particle 629: v_circ = 1.628484 km/s
Particle 630: v_circ = 3.937376 km/s
Particle 631: v_circ = 4.543951 km/s
Particle 632: v_circ = 5.311201 km/s
Particle 633: v_circ = 0.367335 km/s
Particle 634: v_circ = 1.585383 km/s
Particle 635: v_circ = 5.347155 km/s
Particle 636: v_circ = 6.409973 km/s
Particle 637: v_circ = 9.191313 km/s
Particle 638: v_circ = 10.713528 km/s
Particle 639: v_circ = 1.200506 km/s
Particle 640: v_circ = 9.703600 km/s
Particle 641: v_circ = 1.994744 km/s
Particle 642: v_circ = 3.797041 km/s
Particle 643: v_circ = 3.321190 km/s
Particle 644: v_circ = 6.130093 km/s
Particle 645: v_circ = 6.744920 km/s
Particle 646: v_circ = 3.034329 km/s
Particle 647: v_circ = 5.837097 km/s
Particle 648: v_circ = 10.335122 km/s
Particle 649: v_circ = 2.041973 km/s
Particle 650: v_circ = 1.211090 km/s
Particle 651: v_circ = 3.327208 km/s
Particle 652: v_circ = 11.111574 km/s
Particle 653: v_circ = 2.819421 km/s
Particle 654: v_circ = 6.285572 km/s
Particle 655: v_circ = 3.869338 km/s
Particle 656: v_circ = 6.185217 km/s
Particle 657: v_circ = 4.171360 km/s
Particle 658: v_circ = 11.391672 km/s
Particle 659: v_circ = 3.732885 km/s
Particle 660: v_circ = 2.859654 km/s
Particle 661: v_circ = 6.095111 km/s
Particle 662: v_circ = 5.080632 km/s
Particle 663: v_circ = 14.455230 km/s
Particle 664: v_circ = 1.643335 km/s
Particle 665: v_circ = 3.177050 km/s
Particle 666: v_circ = 3.639945 km/s
Particle 667: v_circ = 4.436050 km/s
Particle 668: v_circ = 12.916758 km/s
Particle 669: v_circ = 3.564859 km/s
Particle 670: v_circ = 13.204240 km/s
Particle 671: v_circ = 3.309367 km/s
Particle 672: v_circ = 9.288590 km/s
Particle 673: v_circ = 7.544000 km/s
Particle 674: v_circ = 2.700619 km/s
Particle 675: v_circ = 7.311550 km/s
Particle 676: v_circ = 8.628496 km/s
Particle 677: v_circ = 2.472654 km/s
Particle 678: v_circ = 3.697874 km/s
Particle 679: v_circ = 9.222556 km/s
Particle 680: v_circ = 4.071988 km/s
Particle 681: v_circ = 5.794849 km/s
Particle 682: v_circ = 14.033111 km/s
Particle 683: v_circ = 10.468871 km/s
Particle 684: v_circ = 4.009198 km/s
Particle 685: v_circ = 7.701778 km/s
Particle 686: v_circ = 3.972569 km/s
Particle 687: v_circ = 6.483959 km/s
Particle 688: v_circ = 3.500127 km/s
Particle 689: v_circ = 8.971414 km/s
Particle 690: v_circ = 4.851788 km/s
Particle 691: v_circ = 7.505472 km/s
Particle 692: v_circ = 7.957510 km/s
Particle 693: v_circ = 10.511360 km/s
Particle 694: v_circ = 8.549780 km/s
Particle 695: v_circ = 3.157086 km/s
Particle 696: v_circ = 4.181687 km/s
Particle 697: v_circ = 1.724406 km/s
Particle 698: v_circ = 11.247172 km/s
Particle 699: v_circ = 5.911081 km/s
Particle 700: v_circ = 6.875605 km/s
Particle 701: v_circ = 1.774334 km/s
Particle 702: v_circ = 9.555369 km/s
Particle 703: v_circ = 1.036832 km/s
Particle 704: v_circ = 4.489932 km/s
Particle 705: v_circ = 3.328845 km/s
Particle 706: v_circ = 10.740886 km/s
Particle 707: v_circ = 1.332226 km/s
Particle 708: v_circ = 3.809686 km/s
Particle 709: v_circ = 2.922322 km/s
Particle 710: v_circ = 9.880122 km/s
Particle 711: v_circ = 0.447141 km/s
Particle 712: v_circ = 4.815268 km/s
Particle 713: v_circ = 3.088272 km/s
Particle 714: v_circ = 8.685443 km/s
Particle 715: v_circ = 5.656307 km/s
Particle 716: v_circ = 2.538929 km/s
Particle 717: v_circ = 6.056938 km/s
Particle 718: v_circ = 9.181837 km/s
Particle 719: v_circ = 7.023672 km/s
Particle 720: v_circ = 2.386287 km/s
Particle 721: v_circ = 7.435992 km/s
Particle 722: v_circ = 1.543801 km/s
Particle 723: v_circ = 3.573120 km/s
Particle 724: v_circ = 3.003225 km/s
Particle 725: v_circ = 1.500563 km/s
Particle 726: v_circ = 13.660105 km/s
Particle 727: v_circ = 9.750966 km/s
Particle 728: v_circ = 2.656425 km/s
Particle 729: v_circ = 2.975997 km/s
Particle 730: v_circ = 8.384966 km/s
Particle 731: v_circ = 3.108661 km/s
Particle 732: v_circ = 6.841475 km/s
Particle 733: v_circ = 10.046654 km/s
Particle 734: v_circ = 14.577309 km/s
Particle 735: v_circ = 5.468859 km/s
Particle 736: v_circ = 0.307674 km/s
Particle 737: v_circ = 6.882853 km/s
Particle 738: v_circ = 3.663552 km/s
Particle 739: v_circ = 6.687700 km/s
Particle 740: v_circ = 8.255163 km/s
Particle 741: v_circ = 11.903624 km/s
Particle 742: v_circ = 2.424992 km/s
Particle 743: v_circ = 5.246877 km/s
Particle 744: v_circ = 9.308968 km/s
Particle 745: v_circ = 10.376403 km/s
Particle 746: v_circ = 1.989866 km/s
Particle 747: v_circ = 8.564495 km/s
Particle 748: v_circ = 12.169409 km/s
Particle 749: v_circ = 9.017859 km/s
Particle 750: v_circ = 7.217161 km/s
Particle 751: v_circ = 3.792943 km/s
Particle 752: v_circ = 5.103641 km/s
Particle 753: v_circ = 2.363091 km/s
Particle 754: v_circ = 12.647165 km/s
Particle 755: v_circ = 11.123848 km/s
Particle 756: v_circ = 4.328199 km/s
Particle 757: v_circ = 8.728994 km/s
Particle 758: v_circ = 5.209502 km/s
Particle 759: v_circ = 13.964773 km/s
Particle 760: v_circ = 13.713274 km/s
Particle 761: v_circ = 10.851555 km/s
Particle 762: v_circ = 6.645096 km/s
Particle 763: v_circ = 1.937455 km/s
Particle 764: v_circ = 2.530112 km/s
Particle 765: v_circ = 3.219295 km/s
Particle 766: v_circ = 2.561350 km/s
Particle 767: v_circ = 4.927777 km/s
Particle 768: v_circ = 0.885811 km/s
Particle 769: v_circ = 7.298732 km/s
Particle 770: v_circ = 6.478947 km/s
Particle 771: v_circ = 4.803784 km/s
Particle 772: v_circ = 2.229869 km/s
Particle 773: v_circ = 4.854737 km/s
Particle 774: v_circ = 4.989822 km/s
Particle 775: v_circ = 4.146272 km/s
Particle 776: v_circ = 4.275242 km/s
Particle 777: v_circ = 6.797687 km/s
Particle 778: v_circ = 13.740599 km/s
Particle 779: v_circ = 5.369543 km/s
Particle 780: v_circ = 6.439664 km/s
Particle 781: v_circ = 5.296039 km/s
Particle 782: v_circ = 7.675235 km/s
Particle 783: v_circ = 3.424390 km/s
Particle 784: v_circ = 6.235021 km/s
Particle 785: v_circ = 5.596720 km/s
Particle 786: v_circ = 7.273925 km/s
Particle 787: v_circ = 5.113998 km/s
Particle 788: v_circ = 4.840711 km/s
Particle 789: v_circ = 10.402314 km/s
Particle 790: v_circ = 11.351927 km/s
Particle 791: v_circ = 3.600657 km/s
Particle 792: v_circ = 8.742307 km/s
Particle 793: v_circ = 4.455554 km/s
Particle 794: v_circ = 2.602564 km/s
Particle 795: v_circ = 12.414980 km/s
Particle 796: v_circ = 10.374818 km/s
Particle 797: v_circ = 4.680287 km/s
Particle 798: v_circ = 5.527362 km/s
Particle 799: v_circ = 1.655038 km/s
Particle 800: v_circ = 3.393187 km/s
Particle 801: v_circ = 3.848636 km/s
Particle 802: v_circ = 5.457609 km/s
Particle 803: v_circ = 5.708976 km/s
Particle 804: v_circ = 1.883567 km/s
Particle 805: v_circ = 7.700934 km/s
Particle 806: v_circ = 4.226792 km/s
Particle 807: v_circ = 8.306722 km/s
Particle 808: v_circ = 3.438686 km/s
Particle 809: v_circ = 7.729513 km/s
Particle 810: v_circ = 6.496392 km/s
Particle 811: v_circ = 2.395735 km/s
Particle 812: v_circ = 6.235084 km/s
Particle 813: v_circ = 7.327726 km/s
Particle 814: v_circ = 6.334858 km/s
Particle 815: v_circ = 5.254631 km/s
Particle 816: v_circ = 9.737314 km/s
Particle 817: v_circ = 8.109325 km/s
Particle 818: v_circ = 7.766369 km/s
Particle 819: v_circ = 4.312572 km/s
Particle 820: v_circ = 1.805622 km/s
Particle 821: v_circ = 1.639814 km/s
Particle 822: v_circ = 5.579806 km/s
Particle 823: v_circ = 5.167924 km/s
Particle 824: v_circ = 7.047259 km/s
Particle 825: v_circ = 7.162712 km/s
Particle 826: v_circ = 2.182109 km/s
Particle 827: v_circ = 4.381229 km/s
Particle 828: v_circ = 5.996232 km/s
Particle 829: v_circ = 1.988556 km/s
Particle 830: v_circ = 2.627716 km/s
Particle 831: v_circ = 2.605342 km/s
Particle 832: v_circ = 4.392665 km/s
Particle 833: v_circ = 9.362215 km/s
Particle 834: v_circ = 14.731402 km/s
Particle 835: v_circ = 8.824141 km/s
Particle 836: v_circ = 8.773148 km/s
Particle 837: v_circ = 5.372145 km/s
Particle 838: v_circ = 4.787629 km/s
Particle 839: v_circ = 5.405119 km/s
Particle 840: v_circ = 5.032807 km/s
Particle 841: v_circ = 10.275517 km/s
Particle 842: v_circ = 6.786565 km/s
Particle 843: v_circ = 5.488715 km/s
Particle 844: v_circ = 9.436534 km/s
Particle 845: v_circ = 0.891774 km/s
Particle 846: v_circ = 4.428606 km/s
Particle 847: v_circ = 7.474952 km/s
Particle 848: v_circ = 2.708320 km/s
Particle 849: v_circ = 6.224138 km/s
Particle 850: v_circ = 2.108704 km/s
Particle 851: v_circ = 4.071924 km/s
Particle 852: v_circ = 9.732642 km/s
Particle 853: v_circ = 3.398642 km/s
Particle 854: v_circ = 7.779916 km/s
Particle 855: v_circ = 8.155204 km/s
Particle 856: v_circ = 1.892115 km/s
Particle 857: v_circ = 2.201192 km/s
Particle 858: v_circ = 6.989084 km/s
Particle 859: v_circ = 4.583429 km/s
Particle 860: v_circ = 10.092431 km/s
Particle 861: v_circ = 4.768707 km/s
Particle 862: v_circ = 8.222538 km/s
Particle 863: v_circ = 10.078183 km/s
Particle 864: v_circ = 4.950449 km/s
Particle 865: v_circ = 8.117508 km/s
Particle 866: v_circ = 2.862097 km/s
Particle 867: v_circ = 3.258315 km/s
Particle 868: v_circ = 4.929159 km/s
Particle 869: v_circ = 5.797045 km/s
Particle 870: v_circ = 11.355342 km/s
Particle 871: v_circ = 2.349066 km/s
Particle 872: v_circ = 7.835990 km/s
Particle 873: v_circ = 9.180201 km/s
Particle 874: v_circ = 5.551446 km/s
Particle 875: v_circ = 9.402678 km/s
Particle 876: v_circ = 10.642768 km/s
Particle 877: v_circ = 7.183283 km/s
Particle 878: v_circ = 7.409781 km/s
Particle 879: v_circ = 5.815079 km/s
Particle 880: v_circ = 10.606015 km/s
Particle 881: v_circ = 5.419020 km/s
Particle 882: v_circ = 7.037527 km/s
Particle 883: v_circ = 7.522523 km/s
Particle 884: v_circ = 3.393575 km/s
Particle 885: v_circ = 10.910194 km/s
Particle 886: v_circ = 5.678807 km/s
Particle 887: v_circ = 5.679233 km/s
Particle 888: v_circ = 6.068041 km/s
Particle 889: v_circ = 8.673010 km/s
Particle 890: v_circ = 4.292953 km/s
Particle 891: v_circ = 2.275252 km/s
Particle 892: v_circ = 5.825184 km/s
Particle 893: v_circ = 1.559547 km/s
Particle 894: v_circ = 10.485251 km/s
Particle 895: v_circ = 3.806733 km/s
Particle 896: v_circ = 5.282045 km/s
Particle 897: v_circ = 8.803404 km/s
Particle 898: v_circ = 3.544785 km/s
Particle 899: v_circ = 12.570036 km/s
Particle 900: v_circ = 8.705686 km/s
Particle 901: v_circ = 6.494137 km/s
Particle 902: v_circ = 2.111950 km/s
Particle 903: v_circ = 7.442419 km/s
Particle 904: v_circ = 3.763838 km/s
Particle 905: v_circ = 1.404570 km/s
Particle 906: v_circ = 9.191894 km/s
Particle 907: v_circ = 4.327605 km/s
Particle 908: v_circ = 5.942011 km/s
Particle 909: v_circ = 6.727922 km/s
Particle 910: v_circ = 2.613917 km/s
Particle 911: v_circ = 12.628481 km/s
Particle 912: v_circ = 6.873584 km/s
Particle 913: v_circ = 3.531745 km/s
Particle 914: v_circ = 2.671724 km/s
Particle 915: v_circ = 7.509012 km/s
Particle 916: v_circ = 7.013347 km/s
Particle 917: v_circ = 10.153420 km/s
Particle 918: v_circ = 1.682106 km/s
Particle 919: v_circ = 2.512400 km/s
Particle 920: v_circ = 8.498131 km/s
Particle 921: v_circ = 2.639253 km/s
Particle 922: v_circ = 5.360058 km/s
Particle 923: v_circ = 4.814848 km/s
Particle 924: v_circ = 5.918520 km/s
Particle 925: v_circ = 4.120627 km/s
Particle 926: v_circ = 5.191161 km/s
Particle 927: v_circ = 6.775765 km/s
Particle 928: v_circ = 7.958857 km/s
Particle 929: v_circ = 9.410986 km/s
Particle 930: v_circ = 5.382929 km/s
Particle 931: v_circ = 3.053648 km/s
Particle 932: v_circ = 6.357016 km/s
Particle 933: v_circ = 0.982504 km/s
Particle 934: v_circ = 2.453616 km/s
Particle 935: v_circ = 3.515072 km/s
Particle 936: v_circ = 3.648816 km/s
Particle 937: v_circ = 6.927949 km/s
Particle 938: v_circ = 11.901769 km/s
Particle 939: v_circ = 6.681363 km/s
Particle 940: v_circ = 8.002601 km/s
Particle 941: v_circ = 2.943332 km/s
Particle 942: v_circ = 9.728464 km/s
Particle 943: v_circ = 2.999052 km/s
Particle 944: v_circ = 8.807506 km/s
Particle 945: v_circ = 5.729053 km/s
Particle 946: v_circ = 8.959722 km/s
Particle 947: v_circ = 5.114171 km/s
Particle 948: v_circ = 2.877105 km/s
Particle 949: v_circ = 4.193578 km/s
Particle 950: v_circ = 5.213870 km/s
Particle 951: v_circ = 5.921649 km/s
Particle 952: v_circ = 4.219469 km/s
Particle 953: v_circ = 13.511278 km/s
Particle 954: v_circ = 9.644418 km/s
Particle 955: v_circ = 2.508336 km/s
Particle 956: v_circ = 4.176435 km/s
Particle 957: v_circ = 9.593799 km/s
Particle 958: v_circ = 8.956033 km/s
Particle 959: v_circ = 8.518601 km/s
Particle 960: v_circ = 2.548941 km/s
Particle 961: v_circ = 3.015156 km/s
Particle 962: v_circ = 6.310249 km/s
Particle 963: v_circ = 4.515081 km/s
Particle 964: v_circ = 5.779399 km/s
Particle 965: v_circ = 4.056959 km/s
Particle 966: v_circ = 4.579785 km/s
Particle 967: v_circ = 6.809469 km/s
Particle 968: v_circ = 3.634872 km/s
Particle 969: v_circ = 8.946029 km/s
Particle 970: v_circ = 6.517172 km/s
Particle 971: v_circ = 4.117666 km/s
Particle 972: v_circ = 12.939357 km/s
Particle 973: v_circ = 6.207832 km/s
Particle 974: v_circ = 7.990121 km/s
Particle 975: v_circ = 4.461877 km/s
Particle 976: v_circ = 4.724874 km/s
Particle 977: v_circ = 3.576078 km/s
Particle 978: v_circ = 1.764369 km/s
Particle 979: v_circ = 13.496778 km/s
Particle 980: v_circ = 11.267190 km/s
Particle 981: v_circ = 3.035600 km/s
Particle 982: v_circ = 4.758463 km/s
Particle 983: v_circ = 5.211574 km/s
Particle 984: v_circ = 7.335378 km/s
Particle 985: v_circ = 3.716765 km/s
Particle 986: v_circ = 14.447705 km/s
Particle 987: v_circ = 2.066304 km/s
Particle 988: v_circ = 3.542083 km/s
Particle 989: v_circ = 1.966186 km/s
Particle 990: v_circ = 2.778367 km/s
Particle 991: v_circ = 10.920702 km/s
Particle 992: v_circ = 6.823850 km/s
Particle 993: v_circ = 2.998828 km/s
Particle 994: v_circ = 5.609268 km/s
Particle 995: v_circ = 4.846454 km/s
Particle 996: v_circ = 8.247550 km/s
Particle 997: v_circ = 0.702047 km/s
Particle 998: v_circ = 13.443798 km/s
Particle 999: v_circ = 3.689116 km/s
Mean r: 0.078 kpc
lambda_dB crossing time: 127.445 Myr
Fastest beat period T_c: 15.443 Myr
dt: 0.008 Gyr
Number of time steps: 1295
Ramp time: 0.000 Gyr, no_ramp_steps: 0
  init 53.3 s
  step 0: 1 force calls, t 0.0000000000e+00 -> 3.3510137636e-04, rho 8.2 s, acc 35.4 s   <-- compile happens here on a cold cache
  step 1: 1 force calls, t 3.3510137636e-04 -> 6.7020275271e-04, rho 7.4 s, acc 10.0 s
  step 2: 1 force calls, t 6.7020275271e-04 -> 1.0053041291e-03, rho 7.3 s, acc 10.0 s

======================================================================
INSTANCE 0  vs  INSTANCE 1
======================================================================
  dt                 identical
  pos_0              identical
  vel_0              identical
  --- step 0 ---
  rho_0              identical
  acc_0              identical
  t_before_0         identical
  force_calls_0      identical
  t_after_0          identical
  pos_1              identical
  vel_1              identical
  --- step 1 ---
  rho_1              identical
  acc_1              identical
  t_before_1         identical
  force_calls_1      identical
  t_after_1          identical
  pos_2              identical
  vel_2              identical
  --- step 2 ---
  rho_2              identical
  acc_2              identical
  t_before_2         identical
  force_calls_2      identical
  t_after_2          identical
  pos_3              identical
  vel_3              identical

======================================================================
VERDICT
======================================================================
No divergence in 3 steps. Two instances in one process are
bit-identical, so `for i in range(2)` alone does not reproduce it either. The
cause is something that differed between the two reproduc runs but not here -
next suspects are the checkpoint round trip (run_0 and run_1 wrote and could
have resumed from different files) and anything that changed on the node
between them.

====================================
CPU Time used: 03:34:06
CPU Percent: 777%
Memory usage: 12468980kb
Approx Power usage: 0.0428
Walltime usage: 00:38:49

====================================
