[CudaDevice(id=0), CudaDevice(id=1)]
[CudaDevice(id=0), CudaDevice(id=1)]
[CudaDevice(id=0), CudaDevice(id=1)]
[CudaDevice(id=0), CudaDevice(id=1)]
[CudaDevice(id=0), CudaDevice(id=1)]
[CudaDevice(id=0), CudaDevice(id=1)]
[CudaDevice(id=0), CudaDevice(id=1)]
[CudaDevice(id=0), CudaDevice(id=1)]
[CudaDevice(id=0), CudaDevice(id=1)]
[CudaDevice(id=0), CudaDevice(id=1)]
[CudaDevice(id=0), CudaDevice(id=1)]
[CudaDevice(id=0), CudaDevice(id=1)]
[CudaDevice(id=0), CudaDevice(id=1)]
[CudaDevice(id=0), CudaDevice(id=1)]
[CudaDevice(id=0), CudaDevice(id=1)]
[CudaDevice(id=0), CudaDevice(id=1)]
[CudaDevice(id=0), CudaDevice(id=1)]
Running sim with L_out_frac = 1...
[mem_saver] Multi-GPU sharding enabled across 2 devices.
Loading precomputed R_j_r from /rds/general/user/jd925/home/PhD_first_year/jaxsp/Adding_stellar_masses/precomputed_wf/precomputed_R_j_r_m22_10_rbins_1000.npz...
l max from jaxsp: 240
L_max_out 481 not divisible by 2 devices; rounding down to 480 for L-sharding.
Particle 0: v_circ = 15.773 km/s
Particle 1: v_circ = 15.764 km/s
Particle 2: v_circ = 15.774 km/s
Particle 3: v_circ = 15.786 km/s
Particle 4: v_circ = 15.765 km/s
Particle 5: v_circ = 15.780 km/s
Particle 6: v_circ = 15.776 km/s
Particle 7: v_circ = 15.786 km/s
Particle 8: v_circ = 15.787 km/s
Particle 9: v_circ = 15.780 km/s
Particle 10: v_circ = 15.763 km/s
Particle 11: v_circ = 15.774 km/s
Particle 12: v_circ = 15.770 km/s
Particle 13: v_circ = 15.785 km/s
Particle 14: v_circ = 15.767 km/s
Particle 15: v_circ = 15.777 km/s
Particle 16: v_circ = 15.777 km/s
Particle 17: v_circ = 15.771 km/s
Particle 18: v_circ = 15.788 km/s
Particle 19: v_circ = 15.783 km/s
Particle 20: v_circ = 15.767 km/s
Particle 21: v_circ = 15.777 km/s
Particle 22: v_circ = 15.788 km/s
Particle 23: v_circ = 15.779 km/s
Particle 24: v_circ = 15.764 km/s
Particle 25: v_circ = 15.772 km/s
Particle 26: v_circ = 15.772 km/s
Particle 27: v_circ = 15.760 km/s
Particle 28: v_circ = 15.773 km/s
Particle 29: v_circ = 15.776 km/s
Particle 30: v_circ = 15.788 km/s
Particle 31: v_circ = 15.784 km/s
Particle 32: v_circ = 15.783 km/s
Particle 33: v_circ = 15.784 km/s
Particle 34: v_circ = 15.783 km/s
Particle 35: v_circ = 15.771 km/s
Particle 36: v_circ = 15.769 km/s
Particle 37: v_circ = 15.768 km/s
Particle 38: v_circ = 15.790 km/s
Particle 39: v_circ = 15.776 km/s
Particle 40: v_circ = 15.778 km/s
Particle 41: v_circ = 15.778 km/s
Particle 42: v_circ = 15.774 km/s
Particle 43: v_circ = 15.784 km/s
Particle 44: v_circ = 15.760 km/s
Particle 45: v_circ = 15.785 km/s
Particle 46: v_circ = 15.783 km/s
Particle 47: v_circ = 15.780 km/s
Particle 48: v_circ = 15.777 km/s
Particle 49: v_circ = 15.786 km/s
Particle 50: v_circ = 15.782 km/s
Particle 51: v_circ = 15.762 km/s
Particle 52: v_circ = 15.788 km/s
Particle 53: v_circ = 15.762 km/s
Particle 54: v_circ = 15.783 km/s
Particle 55: v_circ = 15.771 km/s
Particle 56: v_circ = 15.776 km/s
Particle 57: v_circ = 15.781 km/s
Particle 58: v_circ = 15.772 km/s
Particle 59: v_circ = 15.783 km/s
Particle 60: v_circ = 15.776 km/s
Particle 61: v_circ = 15.788 km/s
Particle 62: v_circ = 15.769 km/s
Particle 63: v_circ = 15.768 km/s
Particle 64: v_circ = 15.763 km/s
Particle 65: v_circ = 15.776 km/s
Particle 66: v_circ = 15.783 km/s
Particle 67: v_circ = 15.773 km/s
Particle 68: v_circ = 15.789 km/s
Particle 69: v_circ = 15.785 km/s
Particle 70: v_circ = 15.786 km/s
Particle 71: v_circ = 15.764 km/s
Particle 72: v_circ = 15.769 km/s
Particle 73: v_circ = 15.760 km/s
Particle 74: v_circ = 15.766 km/s
Particle 75: v_circ = 15.782 km/s
Particle 76: v_circ = 15.778 km/s
Particle 77: v_circ = 15.777 km/s
Particle 78: v_circ = 15.781 km/s
Particle 79: v_circ = 15.779 km/s
Particle 80: v_circ = 15.783 km/s
Particle 81: v_circ = 15.772 km/s
Particle 82: v_circ = 15.760 km/s
Particle 83: v_circ = 15.775 km/s
Particle 84: v_circ = 15.774 km/s
Particle 85: v_circ = 15.788 km/s
Particle 86: v_circ = 15.782 km/s
Particle 87: v_circ = 15.760 km/s
Particle 88: v_circ = 15.774 km/s
Particle 89: v_circ = 15.787 km/s
Particle 90: v_circ = 15.781 km/s
Particle 91: v_circ = 15.768 km/s
Particle 92: v_circ = 15.770 km/s
Particle 93: v_circ = 15.790 km/s
Particle 94: v_circ = 15.778 km/s
Particle 95: v_circ = 15.787 km/s
Particle 96: v_circ = 15.771 km/s
Particle 97: v_circ = 15.775 km/s
Particle 98: v_circ = 15.772 km/s
Particle 99: v_circ = 15.778 km/s
Mean r: 1.001 kpc
Min T_orb: 380.271 Myr
T_c: 7.523 Myr
dt: 0.008 Gyr
Number of time steps: 1329
Ramp phase: 0 steps (0.000 Gyr)
Main phase: 1329 steps (9.998 Gyr)
Total: 1329 steps
completed rho_lms precomputation
Resuming from checkpoint: /rds/general/user/jd925/ephemeral/Checkpoints/checkpoints_m22_10_r0_1_Lout_1/checkpoint_step_1300.pkl
Resumed from step 1300 / 1329
Time step 1301 / 1329
Building rho_lms for this timestep...
rho_lms built in 14.52 seconds
  Force calls this timestep: 1
Time stepping all particles completed in 29.00 seconds
Time step 1302 / 1329
Building rho_lms for this timestep...
rho_lms built in 14.52 seconds
  Force calls this timestep: 1
Time stepping all particles completed in 28.98 seconds
Time step 1303 / 1329
Building rho_lms for this timestep...
rho_lms built in 14.51 seconds
  Force calls this timestep: 1
Time stepping all particles completed in 28.98 seconds
Time step 1304 / 1329
Building rho_lms for this timestep...
rho_lms built in 14.51 seconds
  Force calls this timestep: 1
Time stepping all particles completed in 28.98 seconds
Time step 1305 / 1329
Building rho_lms for this timestep...
rho_lms built in 14.51 seconds
  Force calls this timestep: 1
Time stepping all particles completed in 28.97 seconds
Time step 1306 / 1329
Building rho_lms for this timestep...
rho_lms built in 14.51 seconds
  Force calls this timestep: 1
Time stepping all particles completed in 28.98 seconds
Time step 1307 / 1329
Building rho_lms for this timestep...
rho_lms built in 14.51 seconds
  Force calls this timestep: 1
Time stepping all particles completed in 28.97 seconds
Time step 1308 / 1329
Building rho_lms for this timestep...
rho_lms built in 14.51 seconds
  Force calls this timestep: 1
Time stepping all particles completed in 28.98 seconds
Time step 1309 / 1329
Building rho_lms for this timestep...
rho_lms built in 14.52 seconds
  Force calls this timestep: 1
Time stepping all particles completed in 28.97 seconds
Time step 1310 / 1329
Building rho_lms for this timestep...
rho_lms built in 14.51 seconds
  Force calls this timestep: 1
Time stepping all particles completed in 28.98 seconds
Time step 1311 / 1329
Building rho_lms for this timestep...
rho_lms built in 14.51 seconds
  Force calls this timestep: 1
Time stepping all particles completed in 28.98 seconds
Time step 1312 / 1329
Building rho_lms for this timestep...
rho_lms built in 14.51 seconds
  Force calls this timestep: 1
Time stepping all particles completed in 28.98 seconds
Time step 1313 / 1329
Building rho_lms for this timestep...
rho_lms built in 14.51 seconds
  Force calls this timestep: 1
Time stepping all particles completed in 28.98 seconds
Time step 1314 / 1329
Building rho_lms for this timestep...
rho_lms built in 14.51 seconds
  Force calls this timestep: 1
Time stepping all particles completed in 28.98 seconds
Time step 1315 / 1329
Building rho_lms for this timestep...
rho_lms built in 14.51 seconds
  Force calls this timestep: 1
Time stepping all particles completed in 28.98 seconds
Time step 1316 / 1329
Building rho_lms for this timestep...
rho_lms built in 14.51 seconds
  Force calls this timestep: 1
Time stepping all particles completed in 28.98 seconds
Time step 1317 / 1329
Building rho_lms for this timestep...
rho_lms built in 14.51 seconds
  Force calls this timestep: 1
Time stepping all particles completed in 28.97 seconds
Time step 1318 / 1329
Building rho_lms for this timestep...
rho_lms built in 14.51 seconds
  Force calls this timestep: 1
Time stepping all particles completed in 28.98 seconds
Time step 1319 / 1329
Building rho_lms for this timestep...
rho_lms built in 14.51 seconds
  Force calls this timestep: 1
Time stepping all particles completed in 28.97 seconds
Time step 1320 / 1329
Building rho_lms for this timestep...
rho_lms built in 14.51 seconds
  Force calls this timestep: 1
Time stepping all particles completed in 28.98 seconds
Time step 1321 / 1329
Building rho_lms for this timestep...
rho_lms built in 14.52 seconds
  Force calls this timestep: 1
Time stepping all particles completed in 28.98 seconds
Time step 1322 / 1329
Building rho_lms for this timestep...
rho_lms built in 14.51 seconds
  Force calls this timestep: 1
Time stepping all particles completed in 28.98 seconds
Time step 1323 / 1329
Building rho_lms for this timestep...
rho_lms built in 14.51 seconds
  Force calls this timestep: 1
Time stepping all particles completed in 28.98 seconds
Time step 1324 / 1329
Building rho_lms for this timestep...
rho_lms built in 14.51 seconds
  Force calls this timestep: 1
Time stepping all particles completed in 28.98 seconds
Time step 1325 / 1329
Building rho_lms for this timestep...
rho_lms built in 14.52 seconds
  Force calls this timestep: 1
Time stepping all particles completed in 28.98 seconds
Time step 1326 / 1329
Building rho_lms for this timestep...
rho_lms built in 14.51 seconds
  Force calls this timestep: 1
Time stepping all particles completed in 28.98 seconds
Time step 1327 / 1329
Building rho_lms for this timestep...
rho_lms built in 14.51 seconds
  Force calls this timestep: 1
Time stepping all particles completed in 28.98 seconds
Time step 1328 / 1329
Building rho_lms for this timestep...
rho_lms built in 14.51 seconds
  Force calls this timestep: 1
Time stepping all particles completed in 28.98 seconds
Time step 1329 / 1329
Building rho_lms for this timestep...
rho_lms built in 14.52 seconds
  Force calls this timestep: 1
Time stepping all particles completed in 28.98 seconds
Final checkpoint saved: /rds/general/user/jd925/ephemeral/Checkpoints/checkpoints_m22_10_r0_1_Lout_1/checkpoint_final.pkl
Running sim with L_out_frac = 0.9...
[mem_saver] Multi-GPU sharding enabled across 2 devices.
Loading precomputed R_j_r from /rds/general/user/jd925/home/PhD_first_year/jaxsp/Adding_stellar_masses/precomputed_wf/precomputed_R_j_r_m22_10_rbins_1000.npz...
l max from jaxsp: 240
SphHT bandwidth truncated by L_out_frac=0.9: L_max_out = 433 (natural 2L-1 = 481, floor L = 241)
L_max_out 433 not divisible by 2 devices; rounding down to 432 for L-sharding.
Particle 0: v_circ = 15.773 km/s
Particle 1: v_circ = 15.764 km/s
Particle 2: v_circ = 15.774 km/s
Particle 3: v_circ = 15.786 km/s
Particle 4: v_circ = 15.765 km/s
Particle 5: v_circ = 15.780 km/s
Particle 6: v_circ = 15.776 km/s
Particle 7: v_circ = 15.786 km/s
Particle 8: v_circ = 15.787 km/s
Particle 9: v_circ = 15.780 km/s
Particle 10: v_circ = 15.763 km/s
Particle 11: v_circ = 15.774 km/s
Particle 12: v_circ = 15.770 km/s
Particle 13: v_circ = 15.785 km/s
Particle 14: v_circ = 15.767 km/s
Particle 15: v_circ = 15.777 km/s
Particle 16: v_circ = 15.777 km/s
Particle 17: v_circ = 15.771 km/s
Particle 18: v_circ = 15.788 km/s
Particle 19: v_circ = 15.783 km/s
Particle 20: v_circ = 15.767 km/s
Particle 21: v_circ = 15.777 km/s
Particle 22: v_circ = 15.788 km/s
Particle 23: v_circ = 15.779 km/s
Particle 24: v_circ = 15.764 km/s
Particle 25: v_circ = 15.772 km/s
Particle 26: v_circ = 15.772 km/s
Particle 27: v_circ = 15.760 km/s
Particle 28: v_circ = 15.773 km/s
Particle 29: v_circ = 15.776 km/s
Particle 30: v_circ = 15.788 km/s
Particle 31: v_circ = 15.784 km/s
Particle 32: v_circ = 15.783 km/s
Particle 33: v_circ = 15.784 km/s
Particle 34: v_circ = 15.783 km/s
Particle 35: v_circ = 15.771 km/s
Particle 36: v_circ = 15.769 km/s
Particle 37: v_circ = 15.768 km/s
Particle 38: v_circ = 15.790 km/s
Particle 39: v_circ = 15.776 km/s
Particle 40: v_circ = 15.778 km/s
Particle 41: v_circ = 15.778 km/s
Particle 42: v_circ = 15.774 km/s
Particle 43: v_circ = 15.784 km/s
Particle 44: v_circ = 15.760 km/s
Particle 45: v_circ = 15.785 km/s
Particle 46: v_circ = 15.783 km/s
Particle 47: v_circ = 15.780 km/s
Particle 48: v_circ = 15.777 km/s
Particle 49: v_circ = 15.786 km/s
Particle 50: v_circ = 15.782 km/s
Particle 51: v_circ = 15.762 km/s
Particle 52: v_circ = 15.788 km/s
Particle 53: v_circ = 15.762 km/s
Particle 54: v_circ = 15.783 km/s
Particle 55: v_circ = 15.771 km/s
Particle 56: v_circ = 15.776 km/s
Particle 57: v_circ = 15.781 km/s
Particle 58: v_circ = 15.772 km/s
Particle 59: v_circ = 15.783 km/s
Particle 60: v_circ = 15.776 km/s
Particle 61: v_circ = 15.788 km/s
Particle 62: v_circ = 15.769 km/s
Particle 63: v_circ = 15.768 km/s
Particle 64: v_circ = 15.763 km/s
Particle 65: v_circ = 15.776 km/s
Particle 66: v_circ = 15.783 km/s
Particle 67: v_circ = 15.773 km/s
Particle 68: v_circ = 15.789 km/s
Particle 69: v_circ = 15.785 km/s
Particle 70: v_circ = 15.786 km/s
Particle 71: v_circ = 15.764 km/s
Particle 72: v_circ = 15.769 km/s
Particle 73: v_circ = 15.760 km/s
Particle 74: v_circ = 15.766 km/s
Particle 75: v_circ = 15.782 km/s
Particle 76: v_circ = 15.778 km/s
Particle 77: v_circ = 15.777 km/s
Particle 78: v_circ = 15.781 km/s
Particle 79: v_circ = 15.779 km/s
Particle 80: v_circ = 15.783 km/s
Particle 81: v_circ = 15.772 km/s
Particle 82: v_circ = 15.760 km/s
Particle 83: v_circ = 15.775 km/s
Particle 84: v_circ = 15.774 km/s
Particle 85: v_circ = 15.788 km/s
Particle 86: v_circ = 15.782 km/s
Particle 87: v_circ = 15.760 km/s
Particle 88: v_circ = 15.774 km/s
Particle 89: v_circ = 15.787 km/s
Particle 90: v_circ = 15.781 km/s
Particle 91: v_circ = 15.768 km/s
Particle 92: v_circ = 15.770 km/s
Particle 93: v_circ = 15.790 km/s
Particle 94: v_circ = 15.778 km/s
Particle 95: v_circ = 15.787 km/s
Particle 96: v_circ = 15.771 km/s
Particle 97: v_circ = 15.775 km/s
Particle 98: v_circ = 15.772 km/s
Particle 99: v_circ = 15.778 km/s
Mean r: 1.001 kpc
Min T_orb: 380.271 Myr
T_c: 7.523 Myr
dt: 0.008 Gyr
Number of time steps: 1329
Ramp phase: 0 steps (0.000 Gyr)
Main phase: 1329 steps (9.998 Gyr)
Total: 1329 steps
completed rho_lms precomputation
Resuming from checkpoint: /rds/general/user/jd925/ephemeral/Checkpoints/checkpoints_m22_10_r0_1_Lout_0.9/checkpoint_step_500.pkl
Resumed from step 500 / 1329
Time step 501 / 1329
Building rho_lms for this timestep...
rho_lms built in 11.87 seconds
  Force calls this timestep: 1
Time stepping all particles completed in 23.34 seconds
Time step 502 / 1329
Building rho_lms for this timestep...
rho_lms built in 11.97 seconds
  Force calls this timestep: 1
Time stepping all particles completed in 23.34 seconds
Time step 503 / 1329
Building rho_lms for this timestep...
rho_lms built in 11.89 seconds
  Force calls this timestep: 1
Time stepping all particles completed in 23.33 seconds
Time step 504 / 1329
Building rho_lms for this timestep...
rho_lms built in 11.96 seconds
  Force calls this timestep: 1
Time stepping all particles completed in 23.34 seconds
Time step 505 / 1329
Building rho_lms for this timestep...
rho_lms built in 11.89 seconds
  Force calls this timestep: 1
Time stepping all particles completed in 23.33 seconds
Time step 506 / 1329
Building rho_lms for this timestep...
rho_lms built in 11.96 seconds
  Force calls this timestep: 1
Time stepping all particles completed in 23.34 seconds
Time step 507 / 1329
Building rho_lms for this timestep...
rho_lms built in 11.89 seconds
  Force calls this timestep: 1
Time stepping all particles completed in 23.33 seconds
Time step 508 / 1329
Building rho_lms for this timestep...
rho_lms built in 11.96 seconds
  Force calls this timestep: 1
Time stepping all particles completed in 23.34 seconds
Time step 509 / 1329
Building rho_lms for this timestep...
rho_lms built in 11.89 seconds
  Force calls this timestep: 1
Time stepping all particles completed in 23.33 seconds
Time step 510 / 1329
Building rho_lms for this timestep...
rho_lms built in 11.96 seconds
  Force calls this timestep: 1
Time stepping all particles completed in 23.34 seconds
Time step 511 / 1329
Building rho_lms for this timestep...
rho_lms built in 11.89 seconds
  Force calls this timestep: 1
Time stepping all particles completed in 23.33 seconds
Time step 512 / 1329
Building rho_lms for this timestep...
rho_lms built in 11.96 seconds
  Force calls this timestep: 1
Time stepping all particles completed in 23.34 seconds
Time step 513 / 1329
Building rho_lms for this timestep...
rho_lms built in 11.89 seconds
  Force calls this timestep: 1
Time stepping all particles completed in 23.33 seconds
Time step 514 / 1329
Building rho_lms for this timestep...
rho_lms built in 11.96 seconds
  Force calls this timestep: 1
Time stepping all particles completed in 23.34 seconds
Time step 515 / 1329
Building rho_lms for this timestep...
rho_lms built in 11.89 seconds
  Force calls this timestep: 1
Time stepping all particles completed in 23.33 seconds
Time step 516 / 1329
Building rho_lms for this timestep...
rho_lms built in 11.96 seconds
  Force calls this timestep: 1
Time stepping all particles completed in 23.34 seconds
Time step 517 / 1329
Building rho_lms for this timestep...
rho_lms built in 11.89 seconds
  Force calls this timestep: 1
Time stepping all particles completed in 23.33 seconds
Time step 518 / 1329
Building rho_lms for this timestep...
rho_lms built in 11.96 seconds
  Force calls this timestep: 1
Time stepping all particles completed in 23.34 seconds
Time step 519 / 1329
Building rho_lms for this timestep...
rho_lms built in 11.89 seconds
  Force calls this timestep: 1
Time stepping all particles completed in 23.33 seconds
Time step 520 / 1329
Building rho_lms for this timestep...
rho_lms built in 11.96 seconds
  Force calls this timestep: 1
Time stepping all particles completed in 23.34 seconds
Time step 521 / 1329
Building rho_lms for this timestep...
rho_lms built in 11.89 seconds
  Force calls this timestep: 1
Time stepping all particles completed in 23.33 seconds
Time step 522 / 1329
Building rho_lms for this timestep...
rho_lms built in 11.96 seconds
  Force calls this timestep: 1
Time stepping all particles completed in 23.34 seconds
Time step 523 / 1329
Building rho_lms for this timestep...
rho_lms built in 11.89 seconds
  Force calls this timestep: 1
Time stepping all particles completed in 23.33 seconds
Time step 524 / 1329
Building rho_lms for this timestep...
rho_lms built in 11.96 seconds
  Force calls this timestep: 1
Time stepping all particles completed in 23.34 seconds
Time step 525 / 1329
Building rho_lms for this timestep...
rho_lms built in 11.89 seconds
  Force calls this timestep: 1
Time stepping all particles completed in 23.33 seconds
Time step 526 / 1329
Building rho_lms for this timestep...
rho_lms built in 11.96 seconds
  Force calls this timestep: 1
Time stepping all particles completed in 23.34 seconds
Time step 527 / 1329
Building rho_lms for this timestep...
rho_lms built in 11.89 seconds
  Force calls this timestep: 1
Time stepping all particles completed in 23.33 seconds
Time step 528 / 1329
Building rho_lms for this timestep...
rho_lms built in 11.96 seconds
  Force calls this timestep: 1
Time stepping all particles completed in 23.34 seconds
Time step 529 / 1329
Building rho_lms for this timestep...
rho_lms built in 11.89 seconds
  Force calls this timestep: 1
Time stepping all particles completed in 23.33 seconds
Time step 530 / 1329
Building rho_lms for this timestep...
rho_lms built in 11.96 seconds
  Force calls this timestep: 1
Time stepping all particles completed in 23.34 seconds
Time step 531 / 1329
Building rho_lms for this timestep...
rho_lms built in 11.89 seconds
  Force calls this timestep: 1
Time stepping all particles completed in 23.33 seconds
Time step 532 / 1329
Building rho_lms for this timestep...
rho_lms built in 11.96 seconds
  Force calls this timestep: 1
Time stepping all particles completed in 23.34 seconds
Time step 533 / 1329
Building rho_lms for this timestep...
rho_lms built in 11.89 seconds
  Force calls this timestep: 1
Time stepping all particles completed in 23.33 seconds
Time step 534 / 1329
Building rho_lms for this timestep...
rho_lms built in 11.96 seconds
  Force calls this timestep: 1
Time stepping all particles completed in 23.34 seconds
Time step 535 / 1329
Building rho_lms for this timestep...
rho_lms built in 11.89 seconds
  Force calls this timestep: 1
Time stepping all particles completed in 23.33 seconds
Time step 536 / 1329
Building rho_lms for this timestep...
rho_lms built in 11.96 seconds
  Force calls this timestep: 1
Time stepping all particles completed in 23.34 seconds
Time step 537 / 1329
Building rho_lms for this timestep...
rho_lms built in 11.88 seconds
  Force calls this timestep: 1
Time stepping all particles completed in 23.33 seconds
Time step 538 / 1329
Building rho_lms for this timestep...
rho_lms built in 11.96 seconds
  Force calls this timestep: 1
Time stepping all particles completed in 23.34 seconds
Time step 539 / 1329
Building rho_lms for this timestep...
rho_lms built in 11.89 seconds
  Force calls this timestep: 1
Time stepping all particles completed in 23.33 seconds
Time step 540 / 1329
Building rho_lms for this timestep...
rho_lms built in 11.96 seconds
  Force calls this timestep: 1
Time stepping all particles completed in 23.34 seconds
Time step 541 / 1329
Building rho_lms for this timestep...
rho_lms built in 11.88 seconds
  Force calls this timestep: 1
Time stepping all particles completed in 23.33 seconds
Time step 542 / 1329
Building rho_lms for this timestep...
rho_lms built in 11.96 seconds
  Force calls this timestep: 1
Time stepping all particles completed in 23.34 seconds
Time step 543 / 1329
Building rho_lms for this timestep...
rho_lms built in 11.89 seconds
  Force calls this timestep: 1
Time stepping all particles completed in 23.33 seconds
Time step 544 / 1329
Building rho_lms for this timestep...
rho_lms built in 11.96 seconds
  Force calls this timestep: 1
Time stepping all particles completed in 23.34 seconds
Time step 545 / 1329
Building rho_lms for this timestep...
rho_lms built in 11.88 seconds
  Force calls this timestep: 1
Time stepping all particles completed in 23.33 seconds
Time step 546 / 1329
Building rho_lms for this timestep...
rho_lms built in 11.96 seconds
  Force calls this timestep: 1
Time stepping all particles completed in 23.34 seconds
Time step 547 / 1329
Building rho_lms for this timestep...
rho_lms built in 11.89 seconds
  Force calls this timestep: 1
Time stepping all particles completed in 23.33 seconds
Time step 548 / 1329
Building rho_lms for this timestep...
rho_lms built in 11.96 seconds
  Force calls this timestep: 1
Time stepping all particles completed in 23.34 seconds
Time step 549 / 1329
Building rho_lms for this timestep...
rho_lms built in 11.89 seconds
  Force calls this timestep: 1
Time stepping all particles completed in 23.33 seconds
Time step 550 / 1329
Building rho_lms for this timestep...
rho_lms built in 11.96 seconds
  Force calls this timestep: 1
Time stepping all particles completed in 23.34 seconds
Checkpoint at step 550 saved: /rds/general/user/jd925/ephemeral/Checkpoints/checkpoints_m22_10_r0_1_Lout_0.9/checkpoint_step_550.pkl
Time step 551 / 1329
Building rho_lms for this timestep...
rho_lms built in 11.89 seconds
  Force calls this timestep: 1
Time stepping all particles completed in 23.33 seconds
Time step 552 / 1329
Building rho_lms for this timestep...
rho_lms built in 11.96 seconds
  Force calls this timestep: 1
Time stepping all particles completed in 23.33 seconds
Time step 553 / 1329
Building rho_lms for this timestep...
rho_lms built in 11.88 seconds
  Force calls this timestep: 1
Time stepping all particles completed in 23.33 seconds
Time step 554 / 1329
Building rho_lms for this timestep...
rho_lms built in 11.96 seconds
  Force calls this timestep: 1
Time stepping all particles completed in 23.34 seconds
Time step 555 / 1329
Building rho_lms for this timestep...
rho_lms built in 11.89 seconds
  Force calls this timestep: 1
Time stepping all particles completed in 23.33 seconds
Time step 556 / 1329
Building rho_lms for this timestep...
rho_lms built in 11.96 seconds
  Force calls this timestep: 1
Time stepping all particles completed in 23.34 seconds
Time step 557 / 1329
Building rho_lms for this timestep...
rho_lms built in 11.89 seconds
  Force calls this timestep: 1
Time stepping all particles completed in 23.33 seconds
Time step 558 / 1329
Building rho_lms for this timestep...
rho_lms built in 11.96 seconds
  Force calls this timestep: 1
Time stepping all particles completed in 23.34 seconds
Time step 559 / 1329
Building rho_lms for this timestep...
rho_lms built in 11.89 seconds
  Force calls this timestep: 1
Time stepping all particles completed in 23.33 seconds
Time step 560 / 1329
Building rho_lms for this timestep...
rho_lms built in 11.96 seconds
  Force calls this timestep: 1
Time stepping all particles completed in 23.34 seconds
Time step 561 / 1329
Building rho_lms for this timestep...
rho_lms built in 11.89 seconds
  Force calls this timestep: 1
Time stepping all particles completed in 23.33 seconds
Time step 562 / 1329
Building rho_lms for this timestep...
rho_lms built in 11.96 seconds
  Force calls this timestep: 1
Time stepping all particles completed in 23.34 seconds
Time step 563 / 1329
Building rho_lms for this timestep...
rho_lms built in 11.89 seconds
  Force calls this timestep: 1
Time stepping all particles completed in 23.33 seconds
Time step 564 / 1329
Building rho_lms for this timestep...
rho_lms built in 11.96 seconds
  Force calls this timestep: 1
Time stepping all particles completed in 23.34 seconds
Time step 565 / 1329
Building rho_lms for this timestep...
rho_lms built in 11.89 seconds
  Force calls this timestep: 1
Time stepping all particles completed in 23.33 seconds
Time step 566 / 1329
Building rho_lms for this timestep...
rho_lms built in 11.96 seconds
  Force calls this timestep: 1
Time stepping all particles completed in 23.34 seconds
Time step 567 / 1329
Building rho_lms for this timestep...
rho_lms built in 11.89 seconds
  Force calls this timestep: 1
Time stepping all particles completed in 23.33 seconds
Time step 568 / 1329
Building rho_lms for this timestep...
rho_lms built in 11.96 seconds
  Force calls this timestep: 1
Time stepping all particles completed in 23.34 seconds
Time step 569 / 1329
Building rho_lms for this timestep...
rho_lms built in 11.89 seconds
  Force calls this timestep: 1
Time stepping all particles completed in 23.33 seconds
Time step 570 / 1329
Building rho_lms for this timestep...
rho_lms built in 11.96 seconds
  Force calls this timestep: 1
Time stepping all particles completed in 23.34 seconds
Time step 571 / 1329
Building rho_lms for this timestep...
rho_lms built in 11.89 seconds
  Force calls this timestep: 1
Time stepping all particles completed in 23.33 seconds
Time step 572 / 1329
Building rho_lms for this timestep...
rho_lms built in 11.96 seconds
  Force calls this timestep: 1
Time stepping all particles completed in 23.34 seconds
Time step 573 / 1329
Building rho_lms for this timestep...
rho_lms built in 11.89 seconds
  Force calls this timestep: 1
Time stepping all particles completed in 23.33 seconds
Time step 574 / 1329
Building rho_lms for this timestep...
rho_lms built in 11.96 seconds
  Force calls this timestep: 1
Time stepping all particles completed in 23.34 seconds
Time step 575 / 1329
Building rho_lms for this timestep...
rho_lms built in 11.89 seconds
  Force calls this timestep: 1
Time stepping all particles completed in 23.33 seconds
Time step 576 / 1329
Building rho_lms for this timestep...
rho_lms built in 11.96 seconds
  Force calls this timestep: 1
Time stepping all particles completed in 23.34 seconds
Time step 577 / 1329
Building rho_lms for this timestep...
rho_lms built in 11.89 seconds
  Force calls this timestep: 1
Time stepping all particles completed in 23.34 seconds
Time step 578 / 1329
Building rho_lms for this timestep...
rho_lms built in 11.96 seconds
  Force calls this timestep: 1
Time stepping all particles completed in 23.34 seconds
Time step 579 / 1329
Building rho_lms for this timestep...
rho_lms built in 11.89 seconds
  Force calls this timestep: 1
Time stepping all particles completed in 23.34 seconds
Time step 580 / 1329
Building rho_lms for this timestep...
rho_lms built in 11.96 seconds
  Force calls this timestep: 1
Time stepping all particles completed in 23.34 seconds
Time step 581 / 1329
Building rho_lms for this timestep...
rho_lms built in 11.89 seconds
  Force calls this timestep: 1
Time stepping all particles completed in 23.34 seconds
Time step 582 / 1329
Building rho_lms for this timestep...
rho_lms built in 11.96 seconds
  Force calls this timestep: 1
Time stepping all particles completed in 23.34 seconds
Time step 583 / 1329
Building rho_lms for this timestep...
rho_lms built in 11.89 seconds
  Force calls this timestep: 1
Time stepping all particles completed in 23.34 seconds
Time step 584 / 1329
Building rho_lms for this timestep...
rho_lms built in 11.96 seconds
  Force calls this timestep: 1
Time stepping all particles completed in 23.34 seconds
Time step 585 / 1329
Building rho_lms for this timestep...
rho_lms built in 11.89 seconds
  Force calls this timestep: 1
Time stepping all particles completed in 23.34 seconds
Time step 586 / 1329
Building rho_lms for this timestep...
rho_lms built in 11.96 seconds
  Force calls this timestep: 1
Time stepping all particles completed in 23.34 seconds
Time step 587 / 1329
Building rho_lms for this timestep...
rho_lms built in 11.89 seconds
  Force calls this timestep: 1
Time stepping all particles completed in 23.34 seconds
Time step 588 / 1329
Building rho_lms for this timestep...
rho_lms built in 11.96 seconds
  Force calls this timestep: 1
Time stepping all particles completed in 23.34 seconds
Time step 589 / 1329
Building rho_lms for this timestep...
rho_lms built in 11.89 seconds
  Force calls this timestep: 1
Time stepping all particles completed in 23.34 seconds
Time step 590 / 1329
Building rho_lms for this timestep...
rho_lms built in 11.96 seconds
  Force calls this timestep: 1
Time stepping all particles completed in 23.34 seconds
Time step 591 / 1329
Building rho_lms for this timestep...
rho_lms built in 11.89 seconds
  Force calls this timestep: 1
Time stepping all particles completed in 23.34 seconds
Time step 592 / 1329
Building rho_lms for this timestep...
rho_lms built in 11.96 seconds
  Force calls this timestep: 1
Time stepping all particles completed in 23.34 seconds
Time step 593 / 1329
Building rho_lms for this timestep...
rho_lms built in 11.89 seconds
  Force calls this timestep: 1
Time stepping all particles completed in 23.33 seconds
Time step 594 / 1329
Building rho_lms for this timestep...
rho_lms built in 11.96 seconds
  Force calls this timestep: 1
Time stepping all particles completed in 23.34 seconds
Time step 595 / 1329
Building rho_lms for this timestep...
rho_lms built in 11.89 seconds
  Force calls this timestep: 1
Time stepping all particles completed in 23.34 seconds
Time step 596 / 1329
Building rho_lms for this timestep...
rho_lms built in 11.96 seconds
  Force calls this timestep: 1
Time stepping all particles completed in 23.34 seconds
Time step 597 / 1329
Building rho_lms for this timestep...
rho_lms built in 11.89 seconds
  Force calls this timestep: 1
Time stepping all particles completed in 23.34 seconds
Time step 598 / 1329
Building rho_lms for this timestep...
rho_lms built in 11.96 seconds
  Force calls this timestep: 1
Time stepping all particles completed in 23.34 seconds
Time step 599 / 1329
Building rho_lms for this timestep...
rho_lms built in 11.89 seconds
  Force calls this timestep: 1
Time stepping all particles completed in 23.33 seconds
Time step 600 / 1329
Building rho_lms for this timestep...
rho_lms built in 11.96 seconds
  Force calls this timestep: 1
Time stepping all particles completed in 23.34 seconds
Checkpoint at step 600 saved: /rds/general/user/jd925/ephemeral/Checkpoints/checkpoints_m22_10_r0_1_Lout_0.9/checkpoint_step_600.pkl
Time step 601 / 1329
Building rho_lms for this timestep...
rho_lms built in 11.89 seconds
  Force calls this timestep: 1
Time stepping all particles completed in 23.34 seconds
Time step 602 / 1329
Building rho_lms for this timestep...
rho_lms built in 11.96 seconds
  Force calls this timestep: 1
Time stepping all particles completed in 23.34 seconds
Time step 603 / 1329
Building rho_lms for this timestep...
rho_lms built in 11.89 seconds
  Force calls this timestep: 1
Time stepping all particles completed in 23.34 seconds
Time step 604 / 1329
Building rho_lms for this timestep...
rho_lms built in 11.96 seconds
  Force calls this timestep: 1
Time stepping all particles completed in 23.34 seconds
Time step 605 / 1329
Building rho_lms for this timestep...
rho_lms built in 11.89 seconds
  Force calls this timestep: 1
Time stepping all particles completed in 23.34 seconds
Time step 606 / 1329
Building rho_lms for this timestep...
rho_lms built in 11.96 seconds
  Force calls this timestep: 1
Time stepping all particles completed in 23.35 seconds
Time step 607 / 1329
Building rho_lms for this timestep...
rho_lms built in 11.89 seconds
  Force calls this timestep: 1
Time stepping all particles completed in 23.34 seconds
Time step 608 / 1329
Building rho_lms for this timestep...
rho_lms built in 11.96 seconds
  Force calls this timestep: 1
Time stepping all particles completed in 23.34 seconds
Time step 609 / 1329
Building rho_lms for this timestep...
rho_lms built in 11.89 seconds
  Force calls this timestep: 1
Time stepping all particles completed in 23.34 seconds
Time step 610 / 1329
Building rho_lms for this timestep...
rho_lms built in 11.96 seconds
  Force calls this timestep: 1
Time stepping all particles completed in 23.34 seconds
Time step 611 / 1329
Building rho_lms for this timestep...
rho_lms built in 11.89 seconds
  Force calls this timestep: 1
Time stepping all particles completed in 23.34 seconds
Time step 612 / 1329
Building rho_lms for this timestep...
rho_lms built in 11.96 seconds
  Force calls this timestep: 1
Time stepping all particles completed in 23.34 seconds
Time step 613 / 1329
Building rho_lms for this timestep...
rho_lms built in 11.89 seconds
  Force calls this timestep: 1
Time stepping all particles completed in 23.33 seconds
Time step 614 / 1329
Building rho_lms for this timestep...
rho_lms built in 11.96 seconds
  Force calls this timestep: 1
Time stepping all particles completed in 23.34 seconds
Time step 615 / 1329
Building rho_lms for this timestep...
rho_lms built in 11.89 seconds
  Force calls this timestep: 1
Time stepping all particles completed in 23.33 seconds
Time step 616 / 1329
Building rho_lms for this timestep...
rho_lms built in 11.96 seconds
  Force calls this timestep: 1
Time stepping all particles completed in 23.34 seconds
Time step 617 / 1329
Building rho_lms for this timestep...
rho_lms built in 11.89 seconds
  Force calls this timestep: 1
Time stepping all particles completed in 23.34 seconds
Time step 618 / 1329
Building rho_lms for this timestep...
rho_lms built in 11.96 seconds
  Force calls this timestep: 1
Time stepping all particles completed in 23.34 seconds
Time step 619 / 1329
Building rho_lms for this timestep...
rho_lms built in 11.89 seconds
  Force calls this timestep: 1
Time stepping all particles completed in 23.33 seconds
Time step 620 / 1329
Building rho_lms for this timestep...
rho_lms built in 11.96 seconds
  Force calls this timestep: 1
Time stepping all particles completed in 23.34 seconds
Time step 621 / 1329
Building rho_lms for this timestep...
rho_lms built in 11.89 seconds
  Force calls this timestep: 1
Time stepping all particles completed in 23.34 seconds
Time step 622 / 1329
Building rho_lms for this timestep...
rho_lms built in 11.96 seconds
  Force calls this timestep: 1
Time stepping all particles completed in 23.34 seconds
Time step 623 / 1329
Building rho_lms for this timestep...
rho_lms built in 11.89 seconds
  Force calls this timestep: 1
Time stepping all particles completed in 23.34 seconds
Time step 624 / 1329
Building rho_lms for this timestep...
rho_lms built in 11.96 seconds
  Force calls this timestep: 1
Time stepping all particles completed in 23.34 seconds
Time step 625 / 1329
Building rho_lms for this timestep...
rho_lms built in 11.89 seconds
  Force calls this timestep: 1
Time stepping all particles completed in 23.33 seconds
Time step 626 / 1329
Building rho_lms for this timestep...
rho_lms built in 11.96 seconds
  Force calls this timestep: 1
Time stepping all particles completed in 23.34 seconds
Time step 627 / 1329
Building rho_lms for this timestep...
rho_lms built in 11.89 seconds
  Force calls this timestep: 1
Time stepping all particles completed in 23.33 seconds
Time step 628 / 1329
Building rho_lms for this timestep...
rho_lms built in 11.96 seconds
  Force calls this timestep: 1
Time stepping all particles completed in 23.34 seconds
Time step 629 / 1329
Building rho_lms for this timestep...
rho_lms built in 11.89 seconds
  Force calls this timestep: 1
Time stepping all particles completed in 23.33 seconds
Time step 630 / 1329
Building rho_lms for this timestep...
rho_lms built in 11.96 seconds
  Force calls this timestep: 1
Time stepping all particles completed in 23.34 seconds
Time step 631 / 1329
Building rho_lms for this timestep...
rho_lms built in 11.89 seconds
  Force calls this timestep: 1
Time stepping all particles completed in 23.34 seconds
Time step 632 / 1329
Building rho_lms for this timestep...
rho_lms built in 11.96 seconds
  Force calls this timestep: 1
Time stepping all particles completed in 23.34 seconds
Time step 633 / 1329
Building rho_lms for this timestep...
rho_lms built in 11.89 seconds
  Force calls this timestep: 1
Time stepping all particles completed in 23.33 seconds
Time step 634 / 1329
Building rho_lms for this timestep...
rho_lms built in 11.96 seconds
  Force calls this timestep: 1
Time stepping all particles completed in 23.34 seconds
Time step 635 / 1329
Building rho_lms for this timestep...
rho_lms built in 11.89 seconds
  Force calls this timestep: 1
Time stepping all particles completed in 23.33 seconds
Time step 636 / 1329
Building rho_lms for this timestep...
rho_lms built in 11.96 seconds
  Force calls this timestep: 1
Time stepping all particles completed in 23.34 seconds
Time step 637 / 1329
Building rho_lms for this timestep...
rho_lms built in 11.89 seconds
  Force calls this timestep: 1
Time stepping all particles completed in 23.34 seconds
Time step 638 / 1329
Building rho_lms for this timestep...
rho_lms built in 11.96 seconds
  Force calls this timestep: 1
Time stepping all particles completed in 23.34 seconds
Time step 639 / 1329
Building rho_lms for this timestep...
rho_lms built in 11.89 seconds
  Force calls this timestep: 1
Time stepping all particles completed in 23.33 seconds
Time step 640 / 1329
Building rho_lms for this timestep...
rho_lms built in 11.96 seconds
  Force calls this timestep: 1
Time stepping all particles completed in 23.34 seconds
Time step 641 / 1329
Building rho_lms for this timestep...
rho_lms built in 11.89 seconds
  Force calls this timestep: 1
Time stepping all particles completed in 23.33 seconds
Time step 642 / 1329
Building rho_lms for this timestep...
rho_lms built in 11.96 seconds
  Force calls this timestep: 1
Time stepping all particles completed in 23.34 seconds
Time step 643 / 1329
Building rho_lms for this timestep...
rho_lms built in 11.89 seconds
  Force calls this timestep: 1
Time stepping all particles completed in 23.34 seconds
Time step 644 / 1329
Building rho_lms for this timestep...
rho_lms built in 11.96 seconds
  Force calls this timestep: 1
Time stepping all particles completed in 23.34 seconds
Time step 645 / 1329
Building rho_lms for this timestep...
rho_lms built in 11.89 seconds
  Force calls this timestep: 1
Time stepping all particles completed in 23.34 seconds
Time step 646 / 1329
Building rho_lms for this timestep...
rho_lms built in 11.96 seconds
  Force calls this timestep: 1
Time stepping all particles completed in 23.34 seconds
Time step 647 / 1329
Building rho_lms for this timestep...
rho_lms built in 11.89 seconds
  Force calls this timestep: 1
Time stepping all particles completed in 23.34 seconds
Time step 648 / 1329
Building rho_lms for this timestep...
rho_lms built in 11.96 seconds
  Force calls this timestep: 1
Time stepping all particles completed in 23.34 seconds
Time step 649 / 1329
Building rho_lms for this timestep...
rho_lms built in 11.89 seconds
  Force calls this timestep: 1
Time stepping all particles completed in 23.33 seconds
Time step 650 / 1329
Building rho_lms for this timestep...
rho_lms built in 11.96 seconds
  Force calls this timestep: 1
Time stepping all particles completed in 23.34 seconds
Checkpoint at step 650 saved: /rds/general/user/jd925/ephemeral/Checkpoints/checkpoints_m22_10_r0_1_Lout_0.9/checkpoint_step_650.pkl
Time step 651 / 1329
Building rho_lms for this timestep...
rho_lms built in 11.89 seconds
  Force calls this timestep: 1
Time stepping all particles completed in 23.33 seconds
Time step 652 / 1329
Building rho_lms for this timestep...
rho_lms built in 11.96 seconds
  Force calls this timestep: 1
Time stepping all particles completed in 23.34 seconds
Time step 653 / 1329
Building rho_lms for this timestep...
rho_lms built in 11.89 seconds
  Force calls this timestep: 1
Time stepping all particles completed in 23.33 seconds
Time step 654 / 1329
Building rho_lms for this timestep...
rho_lms built in 11.96 seconds
  Force calls this timestep: 1
Time stepping all particles completed in 23.34 seconds
Time step 655 / 1329
Building rho_lms for this timestep...
rho_lms built in 11.89 seconds
  Force calls this timestep: 1
Time stepping all particles completed in 23.34 seconds
Time step 656 / 1329
Building rho_lms for this timestep...
rho_lms built in 11.96 seconds
  Force calls this timestep: 1
Time stepping all particles completed in 23.34 seconds
Time step 657 / 1329
Building rho_lms for this timestep...
rho_lms built in 11.89 seconds
  Force calls this timestep: 1
Time stepping all particles completed in 23.34 seconds
Time step 658 / 1329
Building rho_lms for this timestep...
rho_lms built in 11.96 seconds
  Force calls this timestep: 1
Time stepping all particles completed in 23.34 seconds
Time step 659 / 1329
Building rho_lms for this timestep...
rho_lms built in 11.89 seconds
  Force calls this timestep: 1
Time stepping all particles completed in 23.34 seconds
Time step 660 / 1329
Building rho_lms for this timestep...
rho_lms built in 11.96 seconds
  Force calls this timestep: 1
Time stepping all particles completed in 23.34 seconds
Time step 661 / 1329
Building rho_lms for this timestep...
rho_lms built in 11.89 seconds
  Force calls this timestep: 1
Time stepping all particles completed in 23.34 seconds
Time step 662 / 1329
Building rho_lms for this timestep...
rho_lms built in 11.96 seconds
  Force calls this timestep: 1
Time stepping all particles completed in 23.34 seconds
Time step 663 / 1329
Building rho_lms for this timestep...
rho_lms built in 11.89 seconds
  Force calls this timestep: 1
Time stepping all particles completed in 23.34 seconds
Time step 664 / 1329
Building rho_lms for this timestep...
rho_lms built in 11.96 seconds
  Force calls this timestep: 1
Time stepping all particles completed in 23.34 seconds
Time step 665 / 1329
Building rho_lms for this timestep...
rho_lms built in 11.89 seconds
  Force calls this timestep: 1
Time stepping all particles completed in 23.34 seconds
Time step 666 / 1329
Building rho_lms for this timestep...
rho_lms built in 11.96 seconds
  Force calls this timestep: 1
Time stepping all particles completed in 23.34 seconds
Time step 667 / 1329
Building rho_lms for this timestep...
rho_lms built in 11.88 seconds
  Force calls this timestep: 1
Time stepping all particles completed in 23.33 seconds
Time step 668 / 1329
Building rho_lms for this timestep...
rho_lms built in 11.96 seconds
  Force calls this timestep: 1
Time stepping all particles completed in 23.34 seconds
Time step 669 / 1329
Building rho_lms for this timestep...
rho_lms built in 11.89 seconds
  Force calls this timestep: 1
Time stepping all particles completed in 23.33 seconds
Time step 670 / 1329
Building rho_lms for this timestep...
rho_lms built in 11.96 seconds
  Force calls this timestep: 1
Time stepping all particles completed in 23.34 seconds
Time step 671 / 1329
Building rho_lms for this timestep...
rho_lms built in 11.89 seconds
  Force calls this timestep: 1
Time stepping all particles completed in 23.33 seconds
Time step 672 / 1329
Building rho_lms for this timestep...
rho_lms built in 11.96 seconds
  Force calls this timestep: 1
Time stepping all particles completed in 23.34 seconds
Time step 673 / 1329
Building rho_lms for this timestep...
rho_lms built in 11.89 seconds
  Force calls this timestep: 1
Time stepping all particles completed in 23.33 seconds
Time step 674 / 1329
Building rho_lms for this timestep...
rho_lms built in 11.96 seconds
  Force calls this timestep: 1
Time stepping all particles completed in 23.34 seconds
Time step 675 / 1329
Building rho_lms for this timestep...
rho_lms built in 11.89 seconds
  Force calls this timestep: 1
Time stepping all particles completed in 23.34 seconds
Time step 676 / 1329
Building rho_lms for this timestep...
rho_lms built in 11.96 seconds
  Force calls this timestep: 1
Time stepping all particles completed in 23.34 seconds
Time step 677 / 1329
Building rho_lms for this timestep...
rho_lms built in 11.89 seconds
  Force calls this timestep: 1
Time stepping all particles completed in 23.33 seconds
Time step 678 / 1329
Building rho_lms for this timestep...
rho_lms built in 11.96 seconds
  Force calls this timestep: 1
Time stepping all particles completed in 23.33 seconds
Time step 679 / 1329
Building rho_lms for this timestep...
rho_lms built in 11.88 seconds
  Force calls this timestep: 1
Time stepping all particles completed in 23.34 seconds
Time step 680 / 1329
Building rho_lms for this timestep...
rho_lms built in 11.96 seconds
  Force calls this timestep: 1
Time stepping all particles completed in 23.34 seconds
Time step 681 / 1329
Building rho_lms for this timestep...
rho_lms built in 11.89 seconds
  Force calls this timestep: 1
Time stepping all particles completed in 23.33 seconds
Time step 682 / 1329
Building rho_lms for this timestep...
rho_lms built in 11.96 seconds
  Force calls this timestep: 1
Time stepping all particles completed in 23.34 seconds
Time step 683 / 1329
Building rho_lms for this timestep...
rho_lms built in 11.89 seconds
  Force calls this timestep: 1
Time stepping all particles completed in 23.33 seconds
Time step 684 / 1329
Building rho_lms for this timestep...
rho_lms built in 11.96 seconds
  Force calls this timestep: 1
Time stepping all particles completed in 23.34 seconds
Time step 685 / 1329
Building rho_lms for this timestep...
rho_lms built in 11.89 seconds
  Force calls this timestep: 1
Time stepping all particles completed in 23.33 seconds
Time step 686 / 1329
Building rho_lms for this timestep...
rho_lms built in 11.96 seconds
  Force calls this timestep: 1
Time stepping all particles completed in 23.34 seconds
Time step 687 / 1329
Building rho_lms for this timestep...
rho_lms built in 11.89 seconds
  Force calls this timestep: 1
Time stepping all particles completed in 23.33 seconds
Time step 688 / 1329
Building rho_lms for this timestep...
rho_lms built in 11.96 seconds
  Force calls this timestep: 1
Time stepping all particles completed in 23.34 seconds
Time step 689 / 1329
Building rho_lms for this timestep...
rho_lms built in 11.89 seconds
  Force calls this timestep: 1
Time stepping all particles completed in 23.33 seconds
Time step 690 / 1329
Building rho_lms for this timestep...
rho_lms built in 11.96 seconds
  Force calls this timestep: 1
Time stepping all particles completed in 23.34 seconds
Time step 691 / 1329
Building rho_lms for this timestep...
rho_lms built in 11.89 seconds
  Force calls this timestep: 1
Time stepping all particles completed in 23.33 seconds
Time step 692 / 1329
Building rho_lms for this timestep...
rho_lms built in 11.96 seconds
  Force calls this timestep: 1
Time stepping all particles completed in 23.34 seconds
Time step 693 / 1329
Building rho_lms for this timestep...
rho_lms built in 11.89 seconds
  Force calls this timestep: 1
Time stepping all particles completed in 23.33 seconds
Time step 694 / 1329
Building rho_lms for this timestep...
rho_lms built in 11.96 seconds
  Force calls this timestep: 1
Time stepping all particles completed in 23.34 seconds
Time step 695 / 1329
Building rho_lms for this timestep...
rho_lms built in 11.89 seconds
  Force calls this timestep: 1
Time stepping all particles completed in 23.33 seconds
Time step 696 / 1329
Building rho_lms for this timestep...
rho_lms built in 11.96 seconds
  Force calls this timestep: 1
Time stepping all particles completed in 23.34 seconds
Time step 697 / 1329
Building rho_lms for this timestep...
rho_lms built in 11.89 seconds
  Force calls this timestep: 1
Time stepping all particles completed in 23.34 seconds
Time step 698 / 1329
Building rho_lms for this timestep...
rho_lms built in 11.96 seconds
  Force calls this timestep: 1
Time stepping all particles completed in 23.34 seconds
Time step 699 / 1329
Building rho_lms for this timestep...
rho_lms built in 11.89 seconds
  Force calls this timestep: 1
Time stepping all particles completed in 23.33 seconds
Time step 700 / 1329
Building rho_lms for this timestep...
rho_lms built in 11.96 seconds
  Force calls this timestep: 1
Time stepping all particles completed in 23.34 seconds
Checkpoint at step 700 saved: /rds/general/user/jd925/ephemeral/Checkpoints/checkpoints_m22_10_r0_1_Lout_0.9/checkpoint_step_700.pkl
Time step 701 / 1329
Building rho_lms for this timestep...
rho_lms built in 11.89 seconds
  Force calls this timestep: 1
Time stepping all particles completed in 23.33 seconds
Time step 702 / 1329
Building rho_lms for this timestep...
rho_lms built in 11.96 seconds
  Force calls this timestep: 1
Time stepping all particles completed in 23.34 seconds
Time step 703 / 1329
Building rho_lms for this timestep...
rho_lms built in 11.89 seconds
  Force calls this timestep: 1
Time stepping all particles completed in 23.34 seconds
Time step 704 / 1329
Building rho_lms for this timestep...
rho_lms built in 11.96 seconds
  Force calls this timestep: 1
Time stepping all particles completed in 23.34 seconds
Time step 705 / 1329
Building rho_lms for this timestep...
rho_lms built in 11.89 seconds
  Force calls this timestep: 1
Time stepping all particles completed in 23.33 seconds
Time step 706 / 1329
Building rho_lms for this timestep...
rho_lms built in 11.96 seconds
  Force calls this timestep: 1
Time stepping all particles completed in 23.34 seconds
Time step 707 / 1329
Building rho_lms for this timestep...
rho_lms built in 11.89 seconds
  Force calls this timestep: 1
Time stepping all particles completed in 23.33 seconds
Time step 708 / 1329
Building rho_lms for this timestep...
rho_lms built in 11.96 seconds
  Force calls this timestep: 1
Time stepping all particles completed in 23.34 seconds
Time step 709 / 1329
Building rho_lms for this timestep...
rho_lms built in 11.89 seconds
  Force calls this timestep: 1
Time stepping all particles completed in 23.33 seconds
Time step 710 / 1329
Building rho_lms for this timestep...
rho_lms built in 11.96 seconds
  Force calls this timestep: 1
Time stepping all particles completed in 23.34 seconds
Time step 711 / 1329
Building rho_lms for this timestep...
rho_lms built in 11.89 seconds
  Force calls this timestep: 1
Time stepping all particles completed in 23.33 seconds
Time step 712 / 1329
Building rho_lms for this timestep...
rho_lms built in 11.96 seconds
  Force calls this timestep: 1
Time stepping all particles completed in 23.34 seconds
Time step 713 / 1329
Building rho_lms for this timestep...
rho_lms built in 11.89 seconds
  Force calls this timestep: 1
Time stepping all particles completed in 23.33 seconds
Time step 714 / 1329
Building rho_lms for this timestep...
rho_lms built in 11.96 seconds
  Force calls this timestep: 1
Time stepping all particles completed in 23.34 seconds
Time step 715 / 1329
Building rho_lms for this timestep...
rho_lms built in 11.89 seconds
  Force calls this timestep: 1
Time stepping all particles completed in 23.33 seconds
Time step 716 / 1329
Building rho_lms for this timestep...
rho_lms built in 11.96 seconds
  Force calls this timestep: 1
Time stepping all particles completed in 23.34 seconds
Time step 717 / 1329
Building rho_lms for this timestep...
rho_lms built in 11.89 seconds
  Force calls this timestep: 1
Time stepping all particles completed in 23.34 seconds
Time step 718 / 1329
Building rho_lms for this timestep...
rho_lms built in 11.96 seconds
  Force calls this timestep: 1
Time stepping all particles completed in 23.34 seconds
Time step 719 / 1329
Building rho_lms for this timestep...
rho_lms built in 11.89 seconds
  Force calls this timestep: 1
Time stepping all particles completed in 23.33 seconds
Time step 720 / 1329
Building rho_lms for this timestep...
rho_lms built in 11.96 seconds
  Force calls this timestep: 1
Time stepping all particles completed in 23.34 seconds
Time step 721 / 1329
Building rho_lms for this timestep...
rho_lms built in 11.89 seconds
  Force calls this timestep: 1
Time stepping all particles completed in 23.33 seconds
Time step 722 / 1329
Building rho_lms for this timestep...
rho_lms built in 11.96 seconds
  Force calls this timestep: 1
Time stepping all particles completed in 23.34 seconds
Time step 723 / 1329
Building rho_lms for this timestep...
rho_lms built in 11.89 seconds
  Force calls this timestep: 1
Time stepping all particles completed in 23.34 seconds
Time step 724 / 1329
Building rho_lms for this timestep...
rho_lms built in 11.96 seconds
  Force calls this timestep: 1
Time stepping all particles completed in 23.34 seconds
Time step 725 / 1329
Building rho_lms for this timestep...
rho_lms built in 11.89 seconds
  Force calls this timestep: 1
Time stepping all particles completed in 23.34 seconds
Time step 726 / 1329
Building rho_lms for this timestep...
rho_lms built in 11.96 seconds
  Force calls this timestep: 1
Time stepping all particles completed in 23.34 seconds
Time step 727 / 1329
Building rho_lms for this timestep...
rho_lms built in 11.89 seconds
  Force calls this timestep: 1
Time stepping all particles completed in 23.34 seconds
Time step 728 / 1329
Building rho_lms for this timestep...
rho_lms built in 11.96 seconds
  Force calls this timestep: 1
Time stepping all particles completed in 23.34 seconds
Time step 729 / 1329
Building rho_lms for this timestep...
rho_lms built in 11.89 seconds
  Force calls this timestep: 1
Time stepping all particles completed in 23.34 seconds
Time step 730 / 1329
Building rho_lms for this timestep...
rho_lms built in 11.96 seconds
  Force calls this timestep: 1
Time stepping all particles completed in 23.34 seconds
Time step 731 / 1329
Building rho_lms for this timestep...
rho_lms built in 11.89 seconds
  Force calls this timestep: 1
Time stepping all particles completed in 23.34 seconds
Time step 732 / 1329
Building rho_lms for this timestep...
rho_lms built in 11.96 seconds
  Force calls this timestep: 1
Time stepping all particles completed in 23.34 seconds
Time step 733 / 1329
Building rho_lms for this timestep...
rho_lms built in 11.89 seconds
  Force calls this timestep: 1
Time stepping all particles completed in 23.34 seconds
Time step 734 / 1329
Building rho_lms for this timestep...
rho_lms built in 11.96 seconds
  Force calls this timestep: 1
Time stepping all particles completed in 23.34 seconds
Time step 735 / 1329
Building rho_lms for this timestep...
rho_lms built in 11.89 seconds
  Force calls this timestep: 1
Time stepping all particles completed in 23.34 seconds
Time step 736 / 1329
Building rho_lms for this timestep...
rho_lms built in 11.96 seconds
  Force calls this timestep: 1
Time stepping all particles completed in 23.34 seconds
Time step 737 / 1329
Building rho_lms for this timestep...
rho_lms built in 11.89 seconds
  Force calls this timestep: 1
Time stepping all particles completed in 23.34 seconds
Time step 738 / 1329
Building rho_lms for this timestep...
rho_lms built in 11.96 seconds
  Force calls this timestep: 1
Time stepping all particles completed in 23.34 seconds
Time step 739 / 1329
Building rho_lms for this timestep...
rho_lms built in 11.89 seconds
  Force calls this timestep: 1
Time stepping all particles completed in 23.34 seconds
Time step 740 / 1329
Building rho_lms for this timestep...
rho_lms built in 11.96 seconds
  Force calls this timestep: 1
Time stepping all particles completed in 23.34 seconds
Time step 741 / 1329
Building rho_lms for this timestep...
rho_lms built in 11.89 seconds
  Force calls this timestep: 1
Time stepping all particles completed in 23.34 seconds
Time step 742 / 1329
Building rho_lms for this timestep...
rho_lms built in 11.96 seconds
  Force calls this timestep: 1
Time stepping all particles completed in 23.34 seconds
Time step 743 / 1329
Building rho_lms for this timestep...
rho_lms built in 11.89 seconds
  Force calls this timestep: 1
Time stepping all particles completed in 23.33 seconds
Time step 744 / 1329
Building rho_lms for this timestep...
rho_lms built in 11.96 seconds
  Force calls this timestep: 1
Time stepping all particles completed in 23.34 seconds
Time step 745 / 1329
Building rho_lms for this timestep...
rho_lms built in 11.89 seconds
  Force calls this timestep: 1
Time stepping all particles completed in 23.34 seconds
Time step 746 / 1329
Building rho_lms for this timestep...
rho_lms built in 11.96 seconds
  Force calls this timestep: 1
Time stepping all particles completed in 23.34 seconds
Time step 747 / 1329
Building rho_lms for this timestep...
rho_lms built in 11.89 seconds
  Force calls this timestep: 1
Time stepping all particles completed in 23.34 seconds
Time step 748 / 1329
Building rho_lms for this timestep...
rho_lms built in 11.96 seconds
  Force calls this timestep: 1
Time stepping all particles completed in 23.34 seconds
Time step 749 / 1329
Building rho_lms for this timestep...
rho_lms built in 11.89 seconds
  Force calls this timestep: 1
Time stepping all particles completed in 23.33 seconds
Time step 750 / 1329
Building rho_lms for this timestep...
rho_lms built in 11.96 seconds
  Force calls this timestep: 1
Time stepping all particles completed in 23.34 seconds
Checkpoint at step 750 saved: /rds/general/user/jd925/ephemeral/Checkpoints/checkpoints_m22_10_r0_1_Lout_0.9/checkpoint_step_750.pkl
Time step 751 / 1329
Building rho_lms for this timestep...
rho_lms built in 11.89 seconds
  Force calls this timestep: 1
Time stepping all particles completed in 23.34 seconds
Time step 752 / 1329
Building rho_lms for this timestep...
rho_lms built in 11.96 seconds
  Force calls this timestep: 1
Time stepping all particles completed in 23.34 seconds
Time step 753 / 1329
Building rho_lms for this timestep...
rho_lms built in 11.89 seconds
  Force calls this timestep: 1
Time stepping all particles completed in 23.34 seconds
Time step 754 / 1329
Building rho_lms for this timestep...
rho_lms built in 11.96 seconds
  Force calls this timestep: 1
Time stepping all particles completed in 23.34 seconds
Time step 755 / 1329
Building rho_lms for this timestep...
rho_lms built in 11.89 seconds
  Force calls this timestep: 1
Time stepping all particles completed in 23.33 seconds
Time step 756 / 1329
Building rho_lms for this timestep...
rho_lms built in 11.96 seconds
  Force calls this timestep: 1
Time stepping all particles completed in 23.34 seconds
Time step 757 / 1329
Building rho_lms for this timestep...
rho_lms built in 11.89 seconds
  Force calls this timestep: 1
Time stepping all particles completed in 23.34 seconds
Time step 758 / 1329
Building rho_lms for this timestep...
rho_lms built in 11.96 seconds
  Force calls this timestep: 1
Time stepping all particles completed in 23.34 seconds
Time step 759 / 1329
Building rho_lms for this timestep...
rho_lms built in 11.89 seconds
  Force calls this timestep: 1
Time stepping all particles completed in 23.33 seconds
Time step 760 / 1329
Building rho_lms for this timestep...
rho_lms built in 11.96 seconds
  Force calls this timestep: 1
Time stepping all particles completed in 23.34 seconds
Time step 761 / 1329
Building rho_lms for this timestep...
rho_lms built in 11.89 seconds
  Force calls this timestep: 1
Time stepping all particles completed in 23.33 seconds
Time step 762 / 1329
Building rho_lms for this timestep...
rho_lms built in 11.96 seconds
  Force calls this timestep: 1
Time stepping all particles completed in 23.34 seconds
Time step 763 / 1329
Building rho_lms for this timestep...
rho_lms built in 11.89 seconds
  Force calls this timestep: 1
Time stepping all particles completed in 23.33 seconds
Time step 764 / 1329
Building rho_lms for this timestep...
rho_lms built in 11.96 seconds
  Force calls this timestep: 1
Time stepping all particles completed in 23.34 seconds
Time step 765 / 1329
Building rho_lms for this timestep...
rho_lms built in 11.89 seconds
  Force calls this timestep: 1
Time stepping all particles completed in 23.33 seconds
Time step 766 / 1329
Building rho_lms for this timestep...
rho_lms built in 11.96 seconds
  Force calls this timestep: 1
Time stepping all particles completed in 23.34 seconds
Time step 767 / 1329
Building rho_lms for this timestep...
rho_lms built in 11.89 seconds
  Force calls this timestep: 1
Time stepping all particles completed in 23.33 seconds
Time step 768 / 1329
Building rho_lms for this timestep...
rho_lms built in 11.96 seconds
  Force calls this timestep: 1
Time stepping all particles completed in 23.33 seconds
Time step 769 / 1329
Building rho_lms for this timestep...
rho_lms built in 11.89 seconds
  Force calls this timestep: 1
Time stepping all particles completed in 23.33 seconds
Time step 770 / 1329
Building rho_lms for this timestep...
rho_lms built in 11.96 seconds
  Force calls this timestep: 1
Time stepping all particles completed in 23.34 seconds
Time step 771 / 1329
Building rho_lms for this timestep...
rho_lms built in 11.89 seconds
  Force calls this timestep: 1
Time stepping all particles completed in 23.34 seconds
Time step 772 / 1329
Building rho_lms for this timestep...
rho_lms built in 11.96 seconds
  Force calls this timestep: 1
Time stepping all particles completed in 23.34 seconds
Time step 773 / 1329
Building rho_lms for this timestep...
rho_lms built in 11.89 seconds
  Force calls this timestep: 1
Time stepping all particles completed in 23.34 seconds
Time step 774 / 1329
Building rho_lms for this timestep...
rho_lms built in 11.96 seconds
  Force calls this timestep: 1
Time stepping all particles completed in 23.34 seconds
Time step 775 / 1329
Building rho_lms for this timestep...
rho_lms built in 11.89 seconds
  Force calls this timestep: 1
Time stepping all particles completed in 23.33 seconds
Time step 776 / 1329
Building rho_lms for this timestep...
rho_lms built in 11.96 seconds
  Force calls this timestep: 1
Time stepping all particles completed in 23.34 seconds
Time step 777 / 1329
Building rho_lms for this timestep...
rho_lms built in 11.89 seconds
  Force calls this timestep: 1
Time stepping all particles completed in 23.33 seconds
Time step 778 / 1329
Building rho_lms for this timestep...
rho_lms built in 11.96 seconds
  Force calls this timestep: 1
Time stepping all particles completed in 23.34 seconds
Time step 779 / 1329
Building rho_lms for this timestep...
rho_lms built in 11.89 seconds
  Force calls this timestep: 1
Time stepping all particles completed in 23.34 seconds
Time step 780 / 1329
Building rho_lms for this timestep...
rho_lms built in 11.96 seconds
  Force calls this timestep: 1
Time stepping all particles completed in 23.34 seconds
Time step 781 / 1329
Building rho_lms for this timestep...
rho_lms built in 11.89 seconds
  Force calls this timestep: 1
Time stepping all particles completed in 23.34 seconds
Time step 782 / 1329
Building rho_lms for this timestep...
rho_lms built in 11.96 seconds
  Force calls this timestep: 1
Time stepping all particles completed in 23.34 seconds
Time step 783 / 1329
Building rho_lms for this timestep...
rho_lms built in 11.89 seconds
  Force calls this timestep: 1
Time stepping all particles completed in 23.34 seconds
Time step 784 / 1329
Building rho_lms for this timestep...
rho_lms built in 11.96 seconds
  Force calls this timestep: 1
Time stepping all particles completed in 23.34 seconds
Time step 785 / 1329
Building rho_lms for this timestep...
rho_lms built in 11.89 seconds
  Force calls this timestep: 1
Time stepping all particles completed in 23.33 seconds
Time step 786 / 1329
Building rho_lms for this timestep...
rho_lms built in 11.96 seconds
  Force calls this timestep: 1
Time stepping all particles completed in 23.34 seconds
Time step 787 / 1329
Building rho_lms for this timestep...
rho_lms built in 11.89 seconds
  Force calls this timestep: 1
Time stepping all particles completed in 23.34 seconds
Time step 788 / 1329
Building rho_lms for this timestep...
rho_lms built in 11.96 seconds
  Force calls this timestep: 1
Time stepping all particles completed in 23.34 seconds
Time step 789 / 1329
Building rho_lms for this timestep...
rho_lms built in 11.89 seconds
  Force calls this timestep: 1
Time stepping all particles completed in 23.34 seconds
Time step 790 / 1329
Building rho_lms for this timestep...
rho_lms built in 11.96 seconds
  Force calls this timestep: 1
Time stepping all particles completed in 23.34 seconds
Time step 791 / 1329
Building rho_lms for this timestep...
rho_lms built in 11.89 seconds
  Force calls this timestep: 1
Time stepping all particles completed in 23.34 seconds
Time step 792 / 1329
Building rho_lms for this timestep...
rho_lms built in 11.96 seconds
  Force calls this timestep: 1
Time stepping all particles completed in 23.34 seconds
Time step 793 / 1329
Building rho_lms for this timestep...
rho_lms built in 11.89 seconds
  Force calls this timestep: 1
Time stepping all particles completed in 23.33 seconds
Time step 794 / 1329
Building rho_lms for this timestep...
rho_lms built in 11.96 seconds
  Force calls this timestep: 1
Time stepping all particles completed in 23.34 seconds
Time step 795 / 1329
Building rho_lms for this timestep...
rho_lms built in 11.89 seconds
  Force calls this timestep: 1
Time stepping all particles completed in 23.33 seconds
Time step 796 / 1329
Building rho_lms for this timestep...
rho_lms built in 11.96 seconds
  Force calls this timestep: 1
Time stepping all particles completed in 23.34 seconds
Time step 797 / 1329
Building rho_lms for this timestep...
rho_lms built in 11.89 seconds
  Force calls this timestep: 1
Time stepping all particles completed in 23.34 seconds
Time step 798 / 1329
Building rho_lms for this timestep...
rho_lms built in 11.96 seconds
  Force calls this timestep: 1
Time stepping all particles completed in 23.34 seconds
Time step 799 / 1329
Building rho_lms for this timestep...
rho_lms built in 11.89 seconds
  Force calls this timestep: 1
Time stepping all particles completed in 23.34 seconds
Time step 800 / 1329
Building rho_lms for this timestep...
rho_lms built in 11.96 seconds
  Force calls this timestep: 1
Time stepping all particles completed in 23.34 seconds
Checkpoint at step 800 saved: /rds/general/user/jd925/ephemeral/Checkpoints/checkpoints_m22_10_r0_1_Lout_0.9/checkpoint_step_800.pkl
Time step 801 / 1329
Building rho_lms for this timestep...
rho_lms built in 11.89 seconds
  Force calls this timestep: 1
Time stepping all particles completed in 23.33 seconds
Time step 802 / 1329
Building rho_lms for this timestep...
rho_lms built in 11.96 seconds
  Force calls this timestep: 1
Time stepping all particles completed in 23.34 seconds
Time step 803 / 1329
Building rho_lms for this timestep...
rho_lms built in 11.89 seconds
  Force calls this timestep: 1
Time stepping all particles completed in 23.33 seconds
Time step 804 / 1329
Building rho_lms for this timestep...
rho_lms built in 11.96 seconds
  Force calls this timestep: 1
Time stepping all particles completed in 23.34 seconds
Time step 805 / 1329
Building rho_lms for this timestep...
rho_lms built in 11.89 seconds
  Force calls this timestep: 1
Time stepping all particles completed in 23.33 seconds
Time step 806 / 1329
Building rho_lms for this timestep...
rho_lms built in 11.96 seconds
  Force calls this timestep: 1
Time stepping all particles completed in 23.34 seconds
Time step 807 / 1329
Building rho_lms for this timestep...
rho_lms built in 11.89 seconds
  Force calls this timestep: 1
Time stepping all particles completed in 23.33 seconds
Time step 808 / 1329
Building rho_lms for this timestep...
rho_lms built in 11.96 seconds
  Force calls this timestep: 1
Time stepping all particles completed in 23.34 seconds
Time step 809 / 1329
Building rho_lms for this timestep...
rho_lms built in 11.89 seconds
  Force calls this timestep: 1
Time stepping all particles completed in 23.33 seconds
Time step 810 / 1329
Building rho_lms for this timestep...
rho_lms built in 11.96 seconds
  Force calls this timestep: 1
Time stepping all particles completed in 23.34 seconds
Time step 811 / 1329
Building rho_lms for this timestep...
rho_lms built in 11.89 seconds
  Force calls this timestep: 1
Time stepping all particles completed in 23.33 seconds
Time step 812 / 1329
Building rho_lms for this timestep...
rho_lms built in 11.96 seconds
  Force calls this timestep: 1
Time stepping all particles completed in 23.34 seconds
Time step 813 / 1329
Building rho_lms for this timestep...
rho_lms built in 11.89 seconds
  Force calls this timestep: 1
Time stepping all particles completed in 23.33 seconds
Time step 814 / 1329
Building rho_lms for this timestep...
rho_lms built in 11.96 seconds
  Force calls this timestep: 1
Time stepping all particles completed in 23.34 seconds
Time step 815 / 1329
Building rho_lms for this timestep...
rho_lms built in 11.89 seconds
  Force calls this timestep: 1
Time stepping all particles completed in 23.33 seconds
Time step 816 / 1329
Building rho_lms for this timestep...
rho_lms built in 11.96 seconds
  Force calls this timestep: 1
Time stepping all particles completed in 23.34 seconds
Time step 817 / 1329
Building rho_lms for this timestep...
rho_lms built in 11.88 seconds
  Force calls this timestep: 1
Time stepping all particles completed in 23.33 seconds
Time step 818 / 1329
Building rho_lms for this timestep...
rho_lms built in 11.96 seconds
  Force calls this timestep: 1
Time stepping all particles completed in 23.34 seconds
Time step 819 / 1329
Building rho_lms for this timestep...
rho_lms built in 11.89 seconds
  Force calls this timestep: 1
Time stepping all particles completed in 23.34 seconds
Time step 820 / 1329
Building rho_lms for this timestep...
rho_lms built in 11.96 seconds
  Force calls this timestep: 1
Time stepping all particles completed in 23.34 seconds
Time step 821 / 1329
Building rho_lms for this timestep...
rho_lms built in 11.88 seconds
  Force calls this timestep: 1
Time stepping all particles completed in 23.33 seconds
Time step 822 / 1329
Building rho_lms for this timestep...
rho_lms built in 11.96 seconds
  Force calls this timestep: 1
Time stepping all particles completed in 23.34 seconds
Time step 823 / 1329
Building rho_lms for this timestep...
rho_lms built in 11.88 seconds
  Force calls this timestep: 1
Time stepping all particles completed in 23.33 seconds
Time step 824 / 1329
Building rho_lms for this timestep...
rho_lms built in 11.96 seconds
  Force calls this timestep: 1
Time stepping all particles completed in 23.34 seconds
Time step 825 / 1329
Building rho_lms for this timestep...
rho_lms built in 11.88 seconds
  Force calls this timestep: 1
Time stepping all particles completed in 23.34 seconds
Time step 826 / 1329
Building rho_lms for this timestep...
rho_lms built in 11.96 seconds
  Force calls this timestep: 1
Time stepping all particles completed in 23.34 seconds
Time step 827 / 1329
Building rho_lms for this timestep...
rho_lms built in 11.89 seconds
  Force calls this timestep: 1
Time stepping all particles completed in 23.33 seconds
Time step 828 / 1329
Building rho_lms for this timestep...
rho_lms built in 11.96 seconds
  Force calls this timestep: 1
Time stepping all particles completed in 23.34 seconds
Time step 829 / 1329
Building rho_lms for this timestep...
rho_lms built in 11.88 seconds
  Force calls this timestep: 1
Time stepping all particles completed in 23.33 seconds
Time step 830 / 1329
Building rho_lms for this timestep...
rho_lms built in 11.96 seconds
  Force calls this timestep: 1
Time stepping all particles completed in 23.34 seconds
Time step 831 / 1329
Building rho_lms for this timestep...
rho_lms built in 11.88 seconds
  Force calls this timestep: 1
Time stepping all particles completed in 23.33 seconds
Time step 832 / 1329
Building rho_lms for this timestep...
rho_lms built in 11.96 seconds
  Force calls this timestep: 1
Time stepping all particles completed in 23.34 seconds
Time step 833 / 1329
Building rho_lms for this timestep...
rho_lms built in 11.88 seconds
  Force calls this timestep: 1
Time stepping all particles completed in 23.33 seconds
Time step 834 / 1329
Building rho_lms for this timestep...
rho_lms built in 11.96 seconds
  Force calls this timestep: 1
Time stepping all particles completed in 23.34 seconds
Time step 835 / 1329
Building rho_lms for this timestep...
rho_lms built in 11.88 seconds
  Force calls this timestep: 1
Time stepping all particles completed in 23.33 seconds
Time step 836 / 1329
Building rho_lms for this timestep...
rho_lms built in 11.96 seconds
  Force calls this timestep: 1
Time stepping all particles completed in 23.34 seconds
Time step 837 / 1329
Building rho_lms for this timestep...
rho_lms built in 11.88 seconds
  Force calls this timestep: 1
Time stepping all particles completed in 23.34 seconds
Time step 838 / 1329
Building rho_lms for this timestep...
rho_lms built in 11.96 seconds
  Force calls this timestep: 1
Time stepping all particles completed in 23.34 seconds
Time step 839 / 1329
Building rho_lms for this timestep...
rho_lms built in 11.88 seconds
  Force calls this timestep: 1
Time stepping all particles completed in 23.33 seconds
Time step 840 / 1329
Building rho_lms for this timestep...
rho_lms built in 11.96 seconds
  Force calls this timestep: 1
Time stepping all particles completed in 23.34 seconds
Time step 841 / 1329
Building rho_lms for this timestep...
rho_lms built in 11.89 seconds
  Force calls this timestep: 1
Time stepping all particles completed in 23.33 seconds
Time step 842 / 1329
Building rho_lms for this timestep...
rho_lms built in 11.96 seconds
  Force calls this timestep: 1
Time stepping all particles completed in 23.34 seconds
Time step 843 / 1329
Building rho_lms for this timestep...
rho_lms built in 11.88 seconds
  Force calls this timestep: 1
Time stepping all particles completed in 23.33 seconds
Time step 844 / 1329
Building rho_lms for this timestep...
rho_lms built in 11.96 seconds
  Force calls this timestep: 1
Time stepping all particles completed in 23.34 seconds
Time step 845 / 1329
Building rho_lms for this timestep...
rho_lms built in 11.88 seconds
  Force calls this timestep: 1
Time stepping all particles completed in 23.33 seconds
Time step 846 / 1329
Building rho_lms for this timestep...
rho_lms built in 11.96 seconds
  Force calls this timestep: 1
Time stepping all particles completed in 23.33 seconds
Time step 847 / 1329
Building rho_lms for this timestep...
rho_lms built in 11.88 seconds
  Force calls this timestep: 1
Time stepping all particles completed in 23.34 seconds
Time step 848 / 1329
Building rho_lms for this timestep...
rho_lms built in 11.96 seconds
  Force calls this timestep: 1
Time stepping all particles completed in 23.34 seconds
Time step 849 / 1329
Building rho_lms for this timestep...
rho_lms built in 11.88 seconds
  Force calls this timestep: 1
Time stepping all particles completed in 23.33 seconds
Time step 850 / 1329
Building rho_lms for this timestep...
rho_lms built in 11.96 seconds
  Force calls this timestep: 1
Time stepping all particles completed in 23.34 seconds
Checkpoint at step 850 saved: /rds/general/user/jd925/ephemeral/Checkpoints/checkpoints_m22_10_r0_1_Lout_0.9/checkpoint_step_850.pkl
Time step 851 / 1329
Building rho_lms for this timestep...
rho_lms built in 11.89 seconds
  Force calls this timestep: 1
Time stepping all particles completed in 23.34 seconds
Time step 852 / 1329
Building rho_lms for this timestep...
rho_lms built in 11.96 seconds
  Force calls this timestep: 1
Time stepping all particles completed in 23.34 seconds
Time step 853 / 1329
Building rho_lms for this timestep...
rho_lms built in 11.88 seconds
  Force calls this timestep: 1
Time stepping all particles completed in 23.33 seconds
Time step 854 / 1329
Building rho_lms for this timestep...
rho_lms built in 11.96 seconds
  Force calls this timestep: 1
Time stepping all particles completed in 23.34 seconds
Time step 855 / 1329
Building rho_lms for this timestep...
rho_lms built in 11.89 seconds
  Force calls this timestep: 1
Time stepping all particles completed in 23.33 seconds
Time step 856 / 1329
Building rho_lms for this timestep...
rho_lms built in 11.96 seconds
  Force calls this timestep: 1
Time stepping all particles completed in 23.34 seconds
Time step 857 / 1329
Building rho_lms for this timestep...
rho_lms built in 11.88 seconds
  Force calls this timestep: 1
Time stepping all particles completed in 23.34 seconds
Time step 858 / 1329
Building rho_lms for this timestep...
rho_lms built in 11.96 seconds
  Force calls this timestep: 1
Time stepping all particles completed in 23.34 seconds
Time step 859 / 1329
Building rho_lms for this timestep...
rho_lms built in 11.89 seconds
  Force calls this timestep: 1
Time stepping all particles completed in 23.33 seconds
Time step 860 / 1329
Building rho_lms for this timestep...
rho_lms built in 11.96 seconds
  Force calls this timestep: 1
Time stepping all particles completed in 23.34 seconds
Time step 861 / 1329
Building rho_lms for this timestep...
rho_lms built in 11.88 seconds
  Force calls this timestep: 1
Time stepping all particles completed in 23.33 seconds
Time step 862 / 1329
Building rho_lms for this timestep...
rho_lms built in 11.96 seconds
  Force calls this timestep: 1
Time stepping all particles completed in 23.34 seconds
Time step 863 / 1329
Building rho_lms for this timestep...
rho_lms built in 11.88 seconds
  Force calls this timestep: 1
Time stepping all particles completed in 23.33 seconds
Time step 864 / 1329
Building rho_lms for this timestep...
rho_lms built in 11.96 seconds
  Force calls this timestep: 1
Time stepping all particles completed in 23.34 seconds
Time step 865 / 1329
Building rho_lms for this timestep...
rho_lms built in 11.88 seconds
  Force calls this timestep: 1
Time stepping all particles completed in 23.33 seconds
Time step 866 / 1329
Building rho_lms for this timestep...
rho_lms built in 11.96 seconds
  Force calls this timestep: 1
Time stepping all particles completed in 23.34 seconds
Time step 867 / 1329
Building rho_lms for this timestep...
rho_lms built in 11.88 seconds
  Force calls this timestep: 1
Time stepping all particles completed in 23.33 seconds
Time step 868 / 1329
Building rho_lms for this timestep...
rho_lms built in 11.96 seconds
  Force calls this timestep: 1
Time stepping all particles completed in 23.34 seconds
Time step 869 / 1329
Building rho_lms for this timestep...
rho_lms built in 11.89 seconds
  Force calls this timestep: 1
Time stepping all particles completed in 23.33 seconds
Time step 870 / 1329
Building rho_lms for this timestep...
rho_lms built in 11.96 seconds
  Force calls this timestep: 1
Time stepping all particles completed in 23.34 seconds
Time step 871 / 1329
Building rho_lms for this timestep...
rho_lms built in 11.89 seconds
  Force calls this timestep: 1
Time stepping all particles completed in 23.33 seconds
Time step 872 / 1329
Building rho_lms for this timestep...
rho_lms built in 11.96 seconds
  Force calls this timestep: 1
Time stepping all particles completed in 23.34 seconds
Time step 873 / 1329
Building rho_lms for this timestep...
rho_lms built in 11.89 seconds
  Force calls this timestep: 1
Time stepping all particles completed in 23.33 seconds
Time step 874 / 1329
Building rho_lms for this timestep...
rho_lms built in 11.96 seconds
  Force calls this timestep: 1
Time stepping all particles completed in 23.34 seconds
Time step 875 / 1329
Building rho_lms for this timestep...
rho_lms built in 11.88 seconds
  Force calls this timestep: 1
Time stepping all particles completed in 23.33 seconds
Time step 876 / 1329
Building rho_lms for this timestep...
rho_lms built in 11.96 seconds
  Force calls this timestep: 1
Time stepping all particles completed in 23.34 seconds
Time step 877 / 1329
Building rho_lms for this timestep...
rho_lms built in 11.89 seconds
  Force calls this timestep: 1
Time stepping all particles completed in 23.33 seconds
Time step 878 / 1329
Building rho_lms for this timestep...
rho_lms built in 11.96 seconds
  Force calls this timestep: 1
Time stepping all particles completed in 23.34 seconds
Time step 879 / 1329
Building rho_lms for this timestep...
rho_lms built in 11.89 seconds
  Force calls this timestep: 1
Time stepping all particles completed in 23.33 seconds
Time step 880 / 1329
Building rho_lms for this timestep...
rho_lms built in 11.96 seconds
  Force calls this timestep: 1
Time stepping all particles completed in 23.34 seconds
Time step 881 / 1329
Building rho_lms for this timestep...
rho_lms built in 11.89 seconds
  Force calls this timestep: 1
Time stepping all particles completed in 23.33 seconds
Time step 882 / 1329
Building rho_lms for this timestep...
rho_lms built in 11.96 seconds
  Force calls this timestep: 1
Time stepping all particles completed in 23.34 seconds
Time step 883 / 1329
Building rho_lms for this timestep...
rho_lms built in 11.88 seconds
  Force calls this timestep: 1
Time stepping all particles completed in 23.33 seconds
Time step 884 / 1329
Building rho_lms for this timestep...
rho_lms built in 11.96 seconds
  Force calls this timestep: 1
Time stepping all particles completed in 23.34 seconds
Time step 885 / 1329
Building rho_lms for this timestep...
rho_lms built in 11.89 seconds
  Force calls this timestep: 1
Time stepping all particles completed in 23.33 seconds
Time step 886 / 1329
Building rho_lms for this timestep...
rho_lms built in 11.96 seconds
  Force calls this timestep: 1
Time stepping all particles completed in 23.34 seconds
Time step 887 / 1329
Building rho_lms for this timestep...
rho_lms built in 11.88 seconds
  Force calls this timestep: 1
Time stepping all particles completed in 23.33 seconds
Time step 888 / 1329
Building rho_lms for this timestep...
rho_lms built in 11.96 seconds
  Force calls this timestep: 1
Time stepping all particles completed in 23.34 seconds
Time step 889 / 1329
Building rho_lms for this timestep...
rho_lms built in 11.88 seconds
  Force calls this timestep: 1
Time stepping all particles completed in 23.33 seconds
Time step 890 / 1329
Building rho_lms for this timestep...
rho_lms built in 11.96 seconds
  Force calls this timestep: 1
Time stepping all particles completed in 23.34 seconds
Time step 891 / 1329
Building rho_lms for this timestep...
rho_lms built in 11.88 seconds
  Force calls this timestep: 1
Time stepping all particles completed in 23.34 seconds
Time step 892 / 1329
Building rho_lms for this timestep...
rho_lms built in 11.96 seconds
  Force calls this timestep: 1
Time stepping all particles completed in 23.34 seconds
Time step 893 / 1329
Building rho_lms for this timestep...
rho_lms built in 11.88 seconds
  Force calls this timestep: 1
Time stepping all particles completed in 23.33 seconds
Time step 894 / 1329
Building rho_lms for this timestep...
rho_lms built in 11.96 seconds
  Force calls this timestep: 1
Time stepping all particles completed in 23.34 seconds
Time step 895 / 1329
Building rho_lms for this timestep...
rho_lms built in 11.88 seconds
  Force calls this timestep: 1
Time stepping all particles completed in 23.33 seconds
Time step 896 / 1329
Building rho_lms for this timestep...
rho_lms built in 11.96 seconds
  Force calls this timestep: 1
Time stepping all particles completed in 23.34 seconds
Time step 897 / 1329
Building rho_lms for this timestep...
rho_lms built in 11.88 seconds
  Force calls this timestep: 1
Time stepping all particles completed in 23.33 seconds
Time step 898 / 1329
Building rho_lms for this timestep...
rho_lms built in 11.96 seconds
  Force calls this timestep: 1
Time stepping all particles completed in 23.34 seconds
Time step 899 / 1329
Building rho_lms for this timestep...
rho_lms built in 11.88 seconds
  Force calls this timestep: 1
Time stepping all particles completed in 23.33 seconds
Time step 900 / 1329
Building rho_lms for this timestep...
rho_lms built in 11.96 seconds
  Force calls this timestep: 1
Time stepping all particles completed in 23.34 seconds
Checkpoint at step 900 saved: /rds/general/user/jd925/ephemeral/Checkpoints/checkpoints_m22_10_r0_1_Lout_0.9/checkpoint_step_900.pkl
Time step 901 / 1329
Building rho_lms for this timestep...
rho_lms built in 11.89 seconds
  Force calls this timestep: 1
Time stepping all particles completed in 23.33 seconds
Time step 902 / 1329
Building rho_lms for this timestep...
rho_lms built in 11.96 seconds
  Force calls this timestep: 1
Time stepping all particles completed in 23.34 seconds
Time step 903 / 1329
Building rho_lms for this timestep...
rho_lms built in 11.88 seconds
  Force calls this timestep: 1
Time stepping all particles completed in 23.33 seconds
Time step 904 / 1329
Building rho_lms for this timestep...
rho_lms built in 11.96 seconds
  Force calls this timestep: 1
Time stepping all particles completed in 23.34 seconds
Time step 905 / 1329
Building rho_lms for this timestep...
rho_lms built in 11.88 seconds
  Force calls this timestep: 1
Time stepping all particles completed in 23.33 seconds
Time step 906 / 1329
Building rho_lms for this timestep...
rho_lms built in 11.96 seconds
  Force calls this timestep: 1
Time stepping all particles completed in 23.34 seconds
Time step 907 / 1329
Building rho_lms for this timestep...
rho_lms built in 11.89 seconds
  Force calls this timestep: 1
Time stepping all particles completed in 23.33 seconds
Time step 908 / 1329
Building rho_lms for this timestep...
rho_lms built in 11.96 seconds
  Force calls this timestep: 1
Time stepping all particles completed in 23.34 seconds
Time step 909 / 1329
Building rho_lms for this timestep...
rho_lms built in 11.88 seconds
  Force calls this timestep: 1
Time stepping all particles completed in 23.34 seconds
Time step 910 / 1329
Building rho_lms for this timestep...
rho_lms built in 11.96 seconds
  Force calls this timestep: 1
Time stepping all particles completed in 23.34 seconds
Time step 911 / 1329
Building rho_lms for this timestep...
rho_lms built in 11.89 seconds
  Force calls this timestep: 1
Time stepping all particles completed in 23.33 seconds
Time step 912 / 1329
Building rho_lms for this timestep...
rho_lms built in 11.96 seconds
  Force calls this timestep: 1
Time stepping all particles completed in 23.34 seconds
Time step 913 / 1329
Building rho_lms for this timestep...
rho_lms built in 11.89 seconds
  Force calls this timestep: 1
Time stepping all particles completed in 23.33 seconds
Time step 914 / 1329
Building rho_lms for this timestep...
rho_lms built in 11.96 seconds
  Force calls this timestep: 1
Time stepping all particles completed in 23.34 seconds
Time step 915 / 1329
Building rho_lms for this timestep...
rho_lms built in 11.88 seconds
  Force calls this timestep: 1
Time stepping all particles completed in 23.34 seconds
Time step 916 / 1329
Building rho_lms for this timestep...
rho_lms built in 11.96 seconds
  Force calls this timestep: 1
Time stepping all particles completed in 23.34 seconds
Time step 917 / 1329
Building rho_lms for this timestep...
rho_lms built in 11.88 seconds
  Force calls this timestep: 1
Time stepping all particles completed in 23.34 seconds
Time step 918 / 1329
Building rho_lms for this timestep...
rho_lms built in 11.96 seconds
  Force calls this timestep: 1
Time stepping all particles completed in 23.34 seconds
Time step 919 / 1329
Building rho_lms for this timestep...
rho_lms built in 11.89 seconds
  Force calls this timestep: 1
Time stepping all particles completed in 23.33 seconds
Time step 920 / 1329
Building rho_lms for this timestep...
rho_lms built in 11.96 seconds
  Force calls this timestep: 1
Time stepping all particles completed in 23.34 seconds
Time step 921 / 1329
Building rho_lms for this timestep...
rho_lms built in 11.89 seconds
  Force calls this timestep: 1
Time stepping all particles completed in 23.33 seconds
Time step 922 / 1329
Building rho_lms for this timestep...
rho_lms built in 11.96 seconds
  Force calls this timestep: 1
Time stepping all particles completed in 23.34 seconds
Time step 923 / 1329
Building rho_lms for this timestep...
rho_lms built in 11.89 seconds
  Force calls this timestep: 1
Time stepping all particles completed in 23.33 seconds
Time step 924 / 1329
Building rho_lms for this timestep...
rho_lms built in 11.96 seconds
  Force calls this timestep: 1
Time stepping all particles completed in 23.34 seconds
Time step 925 / 1329
Building rho_lms for this timestep...
rho_lms built in 11.89 seconds
  Force calls this timestep: 1
Time stepping all particles completed in 23.33 seconds
Time step 926 / 1329
Building rho_lms for this timestep...
rho_lms built in 11.96 seconds
  Force calls this timestep: 1
Time stepping all particles completed in 23.34 seconds
Time step 927 / 1329
Building rho_lms for this timestep...
rho_lms built in 11.89 seconds
  Force calls this timestep: 1
Time stepping all particles completed in 23.33 seconds
Time step 928 / 1329
Building rho_lms for this timestep...
rho_lms built in 11.96 seconds
  Force calls this timestep: 1
Time stepping all particles completed in 23.34 seconds
Time step 929 / 1329
Building rho_lms for this timestep...
rho_lms built in 11.89 seconds
  Force calls this timestep: 1
Time stepping all particles completed in 23.33 seconds
Time step 930 / 1329
Building rho_lms for this timestep...
rho_lms built in 11.96 seconds
  Force calls this timestep: 1
Time stepping all particles completed in 23.34 seconds
Time step 931 / 1329
Building rho_lms for this timestep...
rho_lms built in 11.89 seconds
  Force calls this timestep: 1
Time stepping all particles completed in 23.33 seconds
Time step 932 / 1329
Building rho_lms for this timestep...
rho_lms built in 11.96 seconds
  Force calls this timestep: 1
Time stepping all particles completed in 23.33 seconds
Time step 933 / 1329
Building rho_lms for this timestep...
rho_lms built in 11.89 seconds
  Force calls this timestep: 1
Time stepping all particles completed in 23.33 seconds
Time step 934 / 1329
Building rho_lms for this timestep...
rho_lms built in 11.96 seconds
  Force calls this timestep: 1
Time stepping all particles completed in 23.34 seconds
Time step 935 / 1329
Building rho_lms for this timestep...
rho_lms built in 11.89 seconds
  Force calls this timestep: 1
Time stepping all particles completed in 23.33 seconds
Time step 936 / 1329
Building rho_lms for this timestep...
rho_lms built in 11.96 seconds
  Force calls this timestep: 1
Time stepping all particles completed in 23.34 seconds
Time step 937 / 1329
Building rho_lms for this timestep...
rho_lms built in 11.89 seconds
  Force calls this timestep: 1
Time stepping all particles completed in 23.33 seconds
Time step 938 / 1329
Building rho_lms for this timestep...
rho_lms built in 11.96 seconds
  Force calls this timestep: 1
Time stepping all particles completed in 23.34 seconds
Time step 939 / 1329
Building rho_lms for this timestep...
rho_lms built in 11.88 seconds
  Force calls this timestep: 1
Time stepping all particles completed in 23.33 seconds
Time step 940 / 1329
Building rho_lms for this timestep...
rho_lms built in 11.96 seconds
  Force calls this timestep: 1
Time stepping all particles completed in 23.34 seconds
Time step 941 / 1329
Building rho_lms for this timestep...
rho_lms built in 11.89 seconds
  Force calls this timestep: 1
Time stepping all particles completed in 23.33 seconds
Time step 942 / 1329
Building rho_lms for this timestep...
rho_lms built in 11.96 seconds
  Force calls this timestep: 1
Time stepping all particles completed in 23.34 seconds
Time step 943 / 1329
Building rho_lms for this timestep...
rho_lms built in 11.89 seconds
  Force calls this timestep: 1
Time stepping all particles completed in 23.33 seconds
Time step 944 / 1329
Building rho_lms for this timestep...
rho_lms built in 11.96 seconds
  Force calls this timestep: 1
Time stepping all particles completed in 23.34 seconds
Time step 945 / 1329
Building rho_lms for this timestep...
rho_lms built in 11.89 seconds
  Force calls this timestep: 1
Time stepping all particles completed in 23.33 seconds
Time step 946 / 1329
Building rho_lms for this timestep...
rho_lms built in 11.96 seconds
  Force calls this timestep: 1
Time stepping all particles completed in 23.34 seconds
Time step 947 / 1329
Building rho_lms for this timestep...
rho_lms built in 11.89 seconds
  Force calls this timestep: 1
Time stepping all particles completed in 23.33 seconds
Time step 948 / 1329
Building rho_lms for this timestep...
rho_lms built in 11.96 seconds
  Force calls this timestep: 1
Time stepping all particles completed in 23.34 seconds
Time step 949 / 1329
Building rho_lms for this timestep...
rho_lms built in 11.89 seconds
  Force calls this timestep: 1
Time stepping all particles completed in 23.33 seconds
Time step 950 / 1329
Building rho_lms for this timestep...
rho_lms built in 11.96 seconds
  Force calls this timestep: 1
Time stepping all particles completed in 23.34 seconds
Checkpoint at step 950 saved: /rds/general/user/jd925/ephemeral/Checkpoints/checkpoints_m22_10_r0_1_Lout_0.9/checkpoint_step_950.pkl
Time step 951 / 1329
Building rho_lms for this timestep...
rho_lms built in 11.89 seconds
  Force calls this timestep: 1
Time stepping all particles completed in 23.33 seconds
Time step 952 / 1329
Building rho_lms for this timestep...
rho_lms built in 11.96 seconds
  Force calls this timestep: 1
Time stepping all particles completed in 23.34 seconds
Time step 953 / 1329
Building rho_lms for this timestep...
rho_lms built in 11.89 seconds
  Force calls this timestep: 1
Time stepping all particles completed in 23.34 seconds
Time step 954 / 1329
Building rho_lms for this timestep...
rho_lms built in 11.96 seconds
  Force calls this timestep: 1
Time stepping all particles completed in 23.34 seconds
Time step 955 / 1329
Building rho_lms for this timestep...
rho_lms built in 11.88 seconds
  Force calls this timestep: 1
Time stepping all particles completed in 23.33 seconds
Time step 956 / 1329
Building rho_lms for this timestep...
rho_lms built in 11.96 seconds
  Force calls this timestep: 1
Time stepping all particles completed in 23.34 seconds
Time step 957 / 1329
Building rho_lms for this timestep...
rho_lms built in 11.88 seconds
  Force calls this timestep: 1
Time stepping all particles completed in 23.34 seconds
Time step 958 / 1329
Building rho_lms for this timestep...
rho_lms built in 11.96 seconds
  Force calls this timestep: 1
Time stepping all particles completed in 23.34 seconds
Time step 959 / 1329
Building rho_lms for this timestep...
rho_lms built in 11.89 seconds
  Force calls this timestep: 1
Time stepping all particles completed in 23.33 seconds
Time step 960 / 1329
Building rho_lms for this timestep...
rho_lms built in 11.96 seconds
  Force calls this timestep: 1
Time stepping all particles completed in 23.34 seconds
Time step 961 / 1329
Building rho_lms for this timestep...
rho_lms built in 11.88 seconds
  Force calls this timestep: 1
Time stepping all particles completed in 23.33 seconds
Time step 962 / 1329
Building rho_lms for this timestep...
rho_lms built in 11.96 seconds
  Force calls this timestep: 1
Time stepping all particles completed in 23.34 seconds
Time step 963 / 1329
Building rho_lms for this timestep...
rho_lms built in 11.88 seconds
  Force calls this timestep: 1
Time stepping all particles completed in 23.33 seconds
Time step 964 / 1329
Building rho_lms for this timestep...
rho_lms built in 11.96 seconds
  Force calls this timestep: 1
Time stepping all particles completed in 23.34 seconds
Time step 965 / 1329
Building rho_lms for this timestep...
rho_lms built in 11.89 seconds
  Force calls this timestep: 1
Time stepping all particles completed in 23.33 seconds
Time step 966 / 1329
Building rho_lms for this timestep...
rho_lms built in 11.96 seconds
  Force calls this timestep: 1
Time stepping all particles completed in 23.34 seconds
Time step 967 / 1329
Building rho_lms for this timestep...
rho_lms built in 11.89 seconds
  Force calls this timestep: 1
Time stepping all particles completed in 23.33 seconds
Time step 968 / 1329
Building rho_lms for this timestep...
rho_lms built in 11.96 seconds
  Force calls this timestep: 1
Time stepping all particles completed in 23.34 seconds
Time step 969 / 1329
Building rho_lms for this timestep...
rho_lms built in 11.89 seconds
  Force calls this timestep: 1
Time stepping all particles completed in 23.33 seconds
Time step 970 / 1329
Building rho_lms for this timestep...
rho_lms built in 11.96 seconds
  Force calls this timestep: 1
Time stepping all particles completed in 23.34 seconds
Time step 971 / 1329
Building rho_lms for this timestep...
rho_lms built in 11.88 seconds
  Force calls this timestep: 1
Time stepping all particles completed in 23.33 seconds
Time step 972 / 1329
Building rho_lms for this timestep...
rho_lms built in 11.96 seconds
  Force calls this timestep: 1
Time stepping all particles completed in 23.34 seconds
Time step 973 / 1329
Building rho_lms for this timestep...
rho_lms built in 11.89 seconds
  Force calls this timestep: 1
Time stepping all particles completed in 23.33 seconds
Time step 974 / 1329
Building rho_lms for this timestep...
rho_lms built in 11.96 seconds
  Force calls this timestep: 1
Time stepping all particles completed in 23.34 seconds
Time step 975 / 1329
Building rho_lms for this timestep...
rho_lms built in 11.89 seconds
  Force calls this timestep: 1
Time stepping all particles completed in 23.34 seconds
Time step 976 / 1329
Building rho_lms for this timestep...
rho_lms built in 11.96 seconds
  Force calls this timestep: 1
Time stepping all particles completed in 23.34 seconds
Time step 977 / 1329
Building rho_lms for this timestep...
rho_lms built in 11.89 seconds
  Force calls this timestep: 1
Time stepping all particles completed in 23.33 seconds
Time step 978 / 1329
Building rho_lms for this timestep...
rho_lms built in 11.96 seconds
  Force calls this timestep: 1
Time stepping all particles completed in 23.34 seconds
Time step 979 / 1329
Building rho_lms for this timestep...
rho_lms built in 11.89 seconds
  Force calls this timestep: 1
Time stepping all particles completed in 23.34 seconds
Time step 980 / 1329
Building rho_lms for this timestep...
rho_lms built in 11.96 seconds
  Force calls this timestep: 1
Time stepping all particles completed in 23.34 seconds
Time step 981 / 1329
Building rho_lms for this timestep...
rho_lms built in 11.89 seconds
  Force calls this timestep: 1
Time stepping all particles completed in 23.34 seconds
Time step 982 / 1329
Building rho_lms for this timestep...
rho_lms built in 11.96 seconds
  Force calls this timestep: 1
Time stepping all particles completed in 23.34 seconds
Time step 983 / 1329
Building rho_lms for this timestep...
rho_lms built in 11.89 seconds
  Force calls this timestep: 1
Time stepping all particles completed in 23.33 seconds
Time step 984 / 1329
Building rho_lms for this timestep...
rho_lms built in 11.96 seconds
  Force calls this timestep: 1
Time stepping all particles completed in 23.34 seconds
Time step 985 / 1329
Building rho_lms for this timestep...
rho_lms built in 11.88 seconds
  Force calls this timestep: 1
Time stepping all particles completed in 23.33 seconds
Time step 986 / 1329
Building rho_lms for this timestep...
rho_lms built in 11.96 seconds
  Force calls this timestep: 1
Time stepping all particles completed in 23.34 seconds
Time step 987 / 1329
Building rho_lms for this timestep...
rho_lms built in 11.89 seconds
  Force calls this timestep: 1
Time stepping all particles completed in 23.33 seconds
Time step 988 / 1329
Building rho_lms for this timestep...
rho_lms built in 11.96 seconds
  Force calls this timestep: 1
Time stepping all particles completed in 23.34 seconds
Time step 989 / 1329
Building rho_lms for this timestep...
rho_lms built in 11.88 seconds
  Force calls this timestep: 1
Time stepping all particles completed in 23.33 seconds
Time step 990 / 1329
Building rho_lms for this timestep...
rho_lms built in 11.96 seconds
  Force calls this timestep: 1
Time stepping all particles completed in 23.34 seconds
Time step 991 / 1329
Building rho_lms for this timestep...
rho_lms built in 11.89 seconds
  Force calls this timestep: 1
Time stepping all particles completed in 23.33 seconds
Time step 992 / 1329
Building rho_lms for this timestep...
rho_lms built in 11.96 seconds
  Force calls this timestep: 1
Time stepping all particles completed in 23.34 seconds
Time step 993 / 1329
Building rho_lms for this timestep...
rho_lms built in 11.89 seconds
  Force calls this timestep: 1
Time stepping all particles completed in 23.33 seconds
Time step 994 / 1329
Building rho_lms for this timestep...
rho_lms built in 11.96 seconds
  Force calls this timestep: 1
Time stepping all particles completed in 23.34 seconds
Time step 995 / 1329
Building rho_lms for this timestep...
rho_lms built in 11.89 seconds
  Force calls this timestep: 1
Time stepping all particles completed in 23.33 seconds
Time step 996 / 1329
Building rho_lms for this timestep...
rho_lms built in 11.96 seconds
  Force calls this timestep: 1
Time stepping all particles completed in 23.34 seconds
Time step 997 / 1329
Building rho_lms for this timestep...
rho_lms built in 11.89 seconds
  Force calls this timestep: 1
Time stepping all particles completed in 23.33 seconds
Time step 998 / 1329
Building rho_lms for this timestep...
rho_lms built in 11.96 seconds
  Force calls this timestep: 1
Time stepping all particles completed in 23.34 seconds
Time step 999 / 1329
Building rho_lms for this timestep...
rho_lms built in 11.89 seconds
  Force calls this timestep: 1
Time stepping all particles completed in 23.34 seconds
Time step 1000 / 1329
Building rho_lms for this timestep...
rho_lms built in 11.96 seconds
  Force calls this timestep: 1
Time stepping all particles completed in 23.34 seconds
Checkpoint at step 1000 saved: /rds/general/user/jd925/ephemeral/Checkpoints/checkpoints_m22_10_r0_1_Lout_0.9/checkpoint_step_1000.pkl
Time step 1001 / 1329
Building rho_lms for this timestep...
rho_lms built in 11.89 seconds
  Force calls this timestep: 1
Time stepping all particles completed in 23.34 seconds
Time step 1002 / 1329
Building rho_lms for this timestep...
rho_lms built in 11.96 seconds
  Force calls this timestep: 1
Time stepping all particles completed in 23.34 seconds
Time step 1003 / 1329
Building rho_lms for this timestep...
rho_lms built in 11.89 seconds
  Force calls this timestep: 1
Time stepping all particles completed in 23.34 seconds
Time step 1004 / 1329
Building rho_lms for this timestep...
rho_lms built in 11.96 seconds
  Force calls this timestep: 1
Time stepping all particles completed in 23.34 seconds
Time step 1005 / 1329
Building rho_lms for this timestep...
rho_lms built in 11.89 seconds
  Force calls this timestep: 1
Time stepping all particles completed in 23.34 seconds
Time step 1006 / 1329
Building rho_lms for this timestep...
rho_lms built in 11.96 seconds
  Force calls this timestep: 1
Time stepping all particles completed in 23.34 seconds
Time step 1007 / 1329
Building rho_lms for this timestep...
rho_lms built in 11.89 seconds
  Force calls this timestep: 1
Time stepping all particles completed in 24.83 seconds
Time step 1008 / 1329
Building rho_lms for this timestep...
rho_lms built in 11.96 seconds
  Force calls this timestep: 1
Time stepping all particles completed in 23.34 seconds
Time step 1009 / 1329
Building rho_lms for this timestep...
rho_lms built in 11.89 seconds
  Force calls this timestep: 1
Time stepping all particles completed in 23.34 seconds
Time step 1010 / 1329
Building rho_lms for this timestep...
rho_lms built in 11.96 seconds
  Force calls this timestep: 1
Time stepping all particles completed in 23.34 seconds
Time step 1011 / 1329
Building rho_lms for this timestep...
rho_lms built in 11.89 seconds
  Force calls this timestep: 1
Time stepping all particles completed in 23.34 seconds
Time step 1012 / 1329
Building rho_lms for this timestep...
rho_lms built in 11.96 seconds
  Force calls this timestep: 1
Time stepping all particles completed in 23.34 seconds
Time step 1013 / 1329
Building rho_lms for this timestep...
rho_lms built in 11.89 seconds
  Force calls this timestep: 1
Time stepping all particles completed in 23.34 seconds
Time step 1014 / 1329
Building rho_lms for this timestep...
rho_lms built in 11.96 seconds
  Force calls this timestep: 1
Time stepping all particles completed in 23.34 seconds
Time step 1015 / 1329
Building rho_lms for this timestep...
rho_lms built in 11.89 seconds
  Force calls this timestep: 1
Time stepping all particles completed in 23.34 seconds
Time step 1016 / 1329
Building rho_lms for this timestep...
rho_lms built in 11.96 seconds
  Force calls this timestep: 1
Time stepping all particles completed in 23.34 seconds
Time step 1017 / 1329
Building rho_lms for this timestep...
rho_lms built in 11.89 seconds
  Force calls this timestep: 1
Time stepping all particles completed in 23.34 seconds
Time step 1018 / 1329
Building rho_lms for this timestep...
rho_lms built in 11.96 seconds
  Force calls this timestep: 1
Time stepping all particles completed in 23.34 seconds
Time step 1019 / 1329
Building rho_lms for this timestep...
rho_lms built in 11.89 seconds
  Force calls this timestep: 1
Time stepping all particles completed in 23.34 seconds
Time step 1020 / 1329
Building rho_lms for this timestep...
rho_lms built in 11.96 seconds
  Force calls this timestep: 1
Time stepping all particles completed in 23.34 seconds
Time step 1021 / 1329
Building rho_lms for this timestep...
rho_lms built in 11.89 seconds
  Force calls this timestep: 1
Time stepping all particles completed in 23.34 seconds
Time step 1022 / 1329
Building rho_lms for this timestep...
rho_lms built in 11.96 seconds
  Force calls this timestep: 1
Time stepping all particles completed in 23.34 seconds
Time step 1023 / 1329
Building rho_lms for this timestep...
rho_lms built in 11.89 seconds
  Force calls this timestep: 1
Time stepping all particles completed in 23.34 seconds
Time step 1024 / 1329
Building rho_lms for this timestep...
rho_lms built in 11.96 seconds
  Force calls this timestep: 1
Time stepping all particles completed in 23.34 seconds
Time step 1025 / 1329
Building rho_lms for this timestep...
rho_lms built in 11.89 seconds
  Force calls this timestep: 1
Time stepping all particles completed in 23.33 seconds
Time step 1026 / 1329
Building rho_lms for this timestep...
rho_lms built in 11.96 seconds
  Force calls this timestep: 1
Time stepping all particles completed in 23.34 seconds
Time step 1027 / 1329
Building rho_lms for this timestep...
rho_lms built in 11.89 seconds
  Force calls this timestep: 1
Time stepping all particles completed in 23.33 seconds
Time step 1028 / 1329
Building rho_lms for this timestep...
rho_lms built in 11.96 seconds
  Force calls this timestep: 1
Time stepping all particles completed in 23.34 seconds
Time step 1029 / 1329
Building rho_lms for this timestep...
rho_lms built in 11.89 seconds
  Force calls this timestep: 1
Time stepping all particles completed in 23.34 seconds
Time step 1030 / 1329
Building rho_lms for this timestep...
rho_lms built in 11.96 seconds
  Force calls this timestep: 1
Time stepping all particles completed in 23.34 seconds
Time step 1031 / 1329
Building rho_lms for this timestep...
rho_lms built in 11.89 seconds
  Force calls this timestep: 1
Time stepping all particles completed in 23.34 seconds
Time step 1032 / 1329
Building rho_lms for this timestep...
rho_lms built in 11.96 seconds
  Force calls this timestep: 1
Time stepping all particles completed in 23.34 seconds
Time step 1033 / 1329
Building rho_lms for this timestep...
rho_lms built in 11.89 seconds
  Force calls this timestep: 1
Time stepping all particles completed in 23.34 seconds
Time step 1034 / 1329
Building rho_lms for this timestep...
rho_lms built in 11.96 seconds
  Force calls this timestep: 1
Time stepping all particles completed in 23.34 seconds
Time step 1035 / 1329
Building rho_lms for this timestep...
rho_lms built in 11.89 seconds
  Force calls this timestep: 1
Time stepping all particles completed in 23.34 seconds
Time step 1036 / 1329
Building rho_lms for this timestep...
rho_lms built in 11.96 seconds
  Force calls this timestep: 1
Time stepping all particles completed in 23.34 seconds
Time step 1037 / 1329
Building rho_lms for this timestep...
rho_lms built in 11.89 seconds
  Force calls this timestep: 1
Time stepping all particles completed in 23.34 seconds
Time step 1038 / 1329
Building rho_lms for this timestep...
rho_lms built in 11.96 seconds
  Force calls this timestep: 1
Time stepping all particles completed in 23.33 seconds
Time step 1039 / 1329
Building rho_lms for this timestep...
rho_lms built in 11.89 seconds
  Force calls this timestep: 1
Time stepping all particles completed in 23.34 seconds
Time step 1040 / 1329
Building rho_lms for this timestep...
rho_lms built in 11.96 seconds
  Force calls this timestep: 1
Time stepping all particles completed in 23.34 seconds
Time step 1041 / 1329
Building rho_lms for this timestep...
rho_lms built in 11.89 seconds
  Force calls this timestep: 1
Time stepping all particles completed in 23.33 seconds
Time step 1042 / 1329
Building rho_lms for this timestep...
rho_lms built in 11.96 seconds
  Force calls this timestep: 1
Time stepping all particles completed in 23.34 seconds
Time step 1043 / 1329
Building rho_lms for this timestep...
rho_lms built in 11.89 seconds
  Force calls this timestep: 1
Time stepping all particles completed in 23.34 seconds
Time step 1044 / 1329
Building rho_lms for this timestep...
rho_lms built in 11.96 seconds
  Force calls this timestep: 1
Time stepping all particles completed in 23.34 seconds
Time step 1045 / 1329
Building rho_lms for this timestep...
rho_lms built in 11.89 seconds
  Force calls this timestep: 1
Time stepping all particles completed in 23.34 seconds
Time step 1046 / 1329
Building rho_lms for this timestep...
rho_lms built in 11.96 seconds
  Force calls this timestep: 1
Time stepping all particles completed in 23.34 seconds
Time step 1047 / 1329
Building rho_lms for this timestep...
rho_lms built in 11.89 seconds
  Force calls this timestep: 1
Time stepping all particles completed in 23.34 seconds
Time step 1048 / 1329
Building rho_lms for this timestep...
rho_lms built in 11.95 seconds
  Force calls this timestep: 1
Time stepping all particles completed in 23.34 seconds
Time step 1049 / 1329
Building rho_lms for this timestep...
rho_lms built in 11.89 seconds
  Force calls this timestep: 1
Time stepping all particles completed in 23.34 seconds
Time step 1050 / 1329
Building rho_lms for this timestep...
rho_lms built in 11.96 seconds
  Force calls this timestep: 1
Time stepping all particles completed in 23.34 seconds
Checkpoint at step 1050 saved: /rds/general/user/jd925/ephemeral/Checkpoints/checkpoints_m22_10_r0_1_Lout_0.9/checkpoint_step_1050.pkl
Time step 1051 / 1329
Building rho_lms for this timestep...
rho_lms built in 11.89 seconds
  Force calls this timestep: 1
Time stepping all particles completed in 23.33 seconds
Time step 1052 / 1329
Building rho_lms for this timestep...
rho_lms built in 11.96 seconds
  Force calls this timestep: 1
Time stepping all particles completed in 23.34 seconds
Time step 1053 / 1329
Building rho_lms for this timestep...
rho_lms built in 11.89 seconds
  Force calls this timestep: 1
Time stepping all particles completed in 23.33 seconds
Time step 1054 / 1329
Building rho_lms for this timestep...
rho_lms built in 11.96 seconds
  Force calls this timestep: 1
Time stepping all particles completed in 23.34 seconds
Time step 1055 / 1329
Building rho_lms for this timestep...
rho_lms built in 11.89 seconds
  Force calls this timestep: 1
Time stepping all particles completed in 23.34 seconds
Time step 1056 / 1329
Building rho_lms for this timestep...
rho_lms built in 11.96 seconds
  Force calls this timestep: 1
Time stepping all particles completed in 23.34 seconds
Time step 1057 / 1329
Building rho_lms for this timestep...
rho_lms built in 11.89 seconds
  Force calls this timestep: 1
Time stepping all particles completed in 23.34 seconds
Time step 1058 / 1329
Building rho_lms for this timestep...
rho_lms built in 11.96 seconds
  Force calls this timestep: 1
Time stepping all particles completed in 23.34 seconds
Time step 1059 / 1329
Building rho_lms for this timestep...
rho_lms built in 11.89 seconds
  Force calls this timestep: 1
Time stepping all particles completed in 23.34 seconds
Time step 1060 / 1329
Building rho_lms for this timestep...
rho_lms built in 11.96 seconds
  Force calls this timestep: 1
Time stepping all particles completed in 23.34 seconds
Time step 1061 / 1329
Building rho_lms for this timestep...
rho_lms built in 11.89 seconds
  Force calls this timestep: 1
Time stepping all particles completed in 23.34 seconds
Time step 1062 / 1329
Building rho_lms for this timestep...
rho_lms built in 11.96 seconds
  Force calls this timestep: 1
Time stepping all particles completed in 23.34 seconds
Time step 1063 / 1329
Building rho_lms for this timestep...
rho_lms built in 11.89 seconds
  Force calls this timestep: 1
Time stepping all particles completed in 23.34 seconds
Time step 1064 / 1329
Building rho_lms for this timestep...
rho_lms built in 11.96 seconds
  Force calls this timestep: 1
Time stepping all particles completed in 23.34 seconds
Time step 1065 / 1329
Building rho_lms for this timestep...
rho_lms built in 11.89 seconds
  Force calls this timestep: 1
Time stepping all particles completed in 23.34 seconds
Time step 1066 / 1329
Building rho_lms for this timestep...
rho_lms built in 11.96 seconds
  Force calls this timestep: 1
Time stepping all particles completed in 23.34 seconds
Time step 1067 / 1329
Building rho_lms for this timestep...
rho_lms built in 11.89 seconds
  Force calls this timestep: 1
Time stepping all particles completed in 23.33 seconds
Time step 1068 / 1329
Building rho_lms for this timestep...
rho_lms built in 11.96 seconds
  Force calls this timestep: 1
Time stepping all particles completed in 23.34 seconds
Time step 1069 / 1329
Building rho_lms for this timestep...
rho_lms built in 11.89 seconds
  Force calls this timestep: 1
Time stepping all particles completed in 23.34 seconds
Time step 1070 / 1329
Building rho_lms for this timestep...
rho_lms built in 11.96 seconds
  Force calls this timestep: 1
Time stepping all particles completed in 23.33 seconds
Time step 1071 / 1329
Building rho_lms for this timestep...
rho_lms built in 11.89 seconds
  Force calls this timestep: 1
Time stepping all particles completed in 23.34 seconds
Time step 1072 / 1329
Building rho_lms for this timestep...
rho_lms built in 11.96 seconds
  Force calls this timestep: 1
Time stepping all particles completed in 23.34 seconds
Time step 1073 / 1329
Building rho_lms for this timestep...
rho_lms built in 11.89 seconds
  Force calls this timestep: 1
Time stepping all particles completed in 23.34 seconds
Time step 1074 / 1329
Building rho_lms for this timestep...
rho_lms built in 11.96 seconds
  Force calls this timestep: 1
Time stepping all particles completed in 23.34 seconds
Time step 1075 / 1329
Building rho_lms for this timestep...
rho_lms built in 11.89 seconds
  Force calls this timestep: 1
Time stepping all particles completed in 23.33 seconds
Time step 1076 / 1329
Building rho_lms for this timestep...
rho_lms built in 11.96 seconds
  Force calls this timestep: 1
Time stepping all particles completed in 23.34 seconds
Time step 1077 / 1329
Building rho_lms for this timestep...
rho_lms built in 11.89 seconds
  Force calls this timestep: 1
Time stepping all particles completed in 23.34 seconds
Time step 1078 / 1329
Building rho_lms for this timestep...
rho_lms built in 11.96 seconds
  Force calls this timestep: 1
Time stepping all particles completed in 23.34 seconds
Time step 1079 / 1329
Building rho_lms for this timestep...
rho_lms built in 11.89 seconds
  Force calls this timestep: 1
Time stepping all particles completed in 23.33 seconds
Time step 1080 / 1329
Building rho_lms for this timestep...
rho_lms built in 11.96 seconds
  Force calls this timestep: 1
Time stepping all particles completed in 23.34 seconds
Time step 1081 / 1329
Building rho_lms for this timestep...
rho_lms built in 11.89 seconds
  Force calls this timestep: 1
Time stepping all particles completed in 23.34 seconds
Time step 1082 / 1329
Building rho_lms for this timestep...
rho_lms built in 11.96 seconds
  Force calls this timestep: 1
Time stepping all particles completed in 23.34 seconds
Time step 1083 / 1329
Building rho_lms for this timestep...
rho_lms built in 11.89 seconds
  Force calls this timestep: 1
Time stepping all particles completed in 23.34 seconds
Time step 1084 / 1329
Building rho_lms for this timestep...
rho_lms built in 11.96 seconds
  Force calls this timestep: 1
Time stepping all particles completed in 23.34 seconds
Time step 1085 / 1329
Building rho_lms for this timestep...
rho_lms built in 11.89 seconds
  Force calls this timestep: 1
Time stepping all particles completed in 23.34 seconds
Time step 1086 / 1329
Building rho_lms for this timestep...
rho_lms built in 11.96 seconds
  Force calls this timestep: 1
Time stepping all particles completed in 23.34 seconds
Time step 1087 / 1329
Building rho_lms for this timestep...
rho_lms built in 11.89 seconds
  Force calls this timestep: 1
Time stepping all particles completed in 23.33 seconds
Time step 1088 / 1329
Building rho_lms for this timestep...
rho_lms built in 11.96 seconds
  Force calls this timestep: 1
Time stepping all particles completed in 23.34 seconds
Time step 1089 / 1329
Building rho_lms for this timestep...
rho_lms built in 11.89 seconds
  Force calls this timestep: 1
Time stepping all particles completed in 23.34 seconds
Time step 1090 / 1329
Building rho_lms for this timestep...
rho_lms built in 11.96 seconds
  Force calls this timestep: 1
Time stepping all particles completed in 23.34 seconds
Time step 1091 / 1329
Building rho_lms for this timestep...
rho_lms built in 11.89 seconds
  Force calls this timestep: 1
Time stepping all particles completed in 23.34 seconds
Time step 1092 / 1329
Building rho_lms for this timestep...
rho_lms built in 11.96 seconds
  Force calls this timestep: 1
Time stepping all particles completed in 23.34 seconds
Time step 1093 / 1329
Building rho_lms for this timestep...
rho_lms built in 11.89 seconds
  Force calls this timestep: 1
Time stepping all particles completed in 23.33 seconds
Time step 1094 / 1329
Building rho_lms for this timestep...
rho_lms built in 11.96 seconds
  Force calls this timestep: 1
Time stepping all particles completed in 23.34 seconds
Time step 1095 / 1329
Building rho_lms for this timestep...
rho_lms built in 11.89 seconds
  Force calls this timestep: 1
Time stepping all particles completed in 23.33 seconds
Time step 1096 / 1329
Building rho_lms for this timestep...
rho_lms built in 11.96 seconds
  Force calls this timestep: 1
Time stepping all particles completed in 23.34 seconds
Time step 1097 / 1329
Building rho_lms for this timestep...
rho_lms built in 11.89 seconds
  Force calls this timestep: 1
Time stepping all particles completed in 23.34 seconds
Time step 1098 / 1329
Building rho_lms for this timestep...
rho_lms built in 11.96 seconds
  Force calls this timestep: 1
Time stepping all particles completed in 23.34 seconds
Time step 1099 / 1329
Building rho_lms for this timestep...
rho_lms built in 11.89 seconds
  Force calls this timestep: 1
Time stepping all particles completed in 23.34 seconds
Time step 1100 / 1329
Building rho_lms for this timestep...
rho_lms built in 11.96 seconds
  Force calls this timestep: 1
Time stepping all particles completed in 23.34 seconds
Checkpoint at step 1100 saved: /rds/general/user/jd925/ephemeral/Checkpoints/checkpoints_m22_10_r0_1_Lout_0.9/checkpoint_step_1100.pkl
Time step 1101 / 1329
Building rho_lms for this timestep...
rho_lms built in 11.89 seconds
  Force calls this timestep: 1
Time stepping all particles completed in 23.34 seconds
Time step 1102 / 1329
Building rho_lms for this timestep...
rho_lms built in 11.96 seconds
  Force calls this timestep: 1
Time stepping all particles completed in 23.34 seconds
Time step 1103 / 1329
Building rho_lms for this timestep...
rho_lms built in 11.89 seconds
  Force calls this timestep: 1
Time stepping all particles completed in 23.33 seconds
Time step 1104 / 1329
Building rho_lms for this timestep...
rho_lms built in 11.96 seconds
  Force calls this timestep: 1
Time stepping all particles completed in 23.34 seconds
Time step 1105 / 1329
Building rho_lms for this timestep...
rho_lms built in 11.89 seconds
  Force calls this timestep: 1
Time stepping all particles completed in 23.34 seconds
Time step 1106 / 1329
Building rho_lms for this timestep...
rho_lms built in 11.96 seconds
  Force calls this timestep: 1
Time stepping all particles completed in 23.34 seconds
Time step 1107 / 1329
Building rho_lms for this timestep...
rho_lms built in 11.89 seconds
  Force calls this timestep: 1
Time stepping all particles completed in 23.34 seconds
Time step 1108 / 1329
Building rho_lms for this timestep...
rho_lms built in 11.96 seconds
  Force calls this timestep: 1
Time stepping all particles completed in 23.34 seconds
Time step 1109 / 1329
Building rho_lms for this timestep...
rho_lms built in 11.89 seconds
  Force calls this timestep: 1
Time stepping all particles completed in 23.34 seconds
Time step 1110 / 1329
Building rho_lms for this timestep...
rho_lms built in 11.96 seconds
  Force calls this timestep: 1
Time stepping all particles completed in 23.34 seconds
Time step 1111 / 1329
Building rho_lms for this timestep...
rho_lms built in 11.89 seconds
  Force calls this timestep: 1
Time stepping all particles completed in 23.34 seconds
Time step 1112 / 1329
Building rho_lms for this timestep...
rho_lms built in 11.96 seconds
  Force calls this timestep: 1
Time stepping all particles completed in 23.34 seconds
Time step 1113 / 1329
Building rho_lms for this timestep...
rho_lms built in 11.89 seconds
  Force calls this timestep: 1
Time stepping all particles completed in 23.34 seconds
Time step 1114 / 1329
Building rho_lms for this timestep...
rho_lms built in 11.96 seconds
  Force calls this timestep: 1
Time stepping all particles completed in 23.34 seconds
Time step 1115 / 1329
Building rho_lms for this timestep...
rho_lms built in 11.89 seconds
  Force calls this timestep: 1
Time stepping all particles completed in 23.34 seconds
Time step 1116 / 1329
Building rho_lms for this timestep...
rho_lms built in 11.96 seconds
  Force calls this timestep: 1
Time stepping all particles completed in 23.34 seconds
Time step 1117 / 1329
Building rho_lms for this timestep...
rho_lms built in 11.89 seconds
  Force calls this timestep: 1
Time stepping all particles completed in 23.34 seconds
Time step 1118 / 1329
Building rho_lms for this timestep...
rho_lms built in 11.96 seconds
  Force calls this timestep: 1
Time stepping all particles completed in 23.34 seconds
Time step 1119 / 1329
Building rho_lms for this timestep...
rho_lms built in 11.89 seconds
  Force calls this timestep: 1
Time stepping all particles completed in 23.34 seconds
Time step 1120 / 1329
Building rho_lms for this timestep...
rho_lms built in 11.96 seconds
  Force calls this timestep: 1
Time stepping all particles completed in 23.34 seconds
Time step 1121 / 1329
Building rho_lms for this timestep...
rho_lms built in 11.89 seconds
  Force calls this timestep: 1
Time stepping all particles completed in 23.34 seconds
Time step 1122 / 1329
Building rho_lms for this timestep...
rho_lms built in 11.96 seconds
  Force calls this timestep: 1
Time stepping all particles completed in 23.34 seconds
Time step 1123 / 1329
Building rho_lms for this timestep...
rho_lms built in 11.89 seconds
  Force calls this timestep: 1
Time stepping all particles completed in 23.33 seconds
Time step 1124 / 1329
Building rho_lms for this timestep...
rho_lms built in 11.96 seconds
  Force calls this timestep: 1
Time stepping all particles completed in 23.34 seconds
Time step 1125 / 1329
Building rho_lms for this timestep...
rho_lms built in 11.89 seconds
  Force calls this timestep: 1
Time stepping all particles completed in 23.34 seconds
Time step 1126 / 1329
Building rho_lms for this timestep...
rho_lms built in 11.96 seconds
  Force calls this timestep: 1
Time stepping all particles completed in 23.34 seconds
Time step 1127 / 1329
Building rho_lms for this timestep...
rho_lms built in 11.89 seconds
  Force calls this timestep: 1
Time stepping all particles completed in 23.34 seconds
Time step 1128 / 1329
Building rho_lms for this timestep...
rho_lms built in 11.96 seconds
  Force calls this timestep: 1
Time stepping all particles completed in 23.34 seconds
Time step 1129 / 1329
Building rho_lms for this timestep...
rho_lms built in 11.89 seconds
  Force calls this timestep: 1
Time stepping all particles completed in 23.34 seconds
Time step 1130 / 1329
Building rho_lms for this timestep...
rho_lms built in 11.96 seconds
  Force calls this timestep: 1
Time stepping all particles completed in 23.34 seconds
Time step 1131 / 1329
Building rho_lms for this timestep...
rho_lms built in 11.89 seconds
  Force calls this timestep: 1
Time stepping all particles completed in 23.33 seconds
Time step 1132 / 1329
Building rho_lms for this timestep...
rho_lms built in 11.96 seconds
  Force calls this timestep: 1
Time stepping all particles completed in 23.34 seconds
Time step 1133 / 1329
Building rho_lms for this timestep...
rho_lms built in 11.89 seconds
  Force calls this timestep: 1
Time stepping all particles completed in 23.34 seconds
Time step 1134 / 1329
Building rho_lms for this timestep...
rho_lms built in 11.96 seconds
  Force calls this timestep: 1
Time stepping all particles completed in 23.34 seconds
Time step 1135 / 1329
Building rho_lms for this timestep...
rho_lms built in 11.89 seconds
  Force calls this timestep: 1
Time stepping all particles completed in 23.33 seconds
Time step 1136 / 1329
Building rho_lms for this timestep...
rho_lms built in 11.96 seconds
  Force calls this timestep: 1
Time stepping all particles completed in 23.34 seconds
Time step 1137 / 1329
Building rho_lms for this timestep...
rho_lms built in 11.89 seconds
  Force calls this timestep: 1
Time stepping all particles completed in 23.34 seconds
Time step 1138 / 1329
Building rho_lms for this timestep...
rho_lms built in 11.96 seconds
  Force calls this timestep: 1
Time stepping all particles completed in 23.34 seconds
Time step 1139 / 1329
Building rho_lms for this timestep...
rho_lms built in 11.89 seconds
  Force calls this timestep: 1
Time stepping all particles completed in 23.34 seconds
Time step 1140 / 1329
Building rho_lms for this timestep...
rho_lms built in 11.96 seconds
  Force calls this timestep: 1
Time stepping all particles completed in 23.34 seconds
Time step 1141 / 1329
Building rho_lms for this timestep...
rho_lms built in 11.89 seconds
  Force calls this timestep: 1
Time stepping all particles completed in 23.34 seconds
Time step 1142 / 1329
Building rho_lms for this timestep...
rho_lms built in 11.96 seconds
  Force calls this timestep: 1
Time stepping all particles completed in 23.34 seconds
Time step 1143 / 1329
Building rho_lms for this timestep...
rho_lms built in 11.89 seconds
  Force calls this timestep: 1
Time stepping all particles completed in 23.34 seconds
Time step 1144 / 1329
Building rho_lms for this timestep...
rho_lms built in 11.96 seconds
  Force calls this timestep: 1
Time stepping all particles completed in 23.34 seconds
Time step 1145 / 1329
Building rho_lms for this timestep...
rho_lms built in 11.89 seconds
  Force calls this timestep: 1
Time stepping all particles completed in 23.34 seconds
Time step 1146 / 1329
Building rho_lms for this timestep...
rho_lms built in 11.96 seconds
  Force calls this timestep: 1
Time stepping all particles completed in 23.34 seconds
Time step 1147 / 1329
Building rho_lms for this timestep...
rho_lms built in 11.89 seconds
  Force calls this timestep: 1
Time stepping all particles completed in 23.34 seconds
Time step 1148 / 1329
Building rho_lms for this timestep...
rho_lms built in 11.96 seconds
  Force calls this timestep: 1
Time stepping all particles completed in 23.34 seconds
Time step 1149 / 1329
Building rho_lms for this timestep...
rho_lms built in 11.89 seconds
  Force calls this timestep: 1
Time stepping all particles completed in 23.34 seconds
Time step 1150 / 1329
Building rho_lms for this timestep...
rho_lms built in 11.96 seconds
  Force calls this timestep: 1
Time stepping all particles completed in 23.34 seconds
Checkpoint at step 1150 saved: /rds/general/user/jd925/ephemeral/Checkpoints/checkpoints_m22_10_r0_1_Lout_0.9/checkpoint_step_1150.pkl
Time step 1151 / 1329
Building rho_lms for this timestep...
rho_lms built in 11.89 seconds
  Force calls this timestep: 1
Time stepping all particles completed in 23.34 seconds
Time step 1152 / 1329
Building rho_lms for this timestep...
rho_lms built in 11.96 seconds
  Force calls this timestep: 1
Time stepping all particles completed in 23.34 seconds
Time step 1153 / 1329
Building rho_lms for this timestep...
rho_lms built in 11.89 seconds
  Force calls this timestep: 1
Time stepping all particles completed in 23.34 seconds
Time step 1154 / 1329
Building rho_lms for this timestep...
rho_lms built in 11.96 seconds
  Force calls this timestep: 1
Time stepping all particles completed in 23.34 seconds
Time step 1155 / 1329
Building rho_lms for this timestep...
rho_lms built in 11.89 seconds
  Force calls this timestep: 1
Time stepping all particles completed in 23.33 seconds
Time step 1156 / 1329
Building rho_lms for this timestep...
rho_lms built in 11.96 seconds
  Force calls this timestep: 1
Time stepping all particles completed in 23.34 seconds
Time step 1157 / 1329
Building rho_lms for this timestep...
rho_lms built in 11.89 seconds
  Force calls this timestep: 1
Time stepping all particles completed in 23.34 seconds
Time step 1158 / 1329
Building rho_lms for this timestep...
rho_lms built in 11.96 seconds
  Force calls this timestep: 1
Time stepping all particles completed in 23.34 seconds
Time step 1159 / 1329
Building rho_lms for this timestep...
rho_lms built in 11.89 seconds
  Force calls this timestep: 1
Time stepping all particles completed in 23.34 seconds
Time step 1160 / 1329
Building rho_lms for this timestep...
rho_lms built in 11.96 seconds
  Force calls this timestep: 1
Time stepping all particles completed in 23.34 seconds
Time step 1161 / 1329
Building rho_lms for this timestep...
rho_lms built in 11.89 seconds
  Force calls this timestep: 1
Time stepping all particles completed in 23.33 seconds
Time step 1162 / 1329
Building rho_lms for this timestep...
rho_lms built in 11.96 seconds
  Force calls this timestep: 1
Time stepping all particles completed in 23.34 seconds
Time step 1163 / 1329
Building rho_lms for this timestep...
rho_lms built in 11.89 seconds
  Force calls this timestep: 1
Time stepping all particles completed in 23.34 seconds
Time step 1164 / 1329
Building rho_lms for this timestep...
rho_lms built in 11.96 seconds
  Force calls this timestep: 1
Time stepping all particles completed in 23.34 seconds
Time step 1165 / 1329
Building rho_lms for this timestep...
rho_lms built in 11.89 seconds
  Force calls this timestep: 1
Time stepping all particles completed in 23.33 seconds
Time step 1166 / 1329
Building rho_lms for this timestep...
rho_lms built in 11.96 seconds
  Force calls this timestep: 1
Time stepping all particles completed in 23.34 seconds
Time step 1167 / 1329
Building rho_lms for this timestep...
rho_lms built in 11.89 seconds
  Force calls this timestep: 1
Time stepping all particles completed in 23.34 seconds
Time step 1168 / 1329
Building rho_lms for this timestep...
rho_lms built in 11.96 seconds
  Force calls this timestep: 1
Time stepping all particles completed in 23.34 seconds
Time step 1169 / 1329
Building rho_lms for this timestep...
rho_lms built in 11.89 seconds
  Force calls this timestep: 1
Time stepping all particles completed in 23.33 seconds
Time step 1170 / 1329
Building rho_lms for this timestep...
rho_lms built in 11.96 seconds
  Force calls this timestep: 1
Time stepping all particles completed in 23.34 seconds
Time step 1171 / 1329
Building rho_lms for this timestep...
rho_lms built in 11.89 seconds
  Force calls this timestep: 1
Time stepping all particles completed in 23.33 seconds
Time step 1172 / 1329
Building rho_lms for this timestep...
rho_lms built in 11.95 seconds
  Force calls this timestep: 1
Time stepping all particles completed in 23.34 seconds
Time step 1173 / 1329
Building rho_lms for this timestep...
rho_lms built in 11.89 seconds
  Force calls this timestep: 1
Time stepping all particles completed in 23.33 seconds
Time step 1174 / 1329
Building rho_lms for this timestep...
rho_lms built in 11.96 seconds
  Force calls this timestep: 1
Time stepping all particles completed in 23.34 seconds
Time step 1175 / 1329
Building rho_lms for this timestep...
rho_lms built in 11.89 seconds
  Force calls this timestep: 1
Time stepping all particles completed in 23.34 seconds
Time step 1176 / 1329
Building rho_lms for this timestep...
rho_lms built in 11.96 seconds
  Force calls this timestep: 1
Time stepping all particles completed in 23.34 seconds
Time step 1177 / 1329
Building rho_lms for this timestep...
rho_lms built in 11.89 seconds
  Force calls this timestep: 1
Time stepping all particles completed in 23.33 seconds
Time step 1178 / 1329
Building rho_lms for this timestep...
rho_lms built in 11.96 seconds
  Force calls this timestep: 1
Time stepping all particles completed in 23.34 seconds
Time step 1179 / 1329
Building rho_lms for this timestep...
rho_lms built in 11.89 seconds
  Force calls this timestep: 1
Time stepping all particles completed in 23.34 seconds
Time step 1180 / 1329
Building rho_lms for this timestep...
rho_lms built in 11.96 seconds
  Force calls this timestep: 1
Time stepping all particles completed in 23.34 seconds
Time step 1181 / 1329
Building rho_lms for this timestep...
rho_lms built in 11.89 seconds
  Force calls this timestep: 1
Time stepping all particles completed in 23.33 seconds
Time step 1182 / 1329
Building rho_lms for this timestep...
rho_lms built in 11.96 seconds
  Force calls this timestep: 1
Time stepping all particles completed in 23.34 seconds
Time step 1183 / 1329
Building rho_lms for this timestep...
rho_lms built in 11.89 seconds
  Force calls this timestep: 1
Time stepping all particles completed in 23.33 seconds
Time step 1184 / 1329
Building rho_lms for this timestep...
rho_lms built in 11.96 seconds
  Force calls this timestep: 1
Time stepping all particles completed in 23.34 seconds
Time step 1185 / 1329
Building rho_lms for this timestep...
rho_lms built in 11.89 seconds
  Force calls this timestep: 1
Time stepping all particles completed in 23.34 seconds
Time step 1186 / 1329
Building rho_lms for this timestep...
rho_lms built in 11.96 seconds
  Force calls this timestep: 1
Time stepping all particles completed in 23.34 seconds
Time step 1187 / 1329
Building rho_lms for this timestep...
rho_lms built in 11.89 seconds
  Force calls this timestep: 1
Time stepping all particles completed in 23.34 seconds
Time step 1188 / 1329
Building rho_lms for this timestep...
rho_lms built in 11.96 seconds
  Force calls this timestep: 1
Time stepping all particles completed in 23.34 seconds
Time step 1189 / 1329
Building rho_lms for this timestep...
rho_lms built in 11.89 seconds
  Force calls this timestep: 1
Time stepping all particles completed in 23.33 seconds
Time step 1190 / 1329
Building rho_lms for this timestep...
rho_lms built in 11.96 seconds
  Force calls this timestep: 1
Time stepping all particles completed in 23.34 seconds
Time step 1191 / 1329
Building rho_lms for this timestep...
rho_lms built in 11.89 seconds
  Force calls this timestep: 1
Time stepping all particles completed in 23.33 seconds
Time step 1192 / 1329
Building rho_lms for this timestep...
rho_lms built in 11.96 seconds
  Force calls this timestep: 1
Time stepping all particles completed in 23.34 seconds
Time step 1193 / 1329
Building rho_lms for this timestep...
rho_lms built in 11.89 seconds
  Force calls this timestep: 1
Time stepping all particles completed in 23.34 seconds
Time step 1194 / 1329
Building rho_lms for this timestep...
rho_lms built in 11.96 seconds
  Force calls this timestep: 1
Time stepping all particles completed in 23.34 seconds
Time step 1195 / 1329
Building rho_lms for this timestep...
rho_lms built in 11.89 seconds
  Force calls this timestep: 1
Time stepping all particles completed in 23.34 seconds
Time step 1196 / 1329
Building rho_lms for this timestep...
rho_lms built in 11.96 seconds
  Force calls this timestep: 1
Time stepping all particles completed in 23.34 seconds
Time step 1197 / 1329
Building rho_lms for this timestep...
rho_lms built in 11.89 seconds
  Force calls this timestep: 1
Time stepping all particles completed in 23.34 seconds
Time step 1198 / 1329
Building rho_lms for this timestep...
rho_lms built in 11.96 seconds
  Force calls this timestep: 1
Time stepping all particles completed in 23.34 seconds
Time step 1199 / 1329
Building rho_lms for this timestep...
rho_lms built in 11.89 seconds
  Force calls this timestep: 1
Time stepping all particles completed in 23.33 seconds
Time step 1200 / 1329
Building rho_lms for this timestep...
rho_lms built in 11.96 seconds
  Force calls this timestep: 1
Time stepping all particles completed in 23.34 seconds
Checkpoint at step 1200 saved: /rds/general/user/jd925/ephemeral/Checkpoints/checkpoints_m22_10_r0_1_Lout_0.9/checkpoint_step_1200.pkl
Time step 1201 / 1329
Building rho_lms for this timestep...
rho_lms built in 11.89 seconds
  Force calls this timestep: 1
Time stepping all particles completed in 23.33 seconds
Time step 1202 / 1329
Building rho_lms for this timestep...
rho_lms built in 11.96 seconds
  Force calls this timestep: 1
Time stepping all particles completed in 23.34 seconds
Time step 1203 / 1329
Building rho_lms for this timestep...
rho_lms built in 11.89 seconds
  Force calls this timestep: 1
Time stepping all particles completed in 23.33 seconds
Time step 1204 / 1329
Building rho_lms for this timestep...
rho_lms built in 11.96 seconds
  Force calls this timestep: 1
Time stepping all particles completed in 23.34 seconds
Time step 1205 / 1329
Building rho_lms for this timestep...
rho_lms built in 11.89 seconds
  Force calls this timestep: 1
Time stepping all particles completed in 23.33 seconds
Time step 1206 / 1329
Building rho_lms for this timestep...
rho_lms built in 11.96 seconds
  Force calls this timestep: 1
Time stepping all particles completed in 23.33 seconds
Time step 1207 / 1329
Building rho_lms for this timestep...
rho_lms built in 11.89 seconds
  Force calls this timestep: 1
Time stepping all particles completed in 23.33 seconds
Time step 1208 / 1329
Building rho_lms for this timestep...
rho_lms built in 11.96 seconds
  Force calls this timestep: 1
Time stepping all particles completed in 23.34 seconds
Time step 1209 / 1329
Building rho_lms for this timestep...
rho_lms built in 11.89 seconds
  Force calls this timestep: 1
Time stepping all particles completed in 23.34 seconds
Time step 1210 / 1329
Building rho_lms for this timestep...
rho_lms built in 11.96 seconds
  Force calls this timestep: 1
Time stepping all particles completed in 23.34 seconds
Time step 1211 / 1329
Building rho_lms for this timestep...
rho_lms built in 11.89 seconds
  Force calls this timestep: 1
Time stepping all particles completed in 23.36 seconds
Time step 1212 / 1329
Building rho_lms for this timestep...
rho_lms built in 11.96 seconds
  Force calls this timestep: 1
Time stepping all particles completed in 23.34 seconds
Time step 1213 / 1329
Building rho_lms for this timestep...
rho_lms built in 11.89 seconds
  Force calls this timestep: 1
Time stepping all particles completed in 23.33 seconds
Time step 1214 / 1329
Building rho_lms for this timestep...
rho_lms built in 11.96 seconds
  Force calls this timestep: 1
Time stepping all particles completed in 23.34 seconds
Time step 1215 / 1329
Building rho_lms for this timestep...
rho_lms built in 11.89 seconds
  Force calls this timestep: 1
Time stepping all particles completed in 23.33 seconds
Time step 1216 / 1329
Building rho_lms for this timestep...
rho_lms built in 11.96 seconds
  Force calls this timestep: 1
Time stepping all particles completed in 23.34 seconds
Time step 1217 / 1329
Building rho_lms for this timestep...
rho_lms built in 11.89 seconds
  Force calls this timestep: 1
Time stepping all particles completed in 23.34 seconds
Time step 1218 / 1329
Building rho_lms for this timestep...
rho_lms built in 11.96 seconds
  Force calls this timestep: 1
Time stepping all particles completed in 23.34 seconds
Time step 1219 / 1329
Building rho_lms for this timestep...
rho_lms built in 11.89 seconds
  Force calls this timestep: 1
Time stepping all particles completed in 23.34 seconds
Time step 1220 / 1329
Building rho_lms for this timestep...
rho_lms built in 11.96 seconds
  Force calls this timestep: 1
Time stepping all particles completed in 23.34 seconds
Time step 1221 / 1329
Building rho_lms for this timestep...
rho_lms built in 11.89 seconds
  Force calls this timestep: 1
Time stepping all particles completed in 23.34 seconds
Time step 1222 / 1329
Building rho_lms for this timestep...
rho_lms built in 11.96 seconds
  Force calls this timestep: 1
Time stepping all particles completed in 23.34 seconds
Time step 1223 / 1329
Building rho_lms for this timestep...
rho_lms built in 11.89 seconds
  Force calls this timestep: 1
Time stepping all particles completed in 23.34 seconds
Time step 1224 / 1329
Building rho_lms for this timestep...
rho_lms built in 11.96 seconds
  Force calls this timestep: 1
Time stepping all particles completed in 23.34 seconds
Time step 1225 / 1329
Building rho_lms for this timestep...
rho_lms built in 11.89 seconds
  Force calls this timestep: 1
Time stepping all particles completed in 23.34 seconds
Time step 1226 / 1329
Building rho_lms for this timestep...
rho_lms built in 11.96 seconds
  Force calls this timestep: 1
Time stepping all particles completed in 23.34 seconds
Time step 1227 / 1329
Building rho_lms for this timestep...
rho_lms built in 11.89 seconds
  Force calls this timestep: 1
Time stepping all particles completed in 23.34 seconds
Time step 1228 / 1329
Building rho_lms for this timestep...
rho_lms built in 11.96 seconds
  Force calls this timestep: 1
Time stepping all particles completed in 23.34 seconds
Time step 1229 / 1329
Building rho_lms for this timestep...
rho_lms built in 11.89 seconds
  Force calls this timestep: 1
Time stepping all particles completed in 23.34 seconds
Time step 1230 / 1329
Building rho_lms for this timestep...
rho_lms built in 11.96 seconds
  Force calls this timestep: 1
Time stepping all particles completed in 23.34 seconds
Time step 1231 / 1329
Building rho_lms for this timestep...
rho_lms built in 11.89 seconds
  Force calls this timestep: 1
Time stepping all particles completed in 23.34 seconds
Time step 1232 / 1329
Building rho_lms for this timestep...
rho_lms built in 11.96 seconds
  Force calls this timestep: 1
Time stepping all particles completed in 23.34 seconds
Time step 1233 / 1329
Building rho_lms for this timestep...
rho_lms built in 11.89 seconds
  Force calls this timestep: 1
Time stepping all particles completed in 23.34 seconds
Time step 1234 / 1329
Building rho_lms for this timestep...
rho_lms built in 11.96 seconds
  Force calls this timestep: 1
Time stepping all particles completed in 23.34 seconds
Time step 1235 / 1329
Building rho_lms for this timestep...
rho_lms built in 11.89 seconds
  Force calls this timestep: 1
Time stepping all particles completed in 23.34 seconds
Time step 1236 / 1329
Building rho_lms for this timestep...
rho_lms built in 11.96 seconds
  Force calls this timestep: 1
Time stepping all particles completed in 23.34 seconds
Time step 1237 / 1329
Building rho_lms for this timestep...
rho_lms built in 11.89 seconds
  Force calls this timestep: 1
Time stepping all particles completed in 23.34 seconds
Time step 1238 / 1329
Building rho_lms for this timestep...
rho_lms built in 11.96 seconds
  Force calls this timestep: 1
Time stepping all particles completed in 23.34 seconds
Time step 1239 / 1329
Building rho_lms for this timestep...
rho_lms built in 11.89 seconds
  Force calls this timestep: 1
Time stepping all particles completed in 23.34 seconds
Time step 1240 / 1329
Building rho_lms for this timestep...
rho_lms built in 11.96 seconds
  Force calls this timestep: 1
Time stepping all particles completed in 23.34 seconds
Time step 1241 / 1329
Building rho_lms for this timestep...
rho_lms built in 11.89 seconds
  Force calls this timestep: 1
Time stepping all particles completed in 23.34 seconds
Time step 1242 / 1329
Building rho_lms for this timestep...
rho_lms built in 11.96 seconds
  Force calls this timestep: 1
Time stepping all particles completed in 23.34 seconds
Time step 1243 / 1329
Building rho_lms for this timestep...
rho_lms built in 11.89 seconds
  Force calls this timestep: 1
Time stepping all particles completed in 23.34 seconds
Time step 1244 / 1329
Building rho_lms for this timestep...
rho_lms built in 11.96 seconds
  Force calls this timestep: 1
Time stepping all particles completed in 23.34 seconds
Time step 1245 / 1329
Building rho_lms for this timestep...
rho_lms built in 11.89 seconds
  Force calls this timestep: 1
Time stepping all particles completed in 23.34 seconds
Time step 1246 / 1329
Building rho_lms for this timestep...
rho_lms built in 11.96 seconds
  Force calls this timestep: 1
Time stepping all particles completed in 23.34 seconds
Time step 1247 / 1329
Building rho_lms for this timestep...
rho_lms built in 11.89 seconds
  Force calls this timestep: 1
Time stepping all particles completed in 23.34 seconds
Time step 1248 / 1329
Building rho_lms for this timestep...
rho_lms built in 11.96 seconds
  Force calls this timestep: 1
Time stepping all particles completed in 23.34 seconds
Time step 1249 / 1329
Building rho_lms for this timestep...
rho_lms built in 11.89 seconds
  Force calls this timestep: 1
Time stepping all particles completed in 23.34 seconds
Time step 1250 / 1329
Building rho_lms for this timestep...
rho_lms built in 11.96 seconds
  Force calls this timestep: 1
Time stepping all particles completed in 23.34 seconds
Checkpoint at step 1250 saved: /rds/general/user/jd925/ephemeral/Checkpoints/checkpoints_m22_10_r0_1_Lout_0.9/checkpoint_step_1250.pkl
Time step 1251 / 1329
Building rho_lms for this timestep...
rho_lms built in 11.89 seconds
  Force calls this timestep: 1
Time stepping all particles completed in 23.34 seconds
Time step 1252 / 1329
Building rho_lms for this timestep...
rho_lms built in 11.96 seconds
  Force calls this timestep: 1
Time stepping all particles completed in 23.34 seconds
Time step 1253 / 1329
Building rho_lms for this timestep...
rho_lms built in 11.89 seconds
  Force calls this timestep: 1
Time stepping all particles completed in 23.34 seconds
Time step 1254 / 1329
Building rho_lms for this timestep...
rho_lms built in 11.96 seconds
  Force calls this timestep: 1
Time stepping all particles completed in 23.34 seconds
Time step 1255 / 1329
Building rho_lms for this timestep...
rho_lms built in 11.89 seconds
  Force calls this timestep: 1
Time stepping all particles completed in 23.34 seconds
Time step 1256 / 1329
Building rho_lms for this timestep...
rho_lms built in 11.96 seconds
  Force calls this timestep: 1
Time stepping all particles completed in 23.34 seconds
Time step 1257 / 1329
Building rho_lms for this timestep...
rho_lms built in 11.89 seconds
  Force calls this timestep: 1
Time stepping all particles completed in 23.34 seconds
Time step 1258 / 1329
Building rho_lms for this timestep...
rho_lms built in 11.96 seconds
  Force calls this timestep: 1
Time stepping all particles completed in 23.34 seconds
Time step 1259 / 1329
Building rho_lms for this timestep...
rho_lms built in 11.89 seconds
  Force calls this timestep: 1
Time stepping all particles completed in 23.34 seconds
Time step 1260 / 1329
Building rho_lms for this timestep...
rho_lms built in 11.96 seconds
  Force calls this timestep: 1
Time stepping all particles completed in 23.34 seconds
Time step 1261 / 1329
Building rho_lms for this timestep...
rho_lms built in 11.89 seconds
  Force calls this timestep: 1
Time stepping all particles completed in 23.34 seconds
Time step 1262 / 1329
Building rho_lms for this timestep...
rho_lms built in 11.96 seconds
  Force calls this timestep: 1
Time stepping all particles completed in 23.34 seconds
Time step 1263 / 1329
Building rho_lms for this timestep...
rho_lms built in 11.89 seconds
  Force calls this timestep: 1
Time stepping all particles completed in 23.34 seconds
Time step 1264 / 1329
Building rho_lms for this timestep...
rho_lms built in 11.96 seconds
  Force calls this timestep: 1
Time stepping all particles completed in 23.34 seconds
Time step 1265 / 1329
Building rho_lms for this timestep...
rho_lms built in 11.89 seconds
  Force calls this timestep: 1
Time stepping all particles completed in 23.34 seconds
Time step 1266 / 1329
Building rho_lms for this timestep...
rho_lms built in 11.96 seconds
  Force calls this timestep: 1
Time stepping all particles completed in 23.34 seconds
Time step 1267 / 1329
Building rho_lms for this timestep...
rho_lms built in 11.89 seconds
  Force calls this timestep: 1
Time stepping all particles completed in 23.33 seconds
Time step 1268 / 1329
Building rho_lms for this timestep...
rho_lms built in 11.96 seconds
  Force calls this timestep: 1
Time stepping all particles completed in 23.34 seconds
Time step 1269 / 1329
Building rho_lms for this timestep...
rho_lms built in 11.89 seconds
  Force calls this timestep: 1
Time stepping all particles completed in 23.34 seconds
Time step 1270 / 1329
Building rho_lms for this timestep...
rho_lms built in 11.96 seconds
  Force calls this timestep: 1
Time stepping all particles completed in 23.34 seconds
Time step 1271 / 1329
Building rho_lms for this timestep...
rho_lms built in 11.89 seconds
  Force calls this timestep: 1
Time stepping all particles completed in 23.34 seconds
Time step 1272 / 1329
Building rho_lms for this timestep...
rho_lms built in 11.96 seconds
  Force calls this timestep: 1
Time stepping all particles completed in 23.34 seconds
Time step 1273 / 1329
Building rho_lms for this timestep...
rho_lms built in 11.89 seconds
  Force calls this timestep: 1
Time stepping all particles completed in 23.33 seconds
Time step 1274 / 1329
Building rho_lms for this timestep...
rho_lms built in 11.96 seconds
  Force calls this timestep: 1
Time stepping all particles completed in 23.34 seconds
Time step 1275 / 1329
Building rho_lms for this timestep...
rho_lms built in 11.89 seconds
  Force calls this timestep: 1
Time stepping all particles completed in 23.34 seconds
Time step 1276 / 1329
Building rho_lms for this timestep...
rho_lms built in 11.96 seconds
  Force calls this timestep: 1
Time stepping all particles completed in 23.34 seconds
Time step 1277 / 1329
Building rho_lms for this timestep...
rho_lms built in 11.89 seconds
  Force calls this timestep: 1
Time stepping all particles completed in 23.34 seconds
Time step 1278 / 1329
Building rho_lms for this timestep...
rho_lms built in 11.96 seconds
  Force calls this timestep: 1
Time stepping all particles completed in 23.34 seconds
Time step 1279 / 1329
Building rho_lms for this timestep...
rho_lms built in 11.89 seconds
  Force calls this timestep: 1
Time stepping all particles completed in 23.34 seconds
Time step 1280 / 1329
Building rho_lms for this timestep...
rho_lms built in 11.96 seconds
  Force calls this timestep: 1
Time stepping all particles completed in 23.34 seconds
Time step 1281 / 1329
Building rho_lms for this timestep...
rho_lms built in 11.89 seconds
  Force calls this timestep: 1
Time stepping all particles completed in 23.34 seconds
Time step 1282 / 1329
Building rho_lms for this timestep...
rho_lms built in 11.96 seconds
  Force calls this timestep: 1
Time stepping all particles completed in 23.34 seconds
Time step 1283 / 1329
Building rho_lms for this timestep...
rho_lms built in 11.89 seconds
  Force calls this timestep: 1
Time stepping all particles completed in 23.34 seconds
Time step 1284 / 1329
Building rho_lms for this timestep...
rho_lms built in 11.96 seconds
  Force calls this timestep: 1
Time stepping all particles completed in 23.34 seconds
Time step 1285 / 1329
Building rho_lms for this timestep...
rho_lms built in 11.89 seconds
  Force calls this timestep: 1
Time stepping all particles completed in 23.34 seconds
Time step 1286 / 1329
Building rho_lms for this timestep...
rho_lms built in 11.96 seconds
  Force calls this timestep: 1
Time stepping all particles completed in 23.34 seconds
Time step 1287 / 1329
Building rho_lms for this timestep...
rho_lms built in 11.89 seconds
  Force calls this timestep: 1
Time stepping all particles completed in 23.34 seconds
Time step 1288 / 1329
Building rho_lms for this timestep...
rho_lms built in 11.96 seconds
  Force calls this timestep: 1
Time stepping all particles completed in 23.34 seconds
Time step 1289 / 1329
Building rho_lms for this timestep...
rho_lms built in 11.89 seconds
  Force calls this timestep: 1
Time stepping all particles completed in 23.33 seconds
Time step 1290 / 1329
Building rho_lms for this timestep...
rho_lms built in 11.96 seconds
  Force calls this timestep: 1
Time stepping all particles completed in 23.34 seconds
Time step 1291 / 1329
Building rho_lms for this timestep...
rho_lms built in 11.89 seconds
  Force calls this timestep: 1
Time stepping all particles completed in 23.34 seconds
Time step 1292 / 1329
Building rho_lms for this timestep...
rho_lms built in 11.96 seconds
  Force calls this timestep: 1
Time stepping all particles completed in 23.34 seconds
Time step 1293 / 1329
Building rho_lms for this timestep...
rho_lms built in 11.89 seconds
  Force calls this timestep: 1
Time stepping all particles completed in 23.34 seconds
Time step 1294 / 1329
Building rho_lms for this timestep...
rho_lms built in 11.96 seconds
  Force calls this timestep: 1
Time stepping all particles completed in 23.34 seconds
Time step 1295 / 1329
Building rho_lms for this timestep...
rho_lms built in 11.89 seconds
  Force calls this timestep: 1
Time stepping all particles completed in 23.34 seconds
Time step 1296 / 1329
Building rho_lms for this timestep...
rho_lms built in 11.96 seconds
  Force calls this timestep: 1
Time stepping all particles completed in 23.34 seconds
Time step 1297 / 1329
Building rho_lms for this timestep...
rho_lms built in 11.89 seconds
  Force calls this timestep: 1
Time stepping all particles completed in 23.34 seconds
Time step 1298 / 1329
Building rho_lms for this timestep...
rho_lms built in 11.96 seconds
  Force calls this timestep: 1
Time stepping all particles completed in 23.34 seconds
Time step 1299 / 1329
Building rho_lms for this timestep...
rho_lms built in 11.89 seconds
  Force calls this timestep: 1
Time stepping all particles completed in 23.34 seconds
Time step 1300 / 1329
Building rho_lms for this timestep...
rho_lms built in 11.96 seconds
  Force calls this timestep: 1
Time stepping all particles completed in 23.34 seconds
Checkpoint at step 1300 saved: /rds/general/user/jd925/ephemeral/Checkpoints/checkpoints_m22_10_r0_1_Lout_0.9/checkpoint_step_1300.pkl
Time step 1301 / 1329
Building rho_lms for this timestep...
rho_lms built in 11.89 seconds
  Force calls this timestep: 1
Time stepping all particles completed in 23.34 seconds
Time step 1302 / 1329
Building rho_lms for this timestep...
rho_lms built in 11.96 seconds
  Force calls this timestep: 1
Time stepping all particles completed in 23.34 seconds
Time step 1303 / 1329
Building rho_lms for this timestep...
rho_lms built in 11.89 seconds
  Force calls this timestep: 1
Time stepping all particles completed in 23.34 seconds
Time step 1304 / 1329
Building rho_lms for this timestep...
rho_lms built in 11.96 seconds
  Force calls this timestep: 1
Time stepping all particles completed in 23.35 seconds
Time step 1305 / 1329
Building rho_lms for this timestep...
rho_lms built in 11.89 seconds
  Force calls this timestep: 1
Time stepping all particles completed in 23.33 seconds
Time step 1306 / 1329
Building rho_lms for this timestep...
rho_lms built in 11.96 seconds
  Force calls this timestep: 1
Time stepping all particles completed in 23.34 seconds
Time step 1307 / 1329
Building rho_lms for this timestep...
rho_lms built in 11.89 seconds
  Force calls this timestep: 1
Time stepping all particles completed in 23.34 seconds
Time step 1308 / 1329
Building rho_lms for this timestep...
rho_lms built in 11.96 seconds
  Force calls this timestep: 1
Time stepping all particles completed in 23.34 seconds
Time step 1309 / 1329
Building rho_lms for this timestep...
rho_lms built in 11.89 seconds
  Force calls this timestep: 1
Time stepping all particles completed in 23.34 seconds
Time step 1310 / 1329
Building rho_lms for this timestep...
rho_lms built in 11.96 seconds
  Force calls this timestep: 1
Time stepping all particles completed in 23.34 seconds
Time step 1311 / 1329
Building rho_lms for this timestep...
rho_lms built in 11.89 seconds
  Force calls this timestep: 1
Time stepping all particles completed in 23.34 seconds
Time step 1312 / 1329
Building rho_lms for this timestep...
rho_lms built in 11.96 seconds
  Force calls this timestep: 1
Time stepping all particles completed in 23.34 seconds
Time step 1313 / 1329
Building rho_lms for this timestep...
rho_lms built in 11.89 seconds
  Force calls this timestep: 1
Time stepping all particles completed in 23.33 seconds
Time step 1314 / 1329
Building rho_lms for this timestep...
rho_lms built in 11.96 seconds
  Force calls this timestep: 1
Time stepping all particles completed in 23.34 seconds
Time step 1315 / 1329
Building rho_lms for this timestep...
rho_lms built in 11.89 seconds
  Force calls this timestep: 1
Time stepping all particles completed in 23.34 seconds
Time step 1316 / 1329
Building rho_lms for this timestep...
rho_lms built in 11.96 seconds
  Force calls this timestep: 1
Time stepping all particles completed in 23.34 seconds
Time step 1317 / 1329
Building rho_lms for this timestep...
rho_lms built in 11.89 seconds
  Force calls this timestep: 1
Time stepping all particles completed in 23.33 seconds
Time step 1318 / 1329
Building rho_lms for this timestep...
rho_lms built in 11.96 seconds
  Force calls this timestep: 1
Time stepping all particles completed in 23.34 seconds
Time step 1319 / 1329
Building rho_lms for this timestep...
rho_lms built in 11.89 seconds
  Force calls this timestep: 1
Time stepping all particles completed in 23.34 seconds
Time step 1320 / 1329
Building rho_lms for this timestep...
rho_lms built in 11.96 seconds
  Force calls this timestep: 1
Time stepping all particles completed in 23.35 seconds
Time step 1321 / 1329
Building rho_lms for this timestep...
rho_lms built in 11.89 seconds
  Force calls this timestep: 1
Time stepping all particles completed in 23.34 seconds
Time step 1322 / 1329
Building rho_lms for this timestep...
rho_lms built in 11.96 seconds
  Force calls this timestep: 1
Time stepping all particles completed in 23.34 seconds
Time step 1323 / 1329
Building rho_lms for this timestep...
rho_lms built in 11.89 seconds
  Force calls this timestep: 1
Time stepping all particles completed in 23.34 seconds
Time step 1324 / 1329
Building rho_lms for this timestep...
rho_lms built in 11.96 seconds
  Force calls this timestep: 1
Time stepping all particles completed in 23.34 seconds
Time step 1325 / 1329
Building rho_lms for this timestep...
rho_lms built in 11.89 seconds
  Force calls this timestep: 1
Time stepping all particles completed in 23.33 seconds
Time step 1326 / 1329
Building rho_lms for this timestep...
rho_lms built in 11.96 seconds
  Force calls this timestep: 1
Time stepping all particles completed in 23.34 seconds
Time step 1327 / 1329
Building rho_lms for this timestep...
rho_lms built in 11.89 seconds
  Force calls this timestep: 1
Time stepping all particles completed in 23.33 seconds
Time step 1328 / 1329
Building rho_lms for this timestep...
rho_lms built in 11.96 seconds
  Force calls this timestep: 1
Time stepping all particles completed in 23.34 seconds
Time step 1329 / 1329
Building rho_lms for this timestep...
rho_lms built in 11.89 seconds
  Force calls this timestep: 1
Time stepping all particles completed in 23.33 seconds
Final checkpoint saved: /rds/general/user/jd925/ephemeral/Checkpoints/checkpoints_m22_10_r0_1_Lout_0.9/checkpoint_final.pkl
Running sim with L_out_frac = 0.8...
[mem_saver] Multi-GPU sharding enabled across 2 devices.
Loading precomputed R_j_r from /rds/general/user/jd925/home/PhD_first_year/jaxsp/Adding_stellar_masses/precomputed_wf/precomputed_R_j_r_m22_10_rbins_1000.npz...
l max from jaxsp: 240
SphHT bandwidth truncated by L_out_frac=0.8: L_max_out = 385 (natural 2L-1 = 481, floor L = 241)
L_max_out 385 not divisible by 2 devices; rounding down to 384 for L-sharding.
Particle 0: v_circ = 15.773 km/s
Particle 1: v_circ = 15.764 km/s
Particle 2: v_circ = 15.774 km/s
Particle 3: v_circ = 15.786 km/s
Particle 4: v_circ = 15.765 km/s
Particle 5: v_circ = 15.780 km/s
Particle 6: v_circ = 15.776 km/s
Particle 7: v_circ = 15.786 km/s
Particle 8: v_circ = 15.787 km/s
Particle 9: v_circ = 15.780 km/s
Particle 10: v_circ = 15.763 km/s
Particle 11: v_circ = 15.774 km/s
Particle 12: v_circ = 15.770 km/s
Particle 13: v_circ = 15.785 km/s
Particle 14: v_circ = 15.767 km/s
Particle 15: v_circ = 15.777 km/s
Particle 16: v_circ = 15.777 km/s
Particle 17: v_circ = 15.771 km/s
Particle 18: v_circ = 15.788 km/s
Particle 19: v_circ = 15.783 km/s
Particle 20: v_circ = 15.767 km/s
Particle 21: v_circ = 15.777 km/s
Particle 22: v_circ = 15.788 km/s
Particle 23: v_circ = 15.779 km/s
Particle 24: v_circ = 15.764 km/s
Particle 25: v_circ = 15.772 km/s
Particle 26: v_circ = 15.772 km/s
Particle 27: v_circ = 15.760 km/s
Particle 28: v_circ = 15.773 km/s
Particle 29: v_circ = 15.776 km/s
Particle 30: v_circ = 15.788 km/s
Particle 31: v_circ = 15.784 km/s
Particle 32: v_circ = 15.783 km/s
Particle 33: v_circ = 15.784 km/s
Particle 34: v_circ = 15.783 km/s
Particle 35: v_circ = 15.771 km/s
Particle 36: v_circ = 15.769 km/s
Particle 37: v_circ = 15.768 km/s
Particle 38: v_circ = 15.790 km/s
Particle 39: v_circ = 15.776 km/s
Particle 40: v_circ = 15.778 km/s
Particle 41: v_circ = 15.778 km/s
Particle 42: v_circ = 15.774 km/s
Particle 43: v_circ = 15.784 km/s
Particle 44: v_circ = 15.760 km/s
Particle 45: v_circ = 15.785 km/s
Particle 46: v_circ = 15.783 km/s
Particle 47: v_circ = 15.780 km/s
Particle 48: v_circ = 15.777 km/s
Particle 49: v_circ = 15.786 km/s
Particle 50: v_circ = 15.782 km/s
Particle 51: v_circ = 15.762 km/s
Particle 52: v_circ = 15.788 km/s
Particle 53: v_circ = 15.762 km/s
Particle 54: v_circ = 15.783 km/s
Particle 55: v_circ = 15.771 km/s
Particle 56: v_circ = 15.776 km/s
Particle 57: v_circ = 15.781 km/s
Particle 58: v_circ = 15.772 km/s
Particle 59: v_circ = 15.783 km/s
Particle 60: v_circ = 15.776 km/s
Particle 61: v_circ = 15.788 km/s
Particle 62: v_circ = 15.769 km/s
Particle 63: v_circ = 15.768 km/s
Particle 64: v_circ = 15.763 km/s
Particle 65: v_circ = 15.776 km/s
Particle 66: v_circ = 15.783 km/s
Particle 67: v_circ = 15.773 km/s
Particle 68: v_circ = 15.789 km/s
Particle 69: v_circ = 15.785 km/s
Particle 70: v_circ = 15.786 km/s
Particle 71: v_circ = 15.764 km/s
Particle 72: v_circ = 15.769 km/s
Particle 73: v_circ = 15.760 km/s
Particle 74: v_circ = 15.766 km/s
Particle 75: v_circ = 15.782 km/s
Particle 76: v_circ = 15.778 km/s
Particle 77: v_circ = 15.777 km/s
Particle 78: v_circ = 15.781 km/s
Particle 79: v_circ = 15.779 km/s
Particle 80: v_circ = 15.783 km/s
Particle 81: v_circ = 15.772 km/s
Particle 82: v_circ = 15.760 km/s
Particle 83: v_circ = 15.775 km/s
Particle 84: v_circ = 15.774 km/s
Particle 85: v_circ = 15.788 km/s
Particle 86: v_circ = 15.782 km/s
Particle 87: v_circ = 15.760 km/s
Particle 88: v_circ = 15.774 km/s
Particle 89: v_circ = 15.787 km/s
Particle 90: v_circ = 15.781 km/s
Particle 91: v_circ = 15.768 km/s
Particle 92: v_circ = 15.770 km/s
Particle 93: v_circ = 15.790 km/s
Particle 94: v_circ = 15.778 km/s
Particle 95: v_circ = 15.787 km/s
Particle 96: v_circ = 15.771 km/s
Particle 97: v_circ = 15.775 km/s
Particle 98: v_circ = 15.772 km/s
Particle 99: v_circ = 15.778 km/s
Mean r: 1.001 kpc
Min T_orb: 380.271 Myr
T_c: 7.523 Myr
dt: 0.008 Gyr
Number of time steps: 1329
Ramp phase: 0 steps (0.000 Gyr)
Main phase: 1329 steps (9.998 Gyr)
Total: 1329 steps
completed rho_lms precomputation
No checkpoint found, starting from step 0.
Time step 1 / 1329
Building rho_lms for this timestep...
rho_lms built in 8.87 seconds
  Force calls this timestep: 1
Time stepping all particles completed in 18.22 seconds
Time step 2 / 1329
Building rho_lms for this timestep...
rho_lms built in 8.81 seconds
  Force calls this timestep: 1
Time stepping all particles completed in 18.18 seconds
Time step 3 / 1329
Building rho_lms for this timestep...
rho_lms built in 8.81 seconds
  Force calls this timestep: 1
Time stepping all particles completed in 18.23 seconds
Time step 4 / 1329
Building rho_lms for this timestep...
rho_lms built in 8.81 seconds
  Force calls this timestep: 1
Time stepping all particles completed in 18.18 seconds
Time step 5 / 1329
Building rho_lms for this timestep...
rho_lms built in 8.81 seconds
  Force calls this timestep: 1
Time stepping all particles completed in 18.23 seconds
Time step 6 / 1329
Building rho_lms for this timestep...
rho_lms built in 8.81 seconds
  Force calls this timestep: 1
Time stepping all particles completed in 18.18 seconds
Time step 7 / 1329
Building rho_lms for this timestep...
rho_lms built in 8.81 seconds
  Force calls this timestep: 1
Time stepping all particles completed in 18.23 seconds
Time step 8 / 1329
Building rho_lms for this timestep...
rho_lms built in 8.81 seconds
  Force calls this timestep: 1
Time stepping all particles completed in 18.18 seconds
Time step 9 / 1329
Building rho_lms for this timestep...
rho_lms built in 8.81 seconds
  Force calls this timestep: 1
Time stepping all particles completed in 18.23 seconds
Time step 10 / 1329
Building rho_lms for this timestep...
rho_lms built in 8.81 seconds
  Force calls this timestep: 1
Time stepping all particles completed in 18.18 seconds
Time step 11 / 1329
Building rho_lms for this timestep...
rho_lms built in 8.81 seconds
  Force calls this timestep: 1
Time stepping all particles completed in 18.23 seconds
Time step 12 / 1329
Building rho_lms for this timestep...
rho_lms built in 8.81 seconds
  Force calls this timestep: 1
Time stepping all particles completed in 18.18 seconds
Time step 13 / 1329
Building rho_lms for this timestep...
rho_lms built in 8.81 seconds
  Force calls this timestep: 1
Time stepping all particles completed in 18.23 seconds
Time step 14 / 1329
Building rho_lms for this timestep...
rho_lms built in 8.81 seconds
  Force calls this timestep: 1
Time stepping all particles completed in 18.18 seconds
Time step 15 / 1329
Building rho_lms for this timestep...
rho_lms built in 8.81 seconds
  Force calls this timestep: 1
Time stepping all particles completed in 18.23 seconds
Time step 16 / 1329
Building rho_lms for this timestep...
rho_lms built in 8.81 seconds
  Force calls this timestep: 1
Time stepping all particles completed in 18.18 seconds
Time step 17 / 1329
Building rho_lms for this timestep...
rho_lms built in 8.81 seconds
  Force calls this timestep: 1
Time stepping all particles completed in 18.23 seconds
Time step 18 / 1329
Building rho_lms for this timestep...
rho_lms built in 8.82 seconds
  Force calls this timestep: 1
Time stepping all particles completed in 18.18 seconds
Time step 19 / 1329
Building rho_lms for this timestep...
rho_lms built in 8.81 seconds
  Force calls this timestep: 1
Time stepping all particles completed in 18.23 seconds
Time step 20 / 1329
Building rho_lms for this timestep...
rho_lms built in 8.81 seconds
  Force calls this timestep: 1
Time stepping all particles completed in 18.18 seconds
Time step 21 / 1329
Building rho_lms for this timestep...
rho_lms built in 8.81 seconds
  Force calls this timestep: 1
Time stepping all particles completed in 18.23 seconds
Time step 22 / 1329
Building rho_lms for this timestep...
rho_lms built in 8.81 seconds
  Force calls this timestep: 1
Time stepping all particles completed in 18.18 seconds
Time step 23 / 1329
Building rho_lms for this timestep...
rho_lms built in 8.81 seconds
  Force calls this timestep: 1
Time stepping all particles completed in 18.23 seconds
Time step 24 / 1329
Building rho_lms for this timestep...
rho_lms built in 8.81 seconds
  Force calls this timestep: 1
Time stepping all particles completed in 18.18 seconds
Time step 25 / 1329
Building rho_lms for this timestep...
rho_lms built in 8.81 seconds
  Force calls this timestep: 1
Time stepping all particles completed in 18.23 seconds
Time step 26 / 1329
Building rho_lms for this timestep...
rho_lms built in 8.81 seconds
  Force calls this timestep: 1
Time stepping all particles completed in 18.18 seconds
Time step 27 / 1329
Building rho_lms for this timestep...
rho_lms built in 8.81 seconds
  Force calls this timestep: 1
Time stepping all particles completed in 18.23 seconds
Time step 28 / 1329
Building rho_lms for this timestep...
rho_lms built in 8.81 seconds
  Force calls this timestep: 1
Time stepping all particles completed in 18.18 seconds
Time step 29 / 1329
Building rho_lms for this timestep...
rho_lms built in 8.81 seconds
  Force calls this timestep: 1
Time stepping all particles completed in 18.23 seconds
Time step 30 / 1329
Building rho_lms for this timestep...
rho_lms built in 8.81 seconds
  Force calls this timestep: 1
Time stepping all particles completed in 18.18 seconds
Time step 31 / 1329
Building rho_lms for this timestep...
rho_lms built in 8.81 seconds
  Force calls this timestep: 1
Time stepping all particles completed in 18.23 seconds
Time step 32 / 1329
Building rho_lms for this timestep...
rho_lms built in 8.81 seconds
  Force calls this timestep: 1
Time stepping all particles completed in 18.18 seconds
Time step 33 / 1329
Building rho_lms for this timestep...
rho_lms built in 8.81 seconds
  Force calls this timestep: 1
Time stepping all particles completed in 18.23 seconds
Time step 34 / 1329
Building rho_lms for this timestep...
rho_lms built in 8.81 seconds
  Force calls this timestep: 1
Time stepping all particles completed in 18.18 seconds
Time step 35 / 1329
Building rho_lms for this timestep...
rho_lms built in 8.81 seconds
  Force calls this timestep: 1
Time stepping all particles completed in 18.23 seconds
Time step 36 / 1329
Building rho_lms for this timestep...
rho_lms built in 8.81 seconds
  Force calls this timestep: 1
Time stepping all particles completed in 18.18 seconds
Time step 37 / 1329
Building rho_lms for this timestep...
rho_lms built in 8.81 seconds
  Force calls this timestep: 1
Time stepping all particles completed in 18.23 seconds
Time step 38 / 1329
Building rho_lms for this timestep...
rho_lms built in 8.81 seconds
  Force calls this timestep: 1
Time stepping all particles completed in 18.18 seconds
Time step 39 / 1329
Building rho_lms for this timestep...
rho_lms built in 8.81 seconds
  Force calls this timestep: 1
Time stepping all particles completed in 18.23 seconds
Time step 40 / 1329
Building rho_lms for this timestep...
rho_lms built in 8.81 seconds
  Force calls this timestep: 1
Time stepping all particles completed in 18.18 seconds
Time step 41 / 1329
Building rho_lms for this timestep...
rho_lms built in 8.81 seconds
  Force calls this timestep: 1
Time stepping all particles completed in 18.23 seconds
Time step 42 / 1329
Building rho_lms for this timestep...
rho_lms built in 8.81 seconds
  Force calls this timestep: 1
Time stepping all particles completed in 18.18 seconds
Time step 43 / 1329
Building rho_lms for this timestep...
rho_lms built in 8.81 seconds
  Force calls this timestep: 1
Time stepping all particles completed in 18.23 seconds
Time step 44 / 1329
Building rho_lms for this timestep...
rho_lms built in 8.81 seconds
  Force calls this timestep: 1
Time stepping all particles completed in 18.18 seconds
Time step 45 / 1329
Building rho_lms for this timestep...
rho_lms built in 8.81 seconds
  Force calls this timestep: 1
Time stepping all particles completed in 18.23 seconds
Time step 46 / 1329
Building rho_lms for this timestep...
rho_lms built in 8.81 seconds
  Force calls this timestep: 1
Time stepping all particles completed in 18.18 seconds
Time step 47 / 1329
Building rho_lms for this timestep...
rho_lms built in 8.81 seconds
  Force calls this timestep: 1
Time stepping all particles completed in 18.23 seconds
Time step 48 / 1329
Building rho_lms for this timestep...
rho_lms built in 8.81 seconds
  Force calls this timestep: 1
Time stepping all particles completed in 18.18 seconds
Time step 49 / 1329
Building rho_lms for this timestep...
rho_lms built in 8.81 seconds
  Force calls this timestep: 1
Time stepping all particles completed in 18.23 seconds
Time step 50 / 1329
Building rho_lms for this timestep...
rho_lms built in 8.81 seconds
  Force calls this timestep: 1
Time stepping all particles completed in 18.18 seconds
Checkpoint at step 50 saved: /rds/general/user/jd925/ephemeral/Checkpoints/checkpoints_m22_10_r0_1_Lout_0.8/checkpoint_step_50.pkl
Time step 51 / 1329
Building rho_lms for this timestep...
rho_lms built in 8.81 seconds
  Force calls this timestep: 1
Time stepping all particles completed in 18.23 seconds
Time step 52 / 1329
Building rho_lms for this timestep...
rho_lms built in 8.82 seconds
  Force calls this timestep: 1
Time stepping all particles completed in 18.18 seconds
Time step 53 / 1329
Building rho_lms for this timestep...
rho_lms built in 8.81 seconds
  Force calls this timestep: 1
Time stepping all particles completed in 18.23 seconds
Time step 54 / 1329
Building rho_lms for this timestep...
rho_lms built in 8.81 seconds
  Force calls this timestep: 1
Time stepping all particles completed in 18.18 seconds
Time step 55 / 1329
Building rho_lms for this timestep...
rho_lms built in 8.81 seconds
  Force calls this timestep: 1
Time stepping all particles completed in 18.23 seconds
Time step 56 / 1329
Building rho_lms for this timestep...
rho_lms built in 8.81 seconds
  Force calls this timestep: 1
Time stepping all particles completed in 18.18 seconds
Time step 57 / 1329
Building rho_lms for this timestep...
rho_lms built in 8.81 seconds
  Force calls this timestep: 1
Time stepping all particles completed in 18.23 seconds
Time step 58 / 1329
Building rho_lms for this timestep...
rho_lms built in 8.81 seconds
  Force calls this timestep: 1
Time stepping all particles completed in 18.18 seconds
Time step 59 / 1329
Building rho_lms for this timestep...
rho_lms built in 8.81 seconds
  Force calls this timestep: 1
Time stepping all particles completed in 18.23 seconds
Time step 60 / 1329
Building rho_lms for this timestep...
rho_lms built in 8.81 seconds
  Force calls this timestep: 1
Time stepping all particles completed in 18.18 seconds
Time step 61 / 1329
Building rho_lms for this timestep...
rho_lms built in 8.81 seconds
  Force calls this timestep: 1
Time stepping all particles completed in 18.23 seconds
Time step 62 / 1329
Building rho_lms for this timestep...
rho_lms built in 8.81 seconds
  Force calls this timestep: 1
Time stepping all particles completed in 18.18 seconds
Time step 63 / 1329
Building rho_lms for this timestep...
rho_lms built in 8.81 seconds
  Force calls this timestep: 1
Time stepping all particles completed in 18.23 seconds
Time step 64 / 1329
Building rho_lms for this timestep...
rho_lms built in 8.81 seconds
  Force calls this timestep: 1
Time stepping all particles completed in 18.18 seconds
Time step 65 / 1329
Building rho_lms for this timestep...
rho_lms built in 8.81 seconds
  Force calls this timestep: 1
Time stepping all particles completed in 18.23 seconds
Time step 66 / 1329
Building rho_lms for this timestep...
rho_lms built in 8.81 seconds
  Force calls this timestep: 1
Time stepping all particles completed in 18.18 seconds
Time step 67 / 1329
Building rho_lms for this timestep...
rho_lms built in 8.81 seconds
  Force calls this timestep: 1
Time stepping all particles completed in 18.23 seconds
Time step 68 / 1329
Building rho_lms for this timestep...
rho_lms built in 8.81 seconds
  Force calls this timestep: 1
Time stepping all particles completed in 18.18 seconds
Time step 69 / 1329
Building rho_lms for this timestep...
rho_lms built in 8.81 seconds
  Force calls this timestep: 1
Time stepping all particles completed in 18.23 seconds
Time step 70 / 1329
Building rho_lms for this timestep...
rho_lms built in 8.81 seconds
  Force calls this timestep: 1
Time stepping all particles completed in 18.18 seconds
Time step 71 / 1329
Building rho_lms for this timestep...
rho_lms built in 8.81 seconds
  Force calls this timestep: 1
Time stepping all particles completed in 18.23 seconds
Time step 72 / 1329
Building rho_lms for this timestep...
rho_lms built in 8.81 seconds
  Force calls this timestep: 1
Time stepping all particles completed in 18.18 seconds
Time step 73 / 1329
Building rho_lms for this timestep...
rho_lms built in 8.81 seconds
  Force calls this timestep: 1
Time stepping all particles completed in 18.23 seconds
Time step 74 / 1329
Building rho_lms for this timestep...
rho_lms built in 8.81 seconds
  Force calls this timestep: 1
Time stepping all particles completed in 18.18 seconds
Time step 75 / 1329
Building rho_lms for this timestep...
rho_lms built in 8.81 seconds
  Force calls this timestep: 1
Time stepping all particles completed in 18.23 seconds
Time step 76 / 1329
Building rho_lms for this timestep...
rho_lms built in 8.81 seconds
  Force calls this timestep: 1
Time stepping all particles completed in 18.18 seconds
Time step 77 / 1329
Building rho_lms for this timestep...
rho_lms built in 8.81 seconds
  Force calls this timestep: 1
Time stepping all particles completed in 18.23 seconds
Time step 78 / 1329
Building rho_lms for this timestep...
rho_lms built in 8.81 seconds
  Force calls this timestep: 1
Time stepping all particles completed in 18.18 seconds
Time step 79 / 1329
Building rho_lms for this timestep...
rho_lms built in 8.81 seconds
  Force calls this timestep: 1
Time stepping all particles completed in 18.23 seconds
Time step 80 / 1329
Building rho_lms for this timestep...
rho_lms built in 8.81 seconds
  Force calls this timestep: 1
Time stepping all particles completed in 18.18 seconds
Time step 81 / 1329
Building rho_lms for this timestep...
rho_lms built in 8.81 seconds
  Force calls this timestep: 1
Time stepping all particles completed in 18.23 seconds
Time step 82 / 1329
Building rho_lms for this timestep...
rho_lms built in 8.81 seconds
  Force calls this timestep: 1
Time stepping all particles completed in 18.18 seconds
Time step 83 / 1329
Building rho_lms for this timestep...
rho_lms built in 8.81 seconds
  Force calls this timestep: 1
Time stepping all particles completed in 18.23 seconds
Time step 84 / 1329
Building rho_lms for this timestep...
rho_lms built in 8.82 seconds
  Force calls this timestep: 1
Time stepping all particles completed in 18.18 seconds
Time step 85 / 1329
Building rho_lms for this timestep...
rho_lms built in 8.81 seconds
  Force calls this timestep: 1
Time stepping all particles completed in 18.23 seconds
Time step 86 / 1329
Building rho_lms for this timestep...
rho_lms built in 8.82 seconds
  Force calls this timestep: 1
Time stepping all particles completed in 18.18 seconds
Time step 87 / 1329
Building rho_lms for this timestep...
rho_lms built in 8.81 seconds
  Force calls this timestep: 1
Time stepping all particles completed in 18.23 seconds
Time step 88 / 1329
Building rho_lms for this timestep...
rho_lms built in 8.82 seconds
  Force calls this timestep: 1
Time stepping all particles completed in 18.18 seconds
Time step 89 / 1329
Building rho_lms for this timestep...
rho_lms built in 8.81 seconds
  Force calls this timestep: 1
Time stepping all particles completed in 18.23 seconds
Time step 90 / 1329
Building rho_lms for this timestep...
rho_lms built in 8.81 seconds
  Force calls this timestep: 1
Time stepping all particles completed in 18.18 seconds
Time step 91 / 1329
Building rho_lms for this timestep...
rho_lms built in 8.81 seconds
  Force calls this timestep: 1
Time stepping all particles completed in 18.23 seconds
Time step 92 / 1329
Building rho_lms for this timestep...
rho_lms built in 8.82 seconds
  Force calls this timestep: 1
Time stepping all particles completed in 18.18 seconds
Time step 93 / 1329
Building rho_lms for this timestep...
rho_lms built in 8.81 seconds
  Force calls this timestep: 1
Time stepping all particles completed in 18.23 seconds
Time step 94 / 1329
Building rho_lms for this timestep...
rho_lms built in 8.81 seconds
  Force calls this timestep: 1
Time stepping all particles completed in 18.18 seconds
Time step 95 / 1329
Building rho_lms for this timestep...
rho_lms built in 8.81 seconds
  Force calls this timestep: 1
Time stepping all particles completed in 18.23 seconds
Time step 96 / 1329
Building rho_lms for this timestep...
rho_lms built in 8.81 seconds
  Force calls this timestep: 1
Time stepping all particles completed in 18.18 seconds
Time step 97 / 1329
Building rho_lms for this timestep...
rho_lms built in 8.81 seconds
  Force calls this timestep: 1
Time stepping all particles completed in 18.23 seconds
Time step 98 / 1329
Building rho_lms for this timestep...
rho_lms built in 8.81 seconds
  Force calls this timestep: 1
Time stepping all particles completed in 18.18 seconds
Time step 99 / 1329
Building rho_lms for this timestep...
rho_lms built in 8.81 seconds
  Force calls this timestep: 1
Time stepping all particles completed in 18.23 seconds
Time step 100 / 1329
Building rho_lms for this timestep...
rho_lms built in 8.81 seconds
  Force calls this timestep: 1
Time stepping all particles completed in 18.18 seconds
Checkpoint at step 100 saved: /rds/general/user/jd925/ephemeral/Checkpoints/checkpoints_m22_10_r0_1_Lout_0.8/checkpoint_step_100.pkl
Time step 101 / 1329
Building rho_lms for this timestep...
rho_lms built in 8.81 seconds
  Force calls this timestep: 1
Time stepping all particles completed in 18.23 seconds
Time step 102 / 1329
Building rho_lms for this timestep...
rho_lms built in 8.82 seconds
  Force calls this timestep: 1
Time stepping all particles completed in 18.18 seconds
Time step 103 / 1329
Building rho_lms for this timestep...
rho_lms built in 8.81 seconds
  Force calls this timestep: 1
Time stepping all particles completed in 18.23 seconds
Time step 104 / 1329
Building rho_lms for this timestep...
rho_lms built in 8.82 seconds
  Force calls this timestep: 1
Time stepping all particles completed in 18.18 seconds
Time step 105 / 1329
Building rho_lms for this timestep...
rho_lms built in 8.81 seconds
  Force calls this timestep: 1
Time stepping all particles completed in 18.23 seconds
Time step 106 / 1329
Building rho_lms for this timestep...
rho_lms built in 8.82 seconds
  Force calls this timestep: 1
Time stepping all particles completed in 18.18 seconds
Time step 107 / 1329
Building rho_lms for this timestep...
rho_lms built in 8.81 seconds
  Force calls this timestep: 1
Time stepping all particles completed in 18.23 seconds
Time step 108 / 1329
Building rho_lms for this timestep...
rho_lms built in 8.82 seconds
  Force calls this timestep: 1
Time stepping all particles completed in 18.18 seconds
Time step 109 / 1329
Building rho_lms for this timestep...
rho_lms built in 8.81 seconds
  Force calls this timestep: 1
Time stepping all particles completed in 18.23 seconds
Time step 110 / 1329
Building rho_lms for this timestep...
rho_lms built in 8.82 seconds
  Force calls this timestep: 1
Time stepping all particles completed in 18.18 seconds
Time step 111 / 1329
Building rho_lms for this timestep...
rho_lms built in 8.81 seconds
  Force calls this timestep: 1
Time stepping all particles completed in 18.23 seconds
Time step 112 / 1329
Building rho_lms for this timestep...
rho_lms built in 8.82 seconds
  Force calls this timestep: 1
Time stepping all particles completed in 18.18 seconds
Time step 113 / 1329
Building rho_lms for this timestep...
rho_lms built in 8.81 seconds
  Force calls this timestep: 1
Time stepping all particles completed in 18.23 seconds
Time step 114 / 1329
Building rho_lms for this timestep...
rho_lms built in 8.82 seconds
  Force calls this timestep: 1
Time stepping all particles completed in 18.18 seconds
Time step 115 / 1329
Building rho_lms for this timestep...
rho_lms built in 8.81 seconds
  Force calls this timestep: 1
Time stepping all particles completed in 18.23 seconds
Time step 116 / 1329
Building rho_lms for this timestep...
rho_lms built in 8.82 seconds
  Force calls this timestep: 1
Time stepping all particles completed in 18.18 seconds
Time step 117 / 1329
Building rho_lms for this timestep...
rho_lms built in 8.81 seconds
  Force calls this timestep: 1
Time stepping all particles completed in 18.23 seconds
Time step 118 / 1329
Building rho_lms for this timestep...
rho_lms built in 8.81 seconds
  Force calls this timestep: 1
Time stepping all particles completed in 18.18 seconds
Time step 119 / 1329
Building rho_lms for this timestep...
rho_lms built in 8.81 seconds
  Force calls this timestep: 1
Time stepping all particles completed in 18.23 seconds
Time step 120 / 1329
Building rho_lms for this timestep...
rho_lms built in 8.81 seconds
  Force calls this timestep: 1
Time stepping all particles completed in 18.18 seconds
Time step 121 / 1329
Building rho_lms for this timestep...
rho_lms built in 8.81 seconds
  Force calls this timestep: 1
Time stepping all particles completed in 18.23 seconds
Time step 122 / 1329
Building rho_lms for this timestep...
rho_lms built in 8.81 seconds
  Force calls this timestep: 1
Time stepping all particles completed in 18.18 seconds
Time step 123 / 1329
Building rho_lms for this timestep...
rho_lms built in 8.81 seconds
  Force calls this timestep: 1
Time stepping all particles completed in 18.23 seconds
Time step 124 / 1329
Building rho_lms for this timestep...
rho_lms built in 8.81 seconds
  Force calls this timestep: 1
Time stepping all particles completed in 18.18 seconds
Time step 125 / 1329
Building rho_lms for this timestep...
rho_lms built in 8.81 seconds
  Force calls this timestep: 1
Time stepping all particles completed in 18.23 seconds
Time step 126 / 1329
Building rho_lms for this timestep...
rho_lms built in 8.81 seconds
  Force calls this timestep: 1
Time stepping all particles completed in 18.18 seconds
Time step 127 / 1329
Building rho_lms for this timestep...
rho_lms built in 8.81 seconds
  Force calls this timestep: 1
Time stepping all particles completed in 18.23 seconds
Time step 128 / 1329
Building rho_lms for this timestep...
rho_lms built in 8.81 seconds
  Force calls this timestep: 1
Time stepping all particles completed in 18.18 seconds
Time step 129 / 1329
Building rho_lms for this timestep...
rho_lms built in 8.81 seconds
  Force calls this timestep: 1
Time stepping all particles completed in 18.23 seconds
Time step 130 / 1329
Building rho_lms for this timestep...
rho_lms built in 8.81 seconds
  Force calls this timestep: 1
Time stepping all particles completed in 18.18 seconds
Time step 131 / 1329
Building rho_lms for this timestep...
rho_lms built in 8.81 seconds
  Force calls this timestep: 1
Time stepping all particles completed in 18.23 seconds
Time step 132 / 1329
Building rho_lms for this timestep...
rho_lms built in 8.81 seconds
  Force calls this timestep: 1
Time stepping all particles completed in 18.18 seconds
Time step 133 / 1329
Building rho_lms for this timestep...
rho_lms built in 8.81 seconds
  Force calls this timestep: 1
Time stepping all particles completed in 18.23 seconds
Time step 134 / 1329
Building rho_lms for this timestep...
rho_lms built in 8.81 seconds
  Force calls this timestep: 1
Time stepping all particles completed in 18.18 seconds
Time step 135 / 1329
Building rho_lms for this timestep...
rho_lms built in 8.81 seconds
  Force calls this timestep: 1
Time stepping all particles completed in 18.23 seconds
Time step 136 / 1329
Building rho_lms for this timestep...
rho_lms built in 8.81 seconds
  Force calls this timestep: 1
Time stepping all particles completed in 18.18 seconds
Time step 137 / 1329
Building rho_lms for this timestep...
rho_lms built in 8.81 seconds
  Force calls this timestep: 1
Time stepping all particles completed in 18.23 seconds
Time step 138 / 1329
Building rho_lms for this timestep...
rho_lms built in 8.82 seconds
  Force calls this timestep: 1
Time stepping all particles completed in 18.18 seconds
Time step 139 / 1329
Building rho_lms for this timestep...
rho_lms built in 8.81 seconds
  Force calls this timestep: 1
Time stepping all particles completed in 18.23 seconds
Time step 140 / 1329
Building rho_lms for this timestep...
rho_lms built in 8.81 seconds
  Force calls this timestep: 1
Time stepping all particles completed in 18.18 seconds
Time step 141 / 1329
Building rho_lms for this timestep...
rho_lms built in 8.81 seconds
  Force calls this timestep: 1
Time stepping all particles completed in 18.23 seconds
Time step 142 / 1329
Building rho_lms for this timestep...
rho_lms built in 8.81 seconds
  Force calls this timestep: 1
Time stepping all particles completed in 18.18 seconds
Time step 143 / 1329
Building rho_lms for this timestep...
rho_lms built in 8.81 seconds
  Force calls this timestep: 1
Time stepping all particles completed in 18.23 seconds
Time step 144 / 1329
Building rho_lms for this timestep...
rho_lms built in 8.81 seconds
  Force calls this timestep: 1
Time stepping all particles completed in 18.18 seconds
Time step 145 / 1329
Building rho_lms for this timestep...
rho_lms built in 8.81 seconds
  Force calls this timestep: 1
Time stepping all particles completed in 18.23 seconds
Time step 146 / 1329
Building rho_lms for this timestep...
rho_lms built in 8.81 seconds
  Force calls this timestep: 1
Time stepping all particles completed in 18.18 seconds
Time step 147 / 1329
Building rho_lms for this timestep...
rho_lms built in 8.81 seconds
  Force calls this timestep: 1
Time stepping all particles completed in 18.23 seconds
Time step 148 / 1329
Building rho_lms for this timestep...
rho_lms built in 8.81 seconds
  Force calls this timestep: 1
Time stepping all particles completed in 18.18 seconds
Time step 149 / 1329
Building rho_lms for this timestep...
rho_lms built in 8.81 seconds
  Force calls this timestep: 1
Time stepping all particles completed in 18.23 seconds
Time step 150 / 1329
Building rho_lms for this timestep...
rho_lms built in 8.81 seconds
  Force calls this timestep: 1
Time stepping all particles completed in 18.18 seconds
Checkpoint at step 150 saved: /rds/general/user/jd925/ephemeral/Checkpoints/checkpoints_m22_10_r0_1_Lout_0.8/checkpoint_step_150.pkl
Time step 151 / 1329
Building rho_lms for this timestep...
rho_lms built in 8.81 seconds
  Force calls this timestep: 1
Time stepping all particles completed in 18.23 seconds
Time step 152 / 1329
Building rho_lms for this timestep...
rho_lms built in 8.81 seconds
  Force calls this timestep: 1
Time stepping all particles completed in 18.18 seconds
Time step 153 / 1329
Building rho_lms for this timestep...
rho_lms built in 8.81 seconds
  Force calls this timestep: 1
Time stepping all particles completed in 18.23 seconds
Time step 154 / 1329
Building rho_lms for this timestep...
rho_lms built in 8.81 seconds
  Force calls this timestep: 1
Time stepping all particles completed in 18.18 seconds
Time step 155 / 1329
Building rho_lms for this timestep...
rho_lms built in 8.81 seconds
  Force calls this timestep: 1
Time stepping all particles completed in 18.23 seconds
Time step 156 / 1329
Building rho_lms for this timestep...
rho_lms built in 8.81 seconds
  Force calls this timestep: 1
Time stepping all particles completed in 18.18 seconds
Time step 157 / 1329
Building rho_lms for this timestep...
rho_lms built in 8.81 seconds
  Force calls this timestep: 1
Time stepping all particles completed in 18.23 seconds
Time step 158 / 1329
Building rho_lms for this timestep...
rho_lms built in 8.82 seconds
  Force calls this timestep: 1
Time stepping all particles completed in 18.18 seconds
Time step 159 / 1329
Building rho_lms for this timestep...
rho_lms built in 8.81 seconds
  Force calls this timestep: 1
Time stepping all particles completed in 18.23 seconds
Time step 160 / 1329
Building rho_lms for this timestep...
rho_lms built in 8.81 seconds
  Force calls this timestep: 1
Time stepping all particles completed in 18.18 seconds
Time step 161 / 1329
Building rho_lms for this timestep...
rho_lms built in 8.81 seconds
  Force calls this timestep: 1
Time stepping all particles completed in 18.23 seconds
Time step 162 / 1329
Building rho_lms for this timestep...
rho_lms built in 8.81 seconds
  Force calls this timestep: 1
Time stepping all particles completed in 18.18 seconds
Time step 163 / 1329
Building rho_lms for this timestep...
rho_lms built in 8.81 seconds
  Force calls this timestep: 1
Time stepping all particles completed in 18.23 seconds
Time step 164 / 1329
Building rho_lms for this timestep...
rho_lms built in 8.81 seconds
  Force calls this timestep: 1
Time stepping all particles completed in 18.18 seconds
Time step 165 / 1329
Building rho_lms for this timestep...
rho_lms built in 8.81 seconds
  Force calls this timestep: 1
Time stepping all particles completed in 18.23 seconds
Time step 166 / 1329
Building rho_lms for this timestep...
rho_lms built in 8.81 seconds
  Force calls this timestep: 1
Time stepping all particles completed in 18.18 seconds
Time step 167 / 1329
Building rho_lms for this timestep...
rho_lms built in 8.81 seconds
  Force calls this timestep: 1
Time stepping all particles completed in 18.23 seconds
Time step 168 / 1329
Building rho_lms for this timestep...
rho_lms built in 8.81 seconds
  Force calls this timestep: 1
Time stepping all particles completed in 18.18 seconds
Time step 169 / 1329
Building rho_lms for this timestep...
rho_lms built in 8.81 seconds
  Force calls this timestep: 1
Time stepping all particles completed in 18.23 seconds
Time step 170 / 1329
Building rho_lms for this timestep...
rho_lms built in 8.82 seconds
  Force calls this timestep: 1
Time stepping all particles completed in 18.18 seconds
Time step 171 / 1329
Building rho_lms for this timestep...
rho_lms built in 8.81 seconds
  Force calls this timestep: 1
Time stepping all particles completed in 18.23 seconds
Time step 172 / 1329
Building rho_lms for this timestep...
rho_lms built in 8.82 seconds
  Force calls this timestep: 1
Time stepping all particles completed in 18.18 seconds
Time step 173 / 1329
Building rho_lms for this timestep...
rho_lms built in 8.81 seconds
  Force calls this timestep: 1
Time stepping all particles completed in 18.23 seconds
Time step 174 / 1329
Building rho_lms for this timestep...
rho_lms built in 8.82 seconds
  Force calls this timestep: 1
Time stepping all particles completed in 18.18 seconds
Time step 175 / 1329
Building rho_lms for this timestep...
rho_lms built in 8.81 seconds
  Force calls this timestep: 1
Time stepping all particles completed in 18.23 seconds
Time step 176 / 1329
Building rho_lms for this timestep...
rho_lms built in 8.81 seconds
  Force calls this timestep: 1
Time stepping all particles completed in 18.18 seconds
Time step 177 / 1329
Building rho_lms for this timestep...
rho_lms built in 8.81 seconds
  Force calls this timestep: 1
Time stepping all particles completed in 18.23 seconds
Time step 178 / 1329
Building rho_lms for this timestep...
rho_lms built in 8.82 seconds
  Force calls this timestep: 1
Time stepping all particles completed in 18.18 seconds
Time step 179 / 1329
Building rho_lms for this timestep...
rho_lms built in 8.81 seconds
  Force calls this timestep: 1
Time stepping all particles completed in 18.23 seconds
Time step 180 / 1329
Building rho_lms for this timestep...
rho_lms built in 8.82 seconds
  Force calls this timestep: 1
Time stepping all particles completed in 18.18 seconds
Time step 181 / 1329
Building rho_lms for this timestep...
rho_lms built in 8.81 seconds
  Force calls this timestep: 1
Time stepping all particles completed in 18.22 seconds
Time step 182 / 1329
Building rho_lms for this timestep...
rho_lms built in 8.81 seconds
  Force calls this timestep: 1
Time stepping all particles completed in 18.18 seconds
Time step 183 / 1329
Building rho_lms for this timestep...
rho_lms built in 8.81 seconds
  Force calls this timestep: 1
Time stepping all particles completed in 18.22 seconds
Time step 184 / 1329
Building rho_lms for this timestep...
rho_lms built in 8.81 seconds
  Force calls this timestep: 1
Time stepping all particles completed in 18.18 seconds
Time step 185 / 1329
Building rho_lms for this timestep...
rho_lms built in 8.81 seconds
  Force calls this timestep: 1
Time stepping all particles completed in 18.23 seconds
Time step 186 / 1329
Building rho_lms for this timestep...
rho_lms built in 8.81 seconds
  Force calls this timestep: 1
Time stepping all particles completed in 18.18 seconds
Time step 187 / 1329
Building rho_lms for this timestep...
rho_lms built in 8.81 seconds
  Force calls this timestep: 1
Time stepping all particles completed in 18.23 seconds
Time step 188 / 1329
Building rho_lms for this timestep...
rho_lms built in 8.81 seconds
  Force calls this timestep: 1
Time stepping all particles completed in 18.18 seconds
Time step 189 / 1329
Building rho_lms for this timestep...
rho_lms built in 8.81 seconds
  Force calls this timestep: 1
Time stepping all particles completed in 18.22 seconds
Time step 190 / 1329
Building rho_lms for this timestep...
rho_lms built in 8.82 seconds
  Force calls this timestep: 1
Time stepping all particles completed in 18.18 seconds
Time step 191 / 1329
Building rho_lms for this timestep...
rho_lms built in 8.81 seconds
  Force calls this timestep: 1
Time stepping all particles completed in 18.23 seconds
Time step 192 / 1329
Building rho_lms for this timestep...
rho_lms built in 8.82 seconds
  Force calls this timestep: 1
Time stepping all particles completed in 18.18 seconds
Time step 193 / 1329
Building rho_lms for this timestep...
rho_lms built in 8.81 seconds
  Force calls this timestep: 1
Time stepping all particles completed in 18.23 seconds
Time step 194 / 1329
Building rho_lms for this timestep...
rho_lms built in 8.82 seconds
  Force calls this timestep: 1
Time stepping all particles completed in 18.18 seconds
Time step 195 / 1329
Building rho_lms for this timestep...
rho_lms built in 8.81 seconds
  Force calls this timestep: 1
Time stepping all particles completed in 18.23 seconds
Time step 196 / 1329
Building rho_lms for this timestep...
rho_lms built in 8.82 seconds
  Force calls this timestep: 1
Time stepping all particles completed in 18.18 seconds
Time step 197 / 1329
Building rho_lms for this timestep...
rho_lms built in 8.81 seconds
  Force calls this timestep: 1
Time stepping all particles completed in 18.22 seconds
Time step 198 / 1329
Building rho_lms for this timestep...
rho_lms built in 8.82 seconds
  Force calls this timestep: 1
Time stepping all particles completed in 18.18 seconds
Time step 199 / 1329
Building rho_lms for this timestep...
rho_lms built in 8.81 seconds
  Force calls this timestep: 1
Time stepping all particles completed in 18.22 seconds
Time step 200 / 1329
Building rho_lms for this timestep...
rho_lms built in 8.81 seconds
  Force calls this timestep: 1
Time stepping all particles completed in 18.18 seconds
Checkpoint at step 200 saved: /rds/general/user/jd925/ephemeral/Checkpoints/checkpoints_m22_10_r0_1_Lout_0.8/checkpoint_step_200.pkl
Time step 201 / 1329
Building rho_lms for this timestep...
rho_lms built in 8.81 seconds
  Force calls this timestep: 1
Time stepping all particles completed in 18.23 seconds
Time step 202 / 1329
Building rho_lms for this timestep...
rho_lms built in 8.82 seconds
  Force calls this timestep: 1
Time stepping all particles completed in 18.18 seconds
Time step 203 / 1329
Building rho_lms for this timestep...
rho_lms built in 8.81 seconds
  Force calls this timestep: 1
Time stepping all particles completed in 18.23 seconds
Time step 204 / 1329
Building rho_lms for this timestep...
rho_lms built in 8.82 seconds
  Force calls this timestep: 1
Time stepping all particles completed in 18.18 seconds
Time step 205 / 1329
Building rho_lms for this timestep...
rho_lms built in 8.81 seconds
  Force calls this timestep: 1
Time stepping all particles completed in 18.23 seconds
Time step 206 / 1329
Building rho_lms for this timestep...
rho_lms built in 8.82 seconds
  Force calls this timestep: 1
Time stepping all particles completed in 18.18 seconds
Time step 207 / 1329
Building rho_lms for this timestep...
rho_lms built in 8.81 seconds
  Force calls this timestep: 1
Time stepping all particles completed in 18.23 seconds
Time step 208 / 1329
Building rho_lms for this timestep...
rho_lms built in 8.82 seconds
  Force calls this timestep: 1
Time stepping all particles completed in 18.18 seconds
Time step 209 / 1329
Building rho_lms for this timestep...
rho_lms built in 8.81 seconds
  Force calls this timestep: 1
Time stepping all particles completed in 18.23 seconds
Time step 210 / 1329
Building rho_lms for this timestep...
rho_lms built in 8.82 seconds
  Force calls this timestep: 1
Time stepping all particles completed in 18.18 seconds
Time step 211 / 1329
Building rho_lms for this timestep...
rho_lms built in 8.81 seconds
  Force calls this timestep: 1
Time stepping all particles completed in 18.23 seconds
Time step 212 / 1329
Building rho_lms for this timestep...
rho_lms built in 8.82 seconds
  Force calls this timestep: 1
Time stepping all particles completed in 18.18 seconds
Time step 213 / 1329
Building rho_lms for this timestep...
rho_lms built in 8.81 seconds
  Force calls this timestep: 1
Time stepping all particles completed in 18.23 seconds
Time step 214 / 1329
Building rho_lms for this timestep...
rho_lms built in 8.82 seconds
  Force calls this timestep: 1
Time stepping all particles completed in 18.18 seconds
Time step 215 / 1329
Building rho_lms for this timestep...
rho_lms built in 8.81 seconds
  Force calls this timestep: 1
Time stepping all particles completed in 18.23 seconds
Time step 216 / 1329
Building rho_lms for this timestep...
rho_lms built in 8.82 seconds
  Force calls this timestep: 1
Time stepping all particles completed in 18.18 seconds
Time step 217 / 1329
Building rho_lms for this timestep...
rho_lms built in 8.81 seconds
  Force calls this timestep: 1
Time stepping all particles completed in 18.23 seconds
Time step 218 / 1329
Building rho_lms for this timestep...
rho_lms built in 8.82 seconds
  Force calls this timestep: 1
Time stepping all particles completed in 18.18 seconds
Time step 219 / 1329
Building rho_lms for this timestep...
rho_lms built in 8.81 seconds
  Force calls this timestep: 1
Time stepping all particles completed in 18.23 seconds
Time step 220 / 1329
Building rho_lms for this timestep...
rho_lms built in 8.82 seconds
  Force calls this timestep: 1
Time stepping all particles completed in 18.18 seconds
Time step 221 / 1329
Building rho_lms for this timestep...
rho_lms built in 8.81 seconds
  Force calls this timestep: 1
Time stepping all particles completed in 18.23 seconds
Time step 222 / 1329
Building rho_lms for this timestep...
rho_lms built in 8.82 seconds
  Force calls this timestep: 1
Time stepping all particles completed in 18.18 seconds
Time step 223 / 1329
Building rho_lms for this timestep...
rho_lms built in 8.81 seconds
  Force calls this timestep: 1
Time stepping all particles completed in 18.23 seconds
Time step 224 / 1329
Building rho_lms for this timestep...
rho_lms built in 8.82 seconds
  Force calls this timestep: 1
Time stepping all particles completed in 18.18 seconds
Time step 225 / 1329
Building rho_lms for this timestep...
rho_lms built in 8.81 seconds
  Force calls this timestep: 1
Time stepping all particles completed in 18.23 seconds
Time step 226 / 1329
Building rho_lms for this timestep...
rho_lms built in 8.82 seconds
  Force calls this timestep: 1
Time stepping all particles completed in 18.18 seconds
Time step 227 / 1329
Building rho_lms for this timestep...
rho_lms built in 8.81 seconds
  Force calls this timestep: 1
Time stepping all particles completed in 18.23 seconds
Time step 228 / 1329
Building rho_lms for this timestep...
rho_lms built in 8.82 seconds
  Force calls this timestep: 1
Time stepping all particles completed in 18.18 seconds
Time step 229 / 1329
Building rho_lms for this timestep...
rho_lms built in 8.81 seconds
  Force calls this timestep: 1
Time stepping all particles completed in 18.23 seconds
Time step 230 / 1329
Building rho_lms for this timestep...
rho_lms built in 8.82 seconds
  Force calls this timestep: 1
Time stepping all particles completed in 18.18 seconds
Time step 231 / 1329
Building rho_lms for this timestep...
rho_lms built in 8.81 seconds
  Force calls this timestep: 1
Time stepping all particles completed in 18.23 seconds
Time step 232 / 1329
Building rho_lms for this timestep...
rho_lms built in 8.82 seconds
  Force calls this timestep: 1
Time stepping all particles completed in 18.18 seconds
Time step 233 / 1329
Building rho_lms for this timestep...
rho_lms built in 8.81 seconds
  Force calls this timestep: 1
Time stepping all particles completed in 18.23 seconds
Time step 234 / 1329
Building rho_lms for this timestep...
rho_lms built in 8.82 seconds
  Force calls this timestep: 1
Time stepping all particles completed in 18.18 seconds
Time step 235 / 1329
Building rho_lms for this timestep...
rho_lms built in 8.81 seconds
  Force calls this timestep: 1
Time stepping all particles completed in 18.23 seconds
Time step 236 / 1329
Building rho_lms for this timestep...
rho_lms built in 8.82 seconds
  Force calls this timestep: 1
Time stepping all particles completed in 18.18 seconds
Time step 237 / 1329
Building rho_lms for this timestep...
rho_lms built in 8.81 seconds
  Force calls this timestep: 1
Time stepping all particles completed in 18.23 seconds
Time step 238 / 1329
Building rho_lms for this timestep...
rho_lms built in 8.82 seconds
  Force calls this timestep: 1
Time stepping all particles completed in 18.18 seconds
Time step 239 / 1329
Building rho_lms for this timestep...
rho_lms built in 8.81 seconds
  Force calls this timestep: 1
Time stepping all particles completed in 18.23 seconds
Time step 240 / 1329
Building rho_lms for this timestep...
rho_lms built in 8.82 seconds
  Force calls this timestep: 1
Time stepping all particles completed in 18.18 seconds
Time step 241 / 1329
Building rho_lms for this timestep...
rho_lms built in 8.81 seconds
  Force calls this timestep: 1
Time stepping all particles completed in 18.23 seconds
Time step 242 / 1329
Building rho_lms for this timestep...
rho_lms built in 8.82 seconds
  Force calls this timestep: 1
Time stepping all particles completed in 18.18 seconds
Time step 243 / 1329
Building rho_lms for this timestep...
rho_lms built in 8.81 seconds
  Force calls this timestep: 1
Time stepping all particles completed in 18.23 seconds
Time step 244 / 1329
Building rho_lms for this timestep...
rho_lms built in 8.82 seconds
  Force calls this timestep: 1
Time stepping all particles completed in 18.18 seconds
Time step 245 / 1329
Building rho_lms for this timestep...
rho_lms built in 8.81 seconds
  Force calls this timestep: 1
Time stepping all particles completed in 18.22 seconds
Time step 246 / 1329
Building rho_lms for this timestep...
rho_lms built in 8.81 seconds
  Force calls this timestep: 1
Time stepping all particles completed in 18.18 seconds
Time step 247 / 1329
Building rho_lms for this timestep...
rho_lms built in 8.81 seconds
  Force calls this timestep: 1
Time stepping all particles completed in 18.23 seconds
Time step 248 / 1329
Building rho_lms for this timestep...
rho_lms built in 8.81 seconds
  Force calls this timestep: 1
Time stepping all particles completed in 18.18 seconds
Time step 249 / 1329
Building rho_lms for this timestep...
rho_lms built in 8.81 seconds
  Force calls this timestep: 1
Time stepping all particles completed in 18.23 seconds
Time step 250 / 1329
Building rho_lms for this timestep...
rho_lms built in 8.81 seconds
  Force calls this timestep: 1
Time stepping all particles completed in 18.18 seconds
Checkpoint at step 250 saved: /rds/general/user/jd925/ephemeral/Checkpoints/checkpoints_m22_10_r0_1_Lout_0.8/checkpoint_step_250.pkl
Time step 251 / 1329
Building rho_lms for this timestep...
rho_lms built in 8.81 seconds
  Force calls this timestep: 1
Time stepping all particles completed in 18.23 seconds
Time step 252 / 1329
Building rho_lms for this timestep...
rho_lms built in 8.82 seconds
  Force calls this timestep: 1
Time stepping all particles completed in 18.18 seconds
Time step 253 / 1329
Building rho_lms for this timestep...
rho_lms built in 8.81 seconds
  Force calls this timestep: 1
Time stepping all particles completed in 18.22 seconds
Time step 254 / 1329
Building rho_lms for this timestep...
rho_lms built in 8.82 seconds
  Force calls this timestep: 1
Time stepping all particles completed in 18.18 seconds
Time step 255 / 1329
Building rho_lms for this timestep...
rho_lms built in 8.81 seconds
  Force calls this timestep: 1
Time stepping all particles completed in 18.22 seconds
Time step 256 / 1329
Building rho_lms for this timestep...
rho_lms built in 8.82 seconds
  Force calls this timestep: 1
Time stepping all particles completed in 18.18 seconds
Time step 257 / 1329
Building rho_lms for this timestep...
rho_lms built in 8.81 seconds
  Force calls this timestep: 1
Time stepping all particles completed in 18.23 seconds
Time step 258 / 1329
Building rho_lms for this timestep...
rho_lms built in 8.82 seconds
  Force calls this timestep: 1
Time stepping all particles completed in 18.18 seconds
Time step 259 / 1329
Building rho_lms for this timestep...
rho_lms built in 8.81 seconds
  Force calls this timestep: 1
Time stepping all particles completed in 18.23 seconds
Time step 260 / 1329
Building rho_lms for this timestep...
rho_lms built in 8.82 seconds
  Force calls this timestep: 1
Time stepping all particles completed in 18.18 seconds
Time step 261 / 1329
Building rho_lms for this timestep...
rho_lms built in 8.81 seconds
  Force calls this timestep: 1
Time stepping all particles completed in 18.23 seconds
Time step 262 / 1329
Building rho_lms for this timestep...
rho_lms built in 8.82 seconds
  Force calls this timestep: 1
Time stepping all particles completed in 18.18 seconds
Time step 263 / 1329
Building rho_lms for this timestep...
rho_lms built in 8.81 seconds
  Force calls this timestep: 1
Time stepping all particles completed in 18.23 seconds
Time step 264 / 1329
Building rho_lms for this timestep...
rho_lms built in 8.82 seconds
  Force calls this timestep: 1
Time stepping all particles completed in 18.18 seconds
Time step 265 / 1329
Building rho_lms for this timestep...
rho_lms built in 8.81 seconds
  Force calls this timestep: 1
Time stepping all particles completed in 18.23 seconds
Time step 266 / 1329
Building rho_lms for this timestep...
rho_lms built in 8.82 seconds
  Force calls this timestep: 1
Time stepping all particles completed in 18.18 seconds
Time step 267 / 1329
Building rho_lms for this timestep...
rho_lms built in 8.81 seconds
  Force calls this timestep: 1
Time stepping all particles completed in 18.23 seconds
Time step 268 / 1329
Building rho_lms for this timestep...
rho_lms built in 8.82 seconds
  Force calls this timestep: 1
Time stepping all particles completed in 18.18 seconds
Time step 269 / 1329
Building rho_lms for this timestep...
rho_lms built in 8.81 seconds
  Force calls this timestep: 1
Time stepping all particles completed in 18.23 seconds
Time step 270 / 1329
Building rho_lms for this timestep...
rho_lms built in 8.82 seconds
  Force calls this timestep: 1
Time stepping all particles completed in 18.18 seconds
Time step 271 / 1329
Building rho_lms for this timestep...
rho_lms built in 8.81 seconds
  Force calls this timestep: 1
Time stepping all particles completed in 18.23 seconds
Time step 272 / 1329
Building rho_lms for this timestep...
rho_lms built in 8.82 seconds
  Force calls this timestep: 1
Time stepping all particles completed in 18.18 seconds
Time step 273 / 1329
Building rho_lms for this timestep...
rho_lms built in 8.81 seconds
  Force calls this timestep: 1
Time stepping all particles completed in 18.22 seconds
Time step 274 / 1329
Building rho_lms for this timestep...
rho_lms built in 8.82 seconds
  Force calls this timestep: 1
Time stepping all particles completed in 18.18 seconds
Time step 275 / 1329
Building rho_lms for this timestep...
rho_lms built in 8.81 seconds
  Force calls this timestep: 1
Time stepping all particles completed in 18.23 seconds
Time step 276 / 1329
Building rho_lms for this timestep...
rho_lms built in 8.82 seconds
  Force calls this timestep: 1
Time stepping all particles completed in 18.18 seconds
Time step 277 / 1329
Building rho_lms for this timestep...
rho_lms built in 8.81 seconds
  Force calls this timestep: 1
Time stepping all particles completed in 18.23 seconds
Time step 278 / 1329
Building rho_lms for this timestep...
rho_lms built in 8.82 seconds
  Force calls this timestep: 1
Time stepping all particles completed in 18.18 seconds
Time step 279 / 1329
Building rho_lms for this timestep...
rho_lms built in 8.81 seconds
  Force calls this timestep: 1
Time stepping all particles completed in 18.23 seconds
Time step 280 / 1329
Building rho_lms for this timestep...
rho_lms built in 8.81 seconds
  Force calls this timestep: 1
Time stepping all particles completed in 18.18 seconds
Time step 281 / 1329
Building rho_lms for this timestep...
rho_lms built in 8.81 seconds
  Force calls this timestep: 1
Time stepping all particles completed in 18.23 seconds
Time step 282 / 1329
Building rho_lms for this timestep...
rho_lms built in 8.81 seconds
  Force calls this timestep: 1
Time stepping all particles completed in 18.18 seconds
Time step 283 / 1329
Building rho_lms for this timestep...
rho_lms built in 8.81 seconds
  Force calls this timestep: 1
Time stepping all particles completed in 18.23 seconds
Time step 284 / 1329
Building rho_lms for this timestep...
rho_lms built in 8.81 seconds
  Force calls this timestep: 1
Time stepping all particles completed in 18.18 seconds
Time step 285 / 1329
Building rho_lms for this timestep...
rho_lms built in 8.81 seconds
  Force calls this timestep: 1
Time stepping all particles completed in 18.23 seconds
Time step 286 / 1329
Building rho_lms for this timestep...
rho_lms built in 8.82 seconds
  Force calls this timestep: 1
Time stepping all particles completed in 18.18 seconds
Time step 287 / 1329
Building rho_lms for this timestep...
rho_lms built in 8.81 seconds
  Force calls this timestep: 1
Time stepping all particles completed in 18.23 seconds
Time step 288 / 1329
Building rho_lms for this timestep...
rho_lms built in 8.82 seconds
  Force calls this timestep: 1
Time stepping all particles completed in 18.18 seconds
Time step 289 / 1329
Building rho_lms for this timestep...
rho_lms built in 8.81 seconds
  Force calls this timestep: 1
Time stepping all particles completed in 18.23 seconds
Time step 290 / 1329
Building rho_lms for this timestep...
rho_lms built in 8.82 seconds
  Force calls this timestep: 1
Time stepping all particles completed in 18.18 seconds
Time step 291 / 1329
Building rho_lms for this timestep...
rho_lms built in 8.81 seconds
  Force calls this timestep: 1
Time stepping all particles completed in 18.23 seconds
Time step 292 / 1329
Building rho_lms for this timestep...
rho_lms built in 8.82 seconds
  Force calls this timestep: 1
Time stepping all particles completed in 18.18 seconds
Time step 293 / 1329
Building rho_lms for this timestep...
rho_lms built in 8.81 seconds
  Force calls this timestep: 1
Time stepping all particles completed in 18.23 seconds
Time step 294 / 1329
Building rho_lms for this timestep...
rho_lms built in 8.82 seconds
  Force calls this timestep: 1
Time stepping all particles completed in 18.18 seconds
Time step 295 / 1329
Building rho_lms for this timestep...
rho_lms built in 8.81 seconds
  Force calls this timestep: 1
Time stepping all particles completed in 18.22 seconds
Time step 296 / 1329
Building rho_lms for this timestep...
rho_lms built in 8.82 seconds
  Force calls this timestep: 1
Time stepping all particles completed in 18.18 seconds
Time step 297 / 1329
Building rho_lms for this timestep...
rho_lms built in 8.81 seconds
  Force calls this timestep: 1
Time stepping all particles completed in 18.23 seconds
Time step 298 / 1329
Building rho_lms for this timestep...
rho_lms built in 8.82 seconds
  Force calls this timestep: 1
Time stepping all particles completed in 18.18 seconds
Time step 299 / 1329
Building rho_lms for this timestep...
rho_lms built in 8.81 seconds
  Force calls this timestep: 1
Time stepping all particles completed in 18.23 seconds
Time step 300 / 1329
Building rho_lms for this timestep...
rho_lms built in 8.82 seconds
  Force calls this timestep: 1
Time stepping all particles completed in 18.18 seconds
Checkpoint at step 300 saved: /rds/general/user/jd925/ephemeral/Checkpoints/checkpoints_m22_10_r0_1_Lout_0.8/checkpoint_step_300.pkl
Time step 301 / 1329
Building rho_lms for this timestep...
rho_lms built in 8.81 seconds
  Force calls this timestep: 1
Time stepping all particles completed in 18.23 seconds
Time step 302 / 1329
Building rho_lms for this timestep...
rho_lms built in 8.82 seconds
  Force calls this timestep: 1
Time stepping all particles completed in 18.18 seconds
Time step 303 / 1329
Building rho_lms for this timestep...
rho_lms built in 8.81 seconds
  Force calls this timestep: 1
Time stepping all particles completed in 18.23 seconds
Time step 304 / 1329
Building rho_lms for this timestep...
rho_lms built in 8.82 seconds
  Force calls this timestep: 1
Time stepping all particles completed in 18.18 seconds
Time step 305 / 1329
Building rho_lms for this timestep...
rho_lms built in 8.81 seconds
  Force calls this timestep: 1
Time stepping all particles completed in 18.23 seconds
Time step 306 / 1329
Building rho_lms for this timestep...
rho_lms built in 8.82 seconds
  Force calls this timestep: 1
Time stepping all particles completed in 18.18 seconds
Time step 307 / 1329
Building rho_lms for this timestep...
rho_lms built in 8.81 seconds
  Force calls this timestep: 1
Time stepping all particles completed in 18.23 seconds
Time step 308 / 1329
Building rho_lms for this timestep...
rho_lms built in 8.82 seconds
  Force calls this timestep: 1
Time stepping all particles completed in 18.18 seconds
Time step 309 / 1329
Building rho_lms for this timestep...
rho_lms built in 8.81 seconds
  Force calls this timestep: 1
Time stepping all particles completed in 18.23 seconds
Time step 310 / 1329
Building rho_lms for this timestep...
rho_lms built in 8.82 seconds
  Force calls this timestep: 1
Time stepping all particles completed in 18.18 seconds
Time step 311 / 1329
Building rho_lms for this timestep...
rho_lms built in 8.81 seconds
  Force calls this timestep: 1
Time stepping all particles completed in 18.23 seconds
Time step 312 / 1329
Building rho_lms for this timestep...
rho_lms built in 8.82 seconds
  Force calls this timestep: 1
Time stepping all particles completed in 18.18 seconds
Time step 313 / 1329
Building rho_lms for this timestep...
rho_lms built in 8.81 seconds
  Force calls this timestep: 1
Time stepping all particles completed in 18.23 seconds
Time step 314 / 1329
Building rho_lms for this timestep...
rho_lms built in 8.82 seconds
  Force calls this timestep: 1
Time stepping all particles completed in 18.18 seconds
Time step 315 / 1329
Building rho_lms for this timestep...
rho_lms built in 8.81 seconds
  Force calls this timestep: 1
Time stepping all particles completed in 18.23 seconds
Time step 316 / 1329
Building rho_lms for this timestep...
rho_lms built in 8.82 seconds
  Force calls this timestep: 1
Time stepping all particles completed in 18.18 seconds
Time step 317 / 1329
Building rho_lms for this timestep...
rho_lms built in 8.81 seconds
  Force calls this timestep: 1
Time stepping all particles completed in 18.23 seconds
Time step 318 / 1329
Building rho_lms for this timestep...
rho_lms built in 8.82 seconds
  Force calls this timestep: 1
Time stepping all particles completed in 18.18 seconds
Time step 319 / 1329
Building rho_lms for this timestep...
rho_lms built in 8.81 seconds
  Force calls this timestep: 1
Time stepping all particles completed in 18.23 seconds
Time step 320 / 1329
Building rho_lms for this timestep...
rho_lms built in 8.82 seconds
  Force calls this timestep: 1
Time stepping all particles completed in 18.18 seconds
Time step 321 / 1329
Building rho_lms for this timestep...
rho_lms built in 8.81 seconds
  Force calls this timestep: 1
Time stepping all particles completed in 18.23 seconds
Time step 322 / 1329
Building rho_lms for this timestep...
rho_lms built in 8.82 seconds
  Force calls this timestep: 1
Time stepping all particles completed in 18.18 seconds
Time step 323 / 1329
Building rho_lms for this timestep...
rho_lms built in 8.81 seconds
  Force calls this timestep: 1
Time stepping all particles completed in 18.23 seconds
Time step 324 / 1329
Building rho_lms for this timestep...
rho_lms built in 8.82 seconds
  Force calls this timestep: 1
Time stepping all particles completed in 18.18 seconds
Time step 325 / 1329
Building rho_lms for this timestep...
rho_lms built in 8.81 seconds
  Force calls this timestep: 1
Time stepping all particles completed in 18.23 seconds
Time step 326 / 1329
Building rho_lms for this timestep...
rho_lms built in 8.82 seconds
  Force calls this timestep: 1
Time stepping all particles completed in 18.18 seconds
Time step 327 / 1329
Building rho_lms for this timestep...
rho_lms built in 8.81 seconds
  Force calls this timestep: 1
Time stepping all particles completed in 18.22 seconds
Time step 328 / 1329
Building rho_lms for this timestep...
rho_lms built in 8.82 seconds
  Force calls this timestep: 1
Time stepping all particles completed in 18.18 seconds
Time step 329 / 1329
Building rho_lms for this timestep...
rho_lms built in 8.81 seconds
  Force calls this timestep: 1
Time stepping all particles completed in 18.23 seconds
Time step 330 / 1329
Building rho_lms for this timestep...
rho_lms built in 8.82 seconds
  Force calls this timestep: 1
Time stepping all particles completed in 18.18 seconds
Time step 331 / 1329
Building rho_lms for this timestep...
rho_lms built in 8.81 seconds
  Force calls this timestep: 1
Time stepping all particles completed in 18.23 seconds
Time step 332 / 1329
Building rho_lms for this timestep...
rho_lms built in 8.82 seconds
  Force calls this timestep: 1
Time stepping all particles completed in 18.18 seconds
Time step 333 / 1329
Building rho_lms for this timestep...
rho_lms built in 8.81 seconds
  Force calls this timestep: 1
Time stepping all particles completed in 18.23 seconds
Time step 334 / 1329
Building rho_lms for this timestep...
rho_lms built in 8.82 seconds
  Force calls this timestep: 1
Time stepping all particles completed in 18.18 seconds
Time step 335 / 1329
Building rho_lms for this timestep...
rho_lms built in 8.81 seconds
  Force calls this timestep: 1
Time stepping all particles completed in 18.22 seconds
Time step 336 / 1329
Building rho_lms for this timestep...
rho_lms built in 8.82 seconds
  Force calls this timestep: 1
Time stepping all particles completed in 18.18 seconds
Time step 337 / 1329
Building rho_lms for this timestep...
rho_lms built in 8.81 seconds
  Force calls this timestep: 1
Time stepping all particles completed in 18.23 seconds
Time step 338 / 1329
Building rho_lms for this timestep...
rho_lms built in 8.81 seconds
  Force calls this timestep: 1
Time stepping all particles completed in 18.18 seconds
Time step 339 / 1329
Building rho_lms for this timestep...
rho_lms built in 8.81 seconds
  Force calls this timestep: 1
Time stepping all particles completed in 18.23 seconds
Time step 340 / 1329
Building rho_lms for this timestep...
rho_lms built in 8.82 seconds
  Force calls this timestep: 1
Time stepping all particles completed in 18.18 seconds
Time step 341 / 1329
Building rho_lms for this timestep...
rho_lms built in 8.81 seconds
  Force calls this timestep: 1
Time stepping all particles completed in 18.23 seconds
Time step 342 / 1329
Building rho_lms for this timestep...
rho_lms built in 8.82 seconds
  Force calls this timestep: 1
Time stepping all particles completed in 18.18 seconds
Time step 343 / 1329
Building rho_lms for this timestep...
rho_lms built in 8.81 seconds
  Force calls this timestep: 1
Time stepping all particles completed in 18.23 seconds
Time step 344 / 1329
Building rho_lms for this timestep...
rho_lms built in 8.82 seconds
  Force calls this timestep: 1
Time stepping all particles completed in 18.18 seconds
Time step 345 / 1329
Building rho_lms for this timestep...
rho_lms built in 8.81 seconds
  Force calls this timestep: 1
Time stepping all particles completed in 18.23 seconds
Time step 346 / 1329
Building rho_lms for this timestep...
rho_lms built in 8.82 seconds
  Force calls this timestep: 1
Time stepping all particles completed in 18.18 seconds
Time step 347 / 1329
Building rho_lms for this timestep...
rho_lms built in 8.81 seconds
  Force calls this timestep: 1
Time stepping all particles completed in 18.23 seconds
Time step 348 / 1329
Building rho_lms for this timestep...
rho_lms built in 8.82 seconds
  Force calls this timestep: 1
Time stepping all particles completed in 18.18 seconds
Time step 349 / 1329
Building rho_lms for this timestep...
rho_lms built in 8.81 seconds
  Force calls this timestep: 1
Time stepping all particles completed in 18.23 seconds
Time step 350 / 1329
Building rho_lms for this timestep...
rho_lms built in 8.82 seconds
  Force calls this timestep: 1
Time stepping all particles completed in 18.18 seconds
Checkpoint at step 350 saved: /rds/general/user/jd925/ephemeral/Checkpoints/checkpoints_m22_10_r0_1_Lout_0.8/checkpoint_step_350.pkl
Time step 351 / 1329
Building rho_lms for this timestep...
rho_lms built in 8.81 seconds
  Force calls this timestep: 1
Time stepping all particles completed in 18.22 seconds
Time step 352 / 1329
Building rho_lms for this timestep...
rho_lms built in 8.82 seconds
  Force calls this timestep: 1
Time stepping all particles completed in 18.18 seconds
Time step 353 / 1329
Building rho_lms for this timestep...
rho_lms built in 8.81 seconds
  Force calls this timestep: 1
Time stepping all particles completed in 18.23 seconds
Time step 354 / 1329
Building rho_lms for this timestep...
rho_lms built in 8.82 seconds
  Force calls this timestep: 1
Time stepping all particles completed in 18.18 seconds
Time step 355 / 1329
Building rho_lms for this timestep...
rho_lms built in 8.81 seconds
  Force calls this timestep: 1
Time stepping all particles completed in 18.23 seconds
Time step 356 / 1329
Building rho_lms for this timestep...
rho_lms built in 8.82 seconds
  Force calls this timestep: 1
Time stepping all particles completed in 18.18 seconds
Time step 357 / 1329
Building rho_lms for this timestep...
rho_lms built in 8.81 seconds
  Force calls this timestep: 1
Time stepping all particles completed in 18.23 seconds
Time step 358 / 1329
Building rho_lms for this timestep...
rho_lms built in 8.82 seconds
  Force calls this timestep: 1
Time stepping all particles completed in 18.18 seconds
Time step 359 / 1329
Building rho_lms for this timestep...
rho_lms built in 8.81 seconds
  Force calls this timestep: 1
Time stepping all particles completed in 18.23 seconds
Time step 360 / 1329
Building rho_lms for this timestep...
rho_lms built in 8.82 seconds
  Force calls this timestep: 1
Time stepping all particles completed in 18.18 seconds
Time step 361 / 1329
Building rho_lms for this timestep...
rho_lms built in 8.81 seconds
  Force calls this timestep: 1
Time stepping all particles completed in 18.23 seconds
Time step 362 / 1329
Building rho_lms for this timestep...
rho_lms built in 8.82 seconds
  Force calls this timestep: 1
Time stepping all particles completed in 18.18 seconds
Time step 363 / 1329
Building rho_lms for this timestep...
rho_lms built in 8.81 seconds
  Force calls this timestep: 1
Time stepping all particles completed in 18.23 seconds
Time step 364 / 1329
Building rho_lms for this timestep...
rho_lms built in 8.82 seconds
  Force calls this timestep: 1
Time stepping all particles completed in 18.18 seconds
Time step 365 / 1329
Building rho_lms for this timestep...
rho_lms built in 8.81 seconds
  Force calls this timestep: 1
Time stepping all particles completed in 18.23 seconds
Time step 366 / 1329
Building rho_lms for this timestep...
rho_lms built in 8.82 seconds
  Force calls this timestep: 1
Time stepping all particles completed in 18.18 seconds
Time step 367 / 1329
Building rho_lms for this timestep...
rho_lms built in 8.81 seconds
  Force calls this timestep: 1
Time stepping all particles completed in 18.23 seconds
Time step 368 / 1329
Building rho_lms for this timestep...
rho_lms built in 8.82 seconds
  Force calls this timestep: 1
Time stepping all particles completed in 18.18 seconds
Time step 369 / 1329
Building rho_lms for this timestep...
rho_lms built in 8.81 seconds
  Force calls this timestep: 1
Time stepping all particles completed in 18.23 seconds
Time step 370 / 1329
Building rho_lms for this timestep...
rho_lms built in 8.82 seconds
  Force calls this timestep: 1
Time stepping all particles completed in 18.18 seconds
Time step 371 / 1329
Building rho_lms for this timestep...
rho_lms built in 8.81 seconds
  Force calls this timestep: 1
Time stepping all particles completed in 18.23 seconds
Time step 372 / 1329
Building rho_lms for this timestep...
rho_lms built in 8.82 seconds
  Force calls this timestep: 1
Time stepping all particles completed in 18.18 seconds
Time step 373 / 1329
Building rho_lms for this timestep...
rho_lms built in 8.81 seconds
  Force calls this timestep: 1
Time stepping all particles completed in 18.23 seconds
Time step 374 / 1329
Building rho_lms for this timestep...
rho_lms built in 8.82 seconds
  Force calls this timestep: 1
Time stepping all particles completed in 18.18 seconds
Time step 375 / 1329
Building rho_lms for this timestep...
rho_lms built in 8.81 seconds
  Force calls this timestep: 1
Time stepping all particles completed in 18.23 seconds
Time step 376 / 1329
Building rho_lms for this timestep...
rho_lms built in 8.82 seconds
  Force calls this timestep: 1
Time stepping all particles completed in 18.18 seconds
Time step 377 / 1329
Building rho_lms for this timestep...
rho_lms built in 8.81 seconds
  Force calls this timestep: 1
Time stepping all particles completed in 18.23 seconds
Time step 378 / 1329
Building rho_lms for this timestep...
rho_lms built in 8.82 seconds
  Force calls this timestep: 1
Time stepping all particles completed in 18.18 seconds
Time step 379 / 1329
Building rho_lms for this timestep...
rho_lms built in 8.81 seconds
  Force calls this timestep: 1
Time stepping all particles completed in 18.23 seconds
Time step 380 / 1329
Building rho_lms for this timestep...
rho_lms built in 8.82 seconds
  Force calls this timestep: 1
Time stepping all particles completed in 18.18 seconds
Time step 381 / 1329
Building rho_lms for this timestep...
rho_lms built in 8.81 seconds
  Force calls this timestep: 1
Time stepping all particles completed in 18.23 seconds
Time step 382 / 1329
Building rho_lms for this timestep...
rho_lms built in 8.82 seconds
  Force calls this timestep: 1
Time stepping all particles completed in 18.18 seconds
Time step 383 / 1329
Building rho_lms for this timestep...
rho_lms built in 8.81 seconds
  Force calls this timestep: 1
Time stepping all particles completed in 18.23 seconds
Time step 384 / 1329
Building rho_lms for this timestep...
rho_lms built in 8.82 seconds
  Force calls this timestep: 1
Time stepping all particles completed in 18.18 seconds
Time step 385 / 1329
Building rho_lms for this timestep...
rho_lms built in 8.81 seconds
  Force calls this timestep: 1
Time stepping all particles completed in 18.23 seconds
Time step 386 / 1329
Building rho_lms for this timestep...
rho_lms built in 8.82 seconds
  Force calls this timestep: 1
Time stepping all particles completed in 18.18 seconds
Time step 387 / 1329
Building rho_lms for this timestep...
rho_lms built in 8.81 seconds
  Force calls this timestep: 1
Time stepping all particles completed in 18.23 seconds
Time step 388 / 1329
Building rho_lms for this timestep...
rho_lms built in 8.82 seconds
  Force calls this timestep: 1
Time stepping all particles completed in 18.18 seconds
Time step 389 / 1329
Building rho_lms for this timestep...
rho_lms built in 8.81 seconds
  Force calls this timestep: 1
Time stepping all particles completed in 18.23 seconds
Time step 390 / 1329
Building rho_lms for this timestep...
rho_lms built in 8.82 seconds
  Force calls this timestep: 1
Time stepping all particles completed in 18.18 seconds
Time step 391 / 1329
Building rho_lms for this timestep...
rho_lms built in 8.81 seconds
  Force calls this timestep: 1
Time stepping all particles completed in 18.23 seconds
Time step 392 / 1329
Building rho_lms for this timestep...
rho_lms built in 8.82 seconds
  Force calls this timestep: 1
Time stepping all particles completed in 18.18 seconds
Time step 393 / 1329
Building rho_lms for this timestep...
rho_lms built in 8.81 seconds
  Force calls this timestep: 1
Time stepping all particles completed in 18.23 seconds
Time step 394 / 1329
Building rho_lms for this timestep...
rho_lms built in 8.82 seconds
  Force calls this timestep: 1
Time stepping all particles completed in 18.18 seconds
Time step 395 / 1329
Building rho_lms for this timestep...
rho_lms built in 8.81 seconds
  Force calls this timestep: 1
Time stepping all particles completed in 18.23 seconds
Time step 396 / 1329
Building rho_lms for this timestep...
rho_lms built in 8.82 seconds
  Force calls this timestep: 1
Time stepping all particles completed in 18.18 seconds
Time step 397 / 1329
Building rho_lms for this timestep...
rho_lms built in 8.81 seconds
  Force calls this timestep: 1
Time stepping all particles completed in 18.23 seconds
Time step 398 / 1329
Building rho_lms for this timestep...
rho_lms built in 8.82 seconds
  Force calls this timestep: 1
Time stepping all particles completed in 18.18 seconds
Time step 399 / 1329
Building rho_lms for this timestep...
rho_lms built in 8.81 seconds
  Force calls this timestep: 1
Time stepping all particles completed in 18.23 seconds
Time step 400 / 1329
Building rho_lms for this timestep...
rho_lms built in 8.82 seconds
  Force calls this timestep: 1
Time stepping all particles completed in 18.18 seconds
Checkpoint at step 400 saved: /rds/general/user/jd925/ephemeral/Checkpoints/checkpoints_m22_10_r0_1_Lout_0.8/checkpoint_step_400.pkl
Time step 401 / 1329
Building rho_lms for this timestep...
rho_lms built in 8.81 seconds
  Force calls this timestep: 1
Time stepping all particles completed in 18.23 seconds
Time step 402 / 1329
Building rho_lms for this timestep...
rho_lms built in 8.82 seconds
  Force calls this timestep: 1
Time stepping all particles completed in 18.18 seconds
Time step 403 / 1329
Building rho_lms for this timestep...
rho_lms built in 8.81 seconds
  Force calls this timestep: 1
Time stepping all particles completed in 18.23 seconds
Time step 404 / 1329
Building rho_lms for this timestep...
rho_lms built in 8.81 seconds
  Force calls this timestep: 1
Time stepping all particles completed in 18.18 seconds
Time step 405 / 1329
Building rho_lms for this timestep...
rho_lms built in 8.81 seconds
  Force calls this timestep: 1
Time stepping all particles completed in 18.23 seconds
Time step 406 / 1329
Building rho_lms for this timestep...
rho_lms built in 8.81 seconds
  Force calls this timestep: 1
Time stepping all particles completed in 18.18 seconds
Time step 407 / 1329
Building rho_lms for this timestep...
rho_lms built in 8.81 seconds
  Force calls this timestep: 1
Time stepping all particles completed in 18.23 seconds
Time step 408 / 1329
Building rho_lms for this timestep...
rho_lms built in 8.81 seconds
  Force calls this timestep: 1
Time stepping all particles completed in 18.18 seconds
Time step 409 / 1329
Building rho_lms for this timestep...
rho_lms built in 8.81 seconds
  Force calls this timestep: 1
Time stepping all particles completed in 18.22 seconds
Time step 410 / 1329
Building rho_lms for this timestep...
rho_lms built in 8.81 seconds
  Force calls this timestep: 1
Time stepping all particles completed in 18.18 seconds
Time step 411 / 1329
Building rho_lms for this timestep...
rho_lms built in 8.81 seconds
  Force calls this timestep: 1
Time stepping all particles completed in 18.22 seconds
Time step 412 / 1329
Building rho_lms for this timestep...
rho_lms built in 8.81 seconds
  Force calls this timestep: 1
Time stepping all particles completed in 18.18 seconds
Time step 413 / 1329
Building rho_lms for this timestep...
rho_lms built in 8.81 seconds
  Force calls this timestep: 1
Time stepping all particles completed in 18.23 seconds
Time step 414 / 1329
Building rho_lms for this timestep...
rho_lms built in 8.81 seconds
  Force calls this timestep: 1
Time stepping all particles completed in 18.18 seconds
Time step 415 / 1329
Building rho_lms for this timestep...
rho_lms built in 8.81 seconds
  Force calls this timestep: 1
Time stepping all particles completed in 18.23 seconds
Time step 416 / 1329
Building rho_lms for this timestep...
rho_lms built in 8.81 seconds
  Force calls this timestep: 1
Time stepping all particles completed in 18.18 seconds
Time step 417 / 1329
Building rho_lms for this timestep...
rho_lms built in 8.81 seconds
  Force calls this timestep: 1
Time stepping all particles completed in 18.22 seconds
Time step 418 / 1329
Building rho_lms for this timestep...
rho_lms built in 8.81 seconds
  Force calls this timestep: 1
Time stepping all particles completed in 18.18 seconds
Time step 419 / 1329
Building rho_lms for this timestep...
rho_lms built in 8.81 seconds
  Force calls this timestep: 1
Time stepping all particles completed in 18.22 seconds
Time step 420 / 1329
Building rho_lms for this timestep...
rho_lms built in 8.81 seconds
  Force calls this timestep: 1
Time stepping all particles completed in 18.18 seconds
Time step 421 / 1329
Building rho_lms for this timestep...
rho_lms built in 8.81 seconds
  Force calls this timestep: 1
Time stepping all particles completed in 18.22 seconds
Time step 422 / 1329
Building rho_lms for this timestep...
rho_lms built in 8.81 seconds
  Force calls this timestep: 1
Time stepping all particles completed in 18.18 seconds
Time step 423 / 1329
Building rho_lms for this timestep...
rho_lms built in 8.81 seconds
  Force calls this timestep: 1
Time stepping all particles completed in 18.22 seconds
Time step 424 / 1329
Building rho_lms for this timestep...
rho_lms built in 8.81 seconds
  Force calls this timestep: 1
Time stepping all particles completed in 18.18 seconds
Time step 425 / 1329
Building rho_lms for this timestep...
rho_lms built in 8.81 seconds
  Force calls this timestep: 1
Time stepping all particles completed in 18.22 seconds
Time step 426 / 1329
Building rho_lms for this timestep...
rho_lms built in 8.81 seconds
  Force calls this timestep: 1
Time stepping all particles completed in 18.18 seconds
Time step 427 / 1329
Building rho_lms for this timestep...
rho_lms built in 8.81 seconds
  Force calls this timestep: 1
Time stepping all particles completed in 18.22 seconds
Time step 428 / 1329
Building rho_lms for this timestep...
rho_lms built in 8.81 seconds
  Force calls this timestep: 1
Time stepping all particles completed in 18.18 seconds
Time step 429 / 1329
Building rho_lms for this timestep...
rho_lms built in 8.81 seconds
  Force calls this timestep: 1
Time stepping all particles completed in 18.22 seconds
Time step 430 / 1329
Building rho_lms for this timestep...
rho_lms built in 8.81 seconds
  Force calls this timestep: 1
Time stepping all particles completed in 18.18 seconds
Time step 431 / 1329
Building rho_lms for this timestep...
rho_lms built in 8.81 seconds
  Force calls this timestep: 1
Time stepping all particles completed in 18.22 seconds
Time step 432 / 1329
Building rho_lms for this timestep...
rho_lms built in 8.81 seconds
  Force calls this timestep: 1
Time stepping all particles completed in 18.18 seconds
Time step 433 / 1329
Building rho_lms for this timestep...
rho_lms built in 8.81 seconds
  Force calls this timestep: 1
Time stepping all particles completed in 18.22 seconds
Time step 434 / 1329
Building rho_lms for this timestep...
rho_lms built in 8.81 seconds
  Force calls this timestep: 1
Time stepping all particles completed in 18.18 seconds
Time step 435 / 1329
Building rho_lms for this timestep...
rho_lms built in 8.81 seconds
  Force calls this timestep: 1
Time stepping all particles completed in 18.22 seconds
Time step 436 / 1329
Building rho_lms for this timestep...
rho_lms built in 8.81 seconds
  Force calls this timestep: 1
Time stepping all particles completed in 18.18 seconds
Time step 437 / 1329
Building rho_lms for this timestep...
rho_lms built in 8.81 seconds
  Force calls this timestep: 1
Time stepping all particles completed in 18.22 seconds
Time step 438 / 1329
Building rho_lms for this timestep...
rho_lms built in 8.81 seconds
  Force calls this timestep: 1
Time stepping all particles completed in 18.18 seconds
Time step 439 / 1329
Building rho_lms for this timestep...
rho_lms built in 8.81 seconds
  Force calls this timestep: 1
Time stepping all particles completed in 18.22 seconds
Time step 440 / 1329
Building rho_lms for this timestep...
rho_lms built in 8.81 seconds
  Force calls this timestep: 1
Time stepping all particles completed in 18.18 seconds
Time step 441 / 1329
Building rho_lms for this timestep...
rho_lms built in 8.81 seconds
  Force calls this timestep: 1
Time stepping all particles completed in 18.22 seconds
Time step 442 / 1329
Building rho_lms for this timestep...
rho_lms built in 8.81 seconds
  Force calls this timestep: 1
Time stepping all particles completed in 18.18 seconds
Time step 443 / 1329
Building rho_lms for this timestep...
rho_lms built in 8.81 seconds
  Force calls this timestep: 1
Time stepping all particles completed in 18.22 seconds
Time step 444 / 1329
Building rho_lms for this timestep...
rho_lms built in 8.81 seconds
  Force calls this timestep: 1
Time stepping all particles completed in 18.18 seconds
Time step 445 / 1329
Building rho_lms for this timestep...
rho_lms built in 8.81 seconds
  Force calls this timestep: 1
Time stepping all particles completed in 18.22 seconds
Time step 446 / 1329
Building rho_lms for this timestep...
rho_lms built in 8.81 seconds
  Force calls this timestep: 1
Time stepping all particles completed in 18.18 seconds
Time step 447 / 1329
Building rho_lms for this timestep...
rho_lms built in 8.81 seconds
  Force calls this timestep: 1
Time stepping all particles completed in 18.22 seconds
Time step 448 / 1329
Building rho_lms for this timestep...
rho_lms built in 8.81 seconds
  Force calls this timestep: 1
Time stepping all particles completed in 18.18 seconds
Time step 449 / 1329
Building rho_lms for this timestep...
rho_lms built in 8.81 seconds
  Force calls this timestep: 1
Time stepping all particles completed in 18.22 seconds
Time step 450 / 1329
Building rho_lms for this timestep...
rho_lms built in 8.81 seconds
  Force calls this timestep: 1
Time stepping all particles completed in 18.18 seconds
Checkpoint at step 450 saved: /rds/general/user/jd925/ephemeral/Checkpoints/checkpoints_m22_10_r0_1_Lout_0.8/checkpoint_step_450.pkl
Time step 451 / 1329
Building rho_lms for this timestep...
rho_lms built in 8.81 seconds
  Force calls this timestep: 1
Time stepping all particles completed in 18.22 seconds
Time step 452 / 1329
Building rho_lms for this timestep...
rho_lms built in 8.81 seconds
  Force calls this timestep: 1
Time stepping all particles completed in 18.18 seconds
Time step 453 / 1329
Building rho_lms for this timestep...
rho_lms built in 8.81 seconds
  Force calls this timestep: 1
Time stepping all particles completed in 18.22 seconds
Time step 454 / 1329
Building rho_lms for this timestep...
rho_lms built in 8.81 seconds
  Force calls this timestep: 1
Time stepping all particles completed in 18.18 seconds
Time step 455 / 1329
Building rho_lms for this timestep...
rho_lms built in 8.81 seconds
  Force calls this timestep: 1
Time stepping all particles completed in 18.22 seconds
Time step 456 / 1329
Building rho_lms for this timestep...
rho_lms built in 8.81 seconds
  Force calls this timestep: 1
Time stepping all particles completed in 18.18 seconds
Time step 457 / 1329
Building rho_lms for this timestep...
rho_lms built in 8.81 seconds
  Force calls this timestep: 1
Time stepping all particles completed in 18.22 seconds
Time step 458 / 1329
Building rho_lms for this timestep...
rho_lms built in 8.81 seconds
  Force calls this timestep: 1
Time stepping all particles completed in 18.18 seconds
Time step 459 / 1329
Building rho_lms for this timestep...
rho_lms built in 8.81 seconds
  Force calls this timestep: 1
Time stepping all particles completed in 18.22 seconds
Time step 460 / 1329
Building rho_lms for this timestep...
rho_lms built in 8.81 seconds
  Force calls this timestep: 1
Time stepping all particles completed in 18.18 seconds
Time step 461 / 1329
Building rho_lms for this timestep...
rho_lms built in 8.81 seconds
  Force calls this timestep: 1
Time stepping all particles completed in 18.22 seconds
Time step 462 / 1329
Building rho_lms for this timestep...
rho_lms built in 8.81 seconds
  Force calls this timestep: 1
Time stepping all particles completed in 18.18 seconds
Time step 463 / 1329
Building rho_lms for this timestep...
rho_lms built in 8.81 seconds
  Force calls this timestep: 1
Time stepping all particles completed in 18.22 seconds
Time step 464 / 1329
Building rho_lms for this timestep...
rho_lms built in 8.81 seconds
  Force calls this timestep: 1
Time stepping all particles completed in 18.18 seconds
Time step 465 / 1329
Building rho_lms for this timestep...
rho_lms built in 8.81 seconds
  Force calls this timestep: 1
Time stepping all particles completed in 18.22 seconds
Time step 466 / 1329
Building rho_lms for this timestep...
rho_lms built in 8.81 seconds
  Force calls this timestep: 1
Time stepping all particles completed in 18.18 seconds
Time step 467 / 1329
Building rho_lms for this timestep...
rho_lms built in 8.81 seconds
  Force calls this timestep: 1
Time stepping all particles completed in 18.22 seconds
Time step 468 / 1329
Building rho_lms for this timestep...
rho_lms built in 8.81 seconds
  Force calls this timestep: 1
Time stepping all particles completed in 18.18 seconds
Time step 469 / 1329
Building rho_lms for this timestep...
rho_lms built in 8.81 seconds
  Force calls this timestep: 1
Time stepping all particles completed in 18.22 seconds
Time step 470 / 1329
Building rho_lms for this timestep...
rho_lms built in 8.81 seconds
  Force calls this timestep: 1
Time stepping all particles completed in 18.18 seconds
Time step 471 / 1329
Building rho_lms for this timestep...
rho_lms built in 8.81 seconds
  Force calls this timestep: 1
Time stepping all particles completed in 18.22 seconds
Time step 472 / 1329
Building rho_lms for this timestep...
rho_lms built in 8.81 seconds
  Force calls this timestep: 1
Time stepping all particles completed in 18.18 seconds
Time step 473 / 1329
Building rho_lms for this timestep...
rho_lms built in 8.81 seconds
  Force calls this timestep: 1
Time stepping all particles completed in 18.22 seconds
Time step 474 / 1329
Building rho_lms for this timestep...
rho_lms built in 8.81 seconds
  Force calls this timestep: 1
Time stepping all particles completed in 18.18 seconds
Time step 475 / 1329
Building rho_lms for this timestep...
rho_lms built in 8.81 seconds
  Force calls this timestep: 1
Time stepping all particles completed in 18.22 seconds
Time step 476 / 1329
Building rho_lms for this timestep...
rho_lms built in 8.81 seconds
  Force calls this timestep: 1
Time stepping all particles completed in 18.18 seconds
Time step 477 / 1329
Building rho_lms for this timestep...
rho_lms built in 8.81 seconds
  Force calls this timestep: 1
Time stepping all particles completed in 18.22 seconds
Time step 478 / 1329
Building rho_lms for this timestep...
rho_lms built in 8.81 seconds
  Force calls this timestep: 1
Time stepping all particles completed in 18.18 seconds
Time step 479 / 1329
Building rho_lms for this timestep...
rho_lms built in 8.81 seconds
  Force calls this timestep: 1
Time stepping all particles completed in 18.22 seconds
Time step 480 / 1329
Building rho_lms for this timestep...
rho_lms built in 8.81 seconds
  Force calls this timestep: 1
Time stepping all particles completed in 18.18 seconds
Time step 481 / 1329
Building rho_lms for this timestep...
rho_lms built in 8.81 seconds
  Force calls this timestep: 1
Time stepping all particles completed in 18.22 seconds
Time step 482 / 1329
Building rho_lms for this timestep...
rho_lms built in 8.81 seconds
  Force calls this timestep: 1
Time stepping all particles completed in 18.18 seconds
Time step 483 / 1329
Building rho_lms for this timestep...
rho_lms built in 8.81 seconds
  Force calls this timestep: 1
Time stepping all particles completed in 18.22 seconds
Time step 484 / 1329
Building rho_lms for this timestep...
rho_lms built in 8.81 seconds
  Force calls this timestep: 1
Time stepping all particles completed in 18.18 seconds
Time step 485 / 1329
Building rho_lms for this timestep...
rho_lms built in 8.81 seconds
  Force calls this timestep: 1
Time stepping all particles completed in 18.22 seconds
Time step 486 / 1329
Building rho_lms for this timestep...
rho_lms built in 8.81 seconds
  Force calls this timestep: 1
Time stepping all particles completed in 18.18 seconds
Time step 487 / 1329
Building rho_lms for this timestep...
rho_lms built in 8.81 seconds
  Force calls this timestep: 1
Time stepping all particles completed in 18.22 seconds
Time step 488 / 1329
Building rho_lms for this timestep...
rho_lms built in 8.81 seconds
  Force calls this timestep: 1
Time stepping all particles completed in 18.18 seconds
Time step 489 / 1329
Building rho_lms for this timestep...
rho_lms built in 8.81 seconds
  Force calls this timestep: 1
Time stepping all particles completed in 18.22 seconds
Time step 490 / 1329
Building rho_lms for this timestep...
rho_lms built in 8.81 seconds
  Force calls this timestep: 1
Time stepping all particles completed in 18.18 seconds
Time step 491 / 1329
Building rho_lms for this timestep...
rho_lms built in 8.81 seconds
  Force calls this timestep: 1
Time stepping all particles completed in 18.22 seconds
Time step 492 / 1329
Building rho_lms for this timestep...
rho_lms built in 8.81 seconds
  Force calls this timestep: 1
Time stepping all particles completed in 18.18 seconds
Time step 493 / 1329
Building rho_lms for this timestep...
rho_lms built in 8.81 seconds
  Force calls this timestep: 1
Time stepping all particles completed in 18.22 seconds
Time step 494 / 1329
Building rho_lms for this timestep...
rho_lms built in 8.81 seconds
  Force calls this timestep: 1
Time stepping all particles completed in 18.18 seconds
Time step 495 / 1329
Building rho_lms for this timestep...
rho_lms built in 8.81 seconds
  Force calls this timestep: 1
Time stepping all particles completed in 18.22 seconds
Time step 496 / 1329
Building rho_lms for this timestep...
rho_lms built in 8.81 seconds
  Force calls this timestep: 1
Time stepping all particles completed in 18.18 seconds
Time step 497 / 1329
Building rho_lms for this timestep...
rho_lms built in 8.81 seconds
  Force calls this timestep: 1
Time stepping all particles completed in 18.22 seconds
Time step 498 / 1329
Building rho_lms for this timestep...
rho_lms built in 8.81 seconds
  Force calls this timestep: 1
Time stepping all particles completed in 18.18 seconds
Time step 499 / 1329
Building rho_lms for this timestep...
rho_lms built in 8.81 seconds
  Force calls this timestep: 1
Time stepping all particles completed in 18.22 seconds
Time step 500 / 1329
Building rho_lms for this timestep...
rho_lms built in 8.81 seconds
  Force calls this timestep: 1
Time stepping all particles completed in 18.18 seconds
Checkpoint at step 500 saved: /rds/general/user/jd925/ephemeral/Checkpoints/checkpoints_m22_10_r0_1_Lout_0.8/checkpoint_step_500.pkl
Time step 501 / 1329
Building rho_lms for this timestep...
rho_lms built in 8.81 seconds
  Force calls this timestep: 1
Time stepping all particles completed in 18.22 seconds
Time step 502 / 1329
Building rho_lms for this timestep...
rho_lms built in 8.81 seconds
  Force calls this timestep: 1
Time stepping all particles completed in 18.18 seconds
Time step 503 / 1329
Building rho_lms for this timestep...
rho_lms built in 8.81 seconds
  Force calls this timestep: 1
Time stepping all particles completed in 18.22 seconds
Time step 504 / 1329
Building rho_lms for this timestep...
rho_lms built in 8.81 seconds
  Force calls this timestep: 1
Time stepping all particles completed in 18.18 seconds
Time step 505 / 1329
Building rho_lms for this timestep...
rho_lms built in 8.81 seconds
  Force calls this timestep: 1
Time stepping all particles completed in 18.22 seconds
Time step 506 / 1329
Building rho_lms for this timestep...
rho_lms built in 8.81 seconds
  Force calls this timestep: 1
Time stepping all particles completed in 18.18 seconds
Time step 507 / 1329
Building rho_lms for this timestep...
rho_lms built in 8.81 seconds
  Force calls this timestep: 1
Time stepping all particles completed in 18.22 seconds
Time step 508 / 1329
Building rho_lms for this timestep...
rho_lms built in 8.81 seconds
  Force calls this timestep: 1
Time stepping all particles completed in 18.18 seconds
Time step 509 / 1329
Building rho_lms for this timestep...
rho_lms built in 8.81 seconds
  Force calls this timestep: 1
Time stepping all particles completed in 18.22 seconds
Time step 510 / 1329
Building rho_lms for this timestep...
rho_lms built in 8.81 seconds
  Force calls this timestep: 1
Time stepping all particles completed in 18.18 seconds
Time step 511 / 1329
Building rho_lms for this timestep...
rho_lms built in 8.81 seconds
  Force calls this timestep: 1
Time stepping all particles completed in 18.22 seconds
Time step 512 / 1329
Building rho_lms for this timestep...
rho_lms built in 8.81 seconds
  Force calls this timestep: 1
Time stepping all particles completed in 18.18 seconds
Time step 513 / 1329
Building rho_lms for this timestep...
rho_lms built in 8.81 seconds
  Force calls this timestep: 1
Time stepping all particles completed in 18.22 seconds
Time step 514 / 1329
Building rho_lms for this timestep...
rho_lms built in 8.81 seconds
  Force calls this timestep: 1
Time stepping all particles completed in 18.18 seconds
Time step 515 / 1329
Building rho_lms for this timestep...
rho_lms built in 8.81 seconds
  Force calls this timestep: 1
Time stepping all particles completed in 18.22 seconds
Time step 516 / 1329
Building rho_lms for this timestep...
rho_lms built in 8.81 seconds
  Force calls this timestep: 1
Time stepping all particles completed in 18.18 seconds
Time step 517 / 1329
Building rho_lms for this timestep...
rho_lms built in 8.81 seconds
  Force calls this timestep: 1
Time stepping all particles completed in 18.23 seconds
Time step 518 / 1329
Building rho_lms for this timestep...
rho_lms built in 8.81 seconds
  Force calls this timestep: 1
Time stepping all particles completed in 18.18 seconds
Time step 519 / 1329
Building rho_lms for this timestep...
rho_lms built in 8.81 seconds
  Force calls this timestep: 1
Time stepping all particles completed in 18.22 seconds
Time step 520 / 1329
Building rho_lms for this timestep...
rho_lms built in 8.81 seconds
  Force calls this timestep: 1
Time stepping all particles completed in 18.18 seconds
Time step 521 / 1329
Building rho_lms for this timestep...
rho_lms built in 8.81 seconds
  Force calls this timestep: 1
Time stepping all particles completed in 18.23 seconds
Time step 522 / 1329
Building rho_lms for this timestep...
rho_lms built in 8.81 seconds
  Force calls this timestep: 1
Time stepping all particles completed in 18.18 seconds
Time step 523 / 1329
Building rho_lms for this timestep...
rho_lms built in 8.81 seconds
  Force calls this timestep: 1
Time stepping all particles completed in 18.23 seconds
Time step 524 / 1329
Building rho_lms for this timestep...
rho_lms built in 8.81 seconds
  Force calls this timestep: 1
Time stepping all particles completed in 18.18 seconds
Time step 525 / 1329
Building rho_lms for this timestep...
rho_lms built in 8.81 seconds
  Force calls this timestep: 1
Time stepping all particles completed in 18.22 seconds
Time step 526 / 1329
Building rho_lms for this timestep...
rho_lms built in 8.81 seconds
  Force calls this timestep: 1
Time stepping all particles completed in 18.18 seconds
Time step 527 / 1329
Building rho_lms for this timestep...
rho_lms built in 8.81 seconds
  Force calls this timestep: 1
Time stepping all particles completed in 18.22 seconds
Time step 528 / 1329
Building rho_lms for this timestep...
rho_lms built in 8.81 seconds
  Force calls this timestep: 1
Time stepping all particles completed in 18.18 seconds
Time step 529 / 1329
Building rho_lms for this timestep...
rho_lms built in 8.81 seconds
  Force calls this timestep: 1
Time stepping all particles completed in 18.23 seconds
Time step 530 / 1329
Building rho_lms for this timestep...
rho_lms built in 8.81 seconds
  Force calls this timestep: 1
Time stepping all particles completed in 18.18 seconds
Time step 531 / 1329
Building rho_lms for this timestep...
rho_lms built in 8.81 seconds
  Force calls this timestep: 1
Time stepping all particles completed in 18.23 seconds
Time step 532 / 1329
Building rho_lms for this timestep...
rho_lms built in 8.81 seconds
  Force calls this timestep: 1
Time stepping all particles completed in 18.18 seconds
Time step 533 / 1329
Building rho_lms for this timestep...
rho_lms built in 8.81 seconds
  Force calls this timestep: 1
Time stepping all particles completed in 18.22 seconds
Time step 534 / 1329
Building rho_lms for this timestep...
rho_lms built in 8.81 seconds
  Force calls this timestep: 1
Time stepping all particles completed in 18.18 seconds
Time step 535 / 1329
Building rho_lms for this timestep...
rho_lms built in 8.81 seconds
  Force calls this timestep: 1
Time stepping all particles completed in 18.23 seconds
Time step 536 / 1329
Building rho_lms for this timestep...
rho_lms built in 8.81 seconds
  Force calls this timestep: 1
Time stepping all particles completed in 18.18 seconds
Time step 537 / 1329
Building rho_lms for this timestep...
rho_lms built in 8.81 seconds
  Force calls this timestep: 1
Time stepping all particles completed in 18.23 seconds
Time step 538 / 1329
Building rho_lms for this timestep...
rho_lms built in 8.81 seconds
  Force calls this timestep: 1
Time stepping all particles completed in 18.18 seconds
Time step 539 / 1329
Building rho_lms for this timestep...
rho_lms built in 8.81 seconds
  Force calls this timestep: 1
Time stepping all particles completed in 18.23 seconds
Time step 540 / 1329
Building rho_lms for this timestep...
rho_lms built in 8.81 seconds
  Force calls this timestep: 1
Time stepping all particles completed in 18.18 seconds
Time step 541 / 1329
Building rho_lms for this timestep...
rho_lms built in 8.81 seconds
  Force calls this timestep: 1
Time stepping all particles completed in 18.22 seconds
Time step 542 / 1329
Building rho_lms for this timestep...
rho_lms built in 8.81 seconds
  Force calls this timestep: 1
Time stepping all particles completed in 18.18 seconds
Time step 543 / 1329
Building rho_lms for this timestep...
rho_lms built in 8.81 seconds
  Force calls this timestep: 1
Time stepping all particles completed in 18.22 seconds
Time step 544 / 1329
Building rho_lms for this timestep...
rho_lms built in 8.81 seconds
  Force calls this timestep: 1
Time stepping all particles completed in 18.18 seconds
Time step 545 / 1329
Building rho_lms for this timestep...
rho_lms built in 8.81 seconds
  Force calls this timestep: 1
Time stepping all particles completed in 18.23 seconds
Time step 546 / 1329
Building rho_lms for this timestep...
rho_lms built in 8.81 seconds
  Force calls this timestep: 1
Time stepping all particles completed in 18.18 seconds
Time step 547 / 1329
Building rho_lms for this timestep...
rho_lms built in 8.81 seconds
  Force calls this timestep: 1
Time stepping all particles completed in 18.22 seconds
Time step 548 / 1329
Building rho_lms for this timestep...
rho_lms built in 8.81 seconds
  Force calls this timestep: 1
Time stepping all particles completed in 18.18 seconds
Time step 549 / 1329
Building rho_lms for this timestep...
rho_lms built in 8.81 seconds
  Force calls this timestep: 1
Time stepping all particles completed in 18.23 seconds
Time step 550 / 1329
Building rho_lms for this timestep...
rho_lms built in 8.81 seconds
  Force calls this timestep: 1
Time stepping all particles completed in 18.18 seconds
Checkpoint at step 550 saved: /rds/general/user/jd925/ephemeral/Checkpoints/checkpoints_m22_10_r0_1_Lout_0.8/checkpoint_step_550.pkl
Time step 551 / 1329
Building rho_lms for this timestep...
rho_lms built in 8.81 seconds
  Force calls this timestep: 1
Time stepping all particles completed in 18.23 seconds
Time step 552 / 1329
Building rho_lms for this timestep...
rho_lms built in 8.81 seconds
  Force calls this timestep: 1
Time stepping all particles completed in 18.18 seconds
Time step 553 / 1329
Building rho_lms for this timestep...
rho_lms built in 8.81 seconds
  Force calls this timestep: 1
Time stepping all particles completed in 18.23 seconds
Time step 554 / 1329
Building rho_lms for this timestep...
rho_lms built in 8.81 seconds
  Force calls this timestep: 1
Time stepping all particles completed in 18.18 seconds
Time step 555 / 1329
Building rho_lms for this timestep...
rho_lms built in 8.81 seconds
  Force calls this timestep: 1
Time stepping all particles completed in 18.22 seconds
Time step 556 / 1329
Building rho_lms for this timestep...
rho_lms built in 8.81 seconds
  Force calls this timestep: 1
Time stepping all particles completed in 18.18 seconds
Time step 557 / 1329
Building rho_lms for this timestep...
rho_lms built in 8.81 seconds
  Force calls this timestep: 1
Time stepping all particles completed in 18.23 seconds
Time step 558 / 1329
Building rho_lms for this timestep...
rho_lms built in 8.81 seconds
  Force calls this timestep: 1
Time stepping all particles completed in 18.18 seconds
Time step 559 / 1329
Building rho_lms for this timestep...
rho_lms built in 8.81 seconds
  Force calls this timestep: 1
Time stepping all particles completed in 18.22 seconds
Time step 560 / 1329
Building rho_lms for this timestep...
rho_lms built in 8.81 seconds
  Force calls this timestep: 1
Time stepping all particles completed in 18.18 seconds
Time step 561 / 1329
Building rho_lms for this timestep...
rho_lms built in 8.81 seconds
  Force calls this timestep: 1
Time stepping all particles completed in 18.23 seconds
Time step 562 / 1329
Building rho_lms for this timestep...
rho_lms built in 8.81 seconds
  Force calls this timestep: 1
Time stepping all particles completed in 18.18 seconds
Time step 563 / 1329
Building rho_lms for this timestep...
rho_lms built in 8.81 seconds
  Force calls this timestep: 1
Time stepping all particles completed in 18.23 seconds
Time step 564 / 1329
Building rho_lms for this timestep...
rho_lms built in 8.81 seconds
  Force calls this timestep: 1
Time stepping all particles completed in 18.18 seconds
Time step 565 / 1329
Building rho_lms for this timestep...
rho_lms built in 8.81 seconds
  Force calls this timestep: 1
Time stepping all particles completed in 18.23 seconds
Time step 566 / 1329
Building rho_lms for this timestep...
rho_lms built in 8.81 seconds
  Force calls this timestep: 1
Time stepping all particles completed in 18.18 seconds
Time step 567 / 1329
Building rho_lms for this timestep...
rho_lms built in 8.81 seconds
  Force calls this timestep: 1
Time stepping all particles completed in 18.23 seconds
Time step 568 / 1329
Building rho_lms for this timestep...
rho_lms built in 8.81 seconds
  Force calls this timestep: 1
Time stepping all particles completed in 18.18 seconds
Time step 569 / 1329
Building rho_lms for this timestep...
rho_lms built in 8.81 seconds
  Force calls this timestep: 1
Time stepping all particles completed in 18.23 seconds
Time step 570 / 1329
Building rho_lms for this timestep...
rho_lms built in 8.81 seconds
  Force calls this timestep: 1
Time stepping all particles completed in 18.18 seconds
Time step 571 / 1329
Building rho_lms for this timestep...
rho_lms built in 8.81 seconds
  Force calls this timestep: 1
Time stepping all particles completed in 18.23 seconds
Time step 572 / 1329
Building rho_lms for this timestep...
rho_lms built in 8.81 seconds
  Force calls this timestep: 1
Time stepping all particles completed in 18.18 seconds
Time step 573 / 1329
Building rho_lms for this timestep...
rho_lms built in 8.81 seconds
  Force calls this timestep: 1
Time stepping all particles completed in 18.23 seconds
Time step 574 / 1329
Building rho_lms for this timestep...
rho_lms built in 8.81 seconds
  Force calls this timestep: 1
Time stepping all particles completed in 18.18 seconds
Time step 575 / 1329
Building rho_lms for this timestep...
rho_lms built in 8.81 seconds
  Force calls this timestep: 1
Time stepping all particles completed in 18.22 seconds
Time step 576 / 1329
Building rho_lms for this timestep...
rho_lms built in 8.81 seconds
  Force calls this timestep: 1
Time stepping all particles completed in 18.18 seconds
Time step 577 / 1329
Building rho_lms for this timestep...
rho_lms built in 8.81 seconds
  Force calls this timestep: 1
Time stepping all particles completed in 18.22 seconds
Time step 578 / 1329
Building rho_lms for this timestep...
rho_lms built in 8.81 seconds
  Force calls this timestep: 1
Time stepping all particles completed in 18.18 seconds
Time step 579 / 1329
Building rho_lms for this timestep...
rho_lms built in 8.81 seconds
  Force calls this timestep: 1
Time stepping all particles completed in 18.23 seconds
Time step 580 / 1329
Building rho_lms for this timestep...
rho_lms built in 8.81 seconds
  Force calls this timestep: 1
Time stepping all particles completed in 18.18 seconds
Time step 581 / 1329
Building rho_lms for this timestep...
rho_lms built in 8.81 seconds
  Force calls this timestep: 1
Time stepping all particles completed in 18.22 seconds
Time step 582 / 1329
Building rho_lms for this timestep...
rho_lms built in 8.81 seconds
  Force calls this timestep: 1
Time stepping all particles completed in 18.18 seconds
Time step 583 / 1329
Building rho_lms for this timestep...
rho_lms built in 8.81 seconds
  Force calls this timestep: 1
Time stepping all particles completed in 18.23 seconds
Time step 584 / 1329
Building rho_lms for this timestep...
rho_lms built in 8.81 seconds
  Force calls this timestep: 1
Time stepping all particles completed in 18.18 seconds
Time step 585 / 1329
Building rho_lms for this timestep...
rho_lms built in 8.81 seconds
  Force calls this timestep: 1
Time stepping all particles completed in 18.23 seconds
Time step 586 / 1329
Building rho_lms for this timestep...
rho_lms built in 8.81 seconds
  Force calls this timestep: 1
Time stepping all particles completed in 18.18 seconds
Time step 587 / 1329
Building rho_lms for this timestep...
rho_lms built in 8.81 seconds
  Force calls this timestep: 1
Time stepping all particles completed in 18.23 seconds
Time step 588 / 1329
Building rho_lms for this timestep...
rho_lms built in 8.81 seconds
  Force calls this timestep: 1
Time stepping all particles completed in 18.18 seconds
Time step 589 / 1329
Building rho_lms for this timestep...
rho_lms built in 8.81 seconds
  Force calls this timestep: 1
Time stepping all particles completed in 18.23 seconds
Time step 590 / 1329
Building rho_lms for this timestep...
rho_lms built in 8.81 seconds
  Force calls this timestep: 1
Time stepping all particles completed in 18.18 seconds
Time step 591 / 1329
Building rho_lms for this timestep...
rho_lms built in 8.81 seconds
  Force calls this timestep: 1
Time stepping all particles completed in 18.23 seconds
Time step 592 / 1329
Building rho_lms for this timestep...
rho_lms built in 8.81 seconds
  Force calls this timestep: 1
Time stepping all particles completed in 18.18 seconds
Time step 593 / 1329
Building rho_lms for this timestep...
rho_lms built in 8.81 seconds
  Force calls this timestep: 1
Time stepping all particles completed in 18.23 seconds
Time step 594 / 1329
Building rho_lms for this timestep...
rho_lms built in 8.81 seconds
  Force calls this timestep: 1
Time stepping all particles completed in 18.18 seconds
Time step 595 / 1329
Building rho_lms for this timestep...
rho_lms built in 8.81 seconds
  Force calls this timestep: 1
Time stepping all particles completed in 18.27 seconds
Time step 596 / 1329
Building rho_lms for this timestep...
rho_lms built in 8.81 seconds
  Force calls this timestep: 1
Time stepping all particles completed in 18.18 seconds
Time step 597 / 1329
Building rho_lms for this timestep...
rho_lms built in 8.81 seconds
  Force calls this timestep: 1
Time stepping all particles completed in 18.23 seconds
Time step 598 / 1329
Building rho_lms for this timestep...
rho_lms built in 8.81 seconds
  Force calls this timestep: 1
Time stepping all particles completed in 18.18 seconds
Time step 599 / 1329
Building rho_lms for this timestep...
rho_lms built in 8.81 seconds
  Force calls this timestep: 1
Time stepping all particles completed in 18.23 seconds
Time step 600 / 1329
Building rho_lms for this timestep...
rho_lms built in 8.81 seconds
  Force calls this timestep: 1
Time stepping all particles completed in 18.18 seconds
Checkpoint at step 600 saved: /rds/general/user/jd925/ephemeral/Checkpoints/checkpoints_m22_10_r0_1_Lout_0.8/checkpoint_step_600.pkl
Time step 601 / 1329
Building rho_lms for this timestep...
rho_lms built in 8.81 seconds
  Force calls this timestep: 1
Time stepping all particles completed in 18.23 seconds
Time step 602 / 1329
Building rho_lms for this timestep...
rho_lms built in 8.81 seconds
  Force calls this timestep: 1
Time stepping all particles completed in 18.18 seconds
Time step 603 / 1329
Building rho_lms for this timestep...
rho_lms built in 8.81 seconds
  Force calls this timestep: 1
Time stepping all particles completed in 18.23 seconds
Time step 604 / 1329
Building rho_lms for this timestep...
rho_lms built in 8.81 seconds
  Force calls this timestep: 1
Time stepping all particles completed in 18.18 seconds
Time step 605 / 1329
Building rho_lms for this timestep...
rho_lms built in 8.81 seconds
  Force calls this timestep: 1
Time stepping all particles completed in 18.22 seconds
Time step 606 / 1329
Building rho_lms for this timestep...
rho_lms built in 8.81 seconds
  Force calls this timestep: 1
Time stepping all particles completed in 18.18 seconds
Time step 607 / 1329
Building rho_lms for this timestep...
rho_lms built in 8.81 seconds
  Force calls this timestep: 1
Time stepping all particles completed in 18.23 seconds
Time step 608 / 1329
Building rho_lms for this timestep...
rho_lms built in 8.81 seconds
  Force calls this timestep: 1
Time stepping all particles completed in 18.18 seconds
Time step 609 / 1329
Building rho_lms for this timestep...
rho_lms built in 8.81 seconds
  Force calls this timestep: 1
Time stepping all particles completed in 18.23 seconds
Time step 610 / 1329
Building rho_lms for this timestep...
rho_lms built in 8.81 seconds
  Force calls this timestep: 1
Time stepping all particles completed in 18.18 seconds
Time step 611 / 1329
Building rho_lms for this timestep...
rho_lms built in 8.81 seconds
  Force calls this timestep: 1
Time stepping all particles completed in 18.23 seconds
Time step 612 / 1329
Building rho_lms for this timestep...
rho_lms built in 8.81 seconds
  Force calls this timestep: 1
Time stepping all particles completed in 18.18 seconds
Time step 613 / 1329
Building rho_lms for this timestep...
rho_lms built in 8.81 seconds
  Force calls this timestep: 1
Time stepping all particles completed in 18.22 seconds
Time step 614 / 1329
Building rho_lms for this timestep...
rho_lms built in 8.81 seconds
  Force calls this timestep: 1
Time stepping all particles completed in 18.18 seconds
Time step 615 / 1329
Building rho_lms for this timestep...
rho_lms built in 8.81 seconds
  Force calls this timestep: 1
Time stepping all particles completed in 18.23 seconds
Time step 616 / 1329
Building rho_lms for this timestep...
rho_lms built in 8.81 seconds
  Force calls this timestep: 1
Time stepping all particles completed in 18.18 seconds
Time step 617 / 1329
Building rho_lms for this timestep...
rho_lms built in 8.81 seconds
  Force calls this timestep: 1
Time stepping all particles completed in 18.23 seconds
Time step 618 / 1329
Building rho_lms for this timestep...
rho_lms built in 8.81 seconds
  Force calls this timestep: 1
Time stepping all particles completed in 18.18 seconds
Time step 619 / 1329
Building rho_lms for this timestep...
rho_lms built in 8.81 seconds
  Force calls this timestep: 1
Time stepping all particles completed in 18.23 seconds
Time step 620 / 1329
Building rho_lms for this timestep...
rho_lms built in 8.81 seconds
  Force calls this timestep: 1
Time stepping all particles completed in 18.18 seconds
Time step 621 / 1329
Building rho_lms for this timestep...
rho_lms built in 8.81 seconds
  Force calls this timestep: 1
Time stepping all particles completed in 18.23 seconds
Time step 622 / 1329
Building rho_lms for this timestep...
rho_lms built in 8.81 seconds
  Force calls this timestep: 1
Time stepping all particles completed in 18.18 seconds
Time step 623 / 1329
Building rho_lms for this timestep...
rho_lms built in 8.81 seconds
  Force calls this timestep: 1
Time stepping all particles completed in 18.22 seconds
Time step 624 / 1329
Building rho_lms for this timestep...
rho_lms built in 8.81 seconds
  Force calls this timestep: 1
Time stepping all particles completed in 18.18 seconds
Time step 625 / 1329
Building rho_lms for this timestep...
rho_lms built in 8.81 seconds
  Force calls this timestep: 1
Time stepping all particles completed in 18.22 seconds
Time step 626 / 1329
Building rho_lms for this timestep...
rho_lms built in 8.81 seconds
  Force calls this timestep: 1
Time stepping all particles completed in 18.18 seconds
Time step 627 / 1329
Building rho_lms for this timestep...
rho_lms built in 8.81 seconds
  Force calls this timestep: 1
Time stepping all particles completed in 18.22 seconds
Time step 628 / 1329
Building rho_lms for this timestep...
rho_lms built in 8.81 seconds
  Force calls this timestep: 1
Time stepping all particles completed in 18.18 seconds
Time step 629 / 1329
Building rho_lms for this timestep...
rho_lms built in 8.81 seconds
  Force calls this timestep: 1
Time stepping all particles completed in 18.22 seconds
Time step 630 / 1329
Building rho_lms for this timestep...
rho_lms built in 8.81 seconds
  Force calls this timestep: 1
Time stepping all particles completed in 18.18 seconds
Time step 631 / 1329
Building rho_lms for this timestep...
rho_lms built in 8.81 seconds
  Force calls this timestep: 1
Time stepping all particles completed in 18.22 seconds
Time step 632 / 1329
Building rho_lms for this timestep...
rho_lms built in 8.81 seconds
  Force calls this timestep: 1
Time stepping all particles completed in 18.18 seconds
Time step 633 / 1329
Building rho_lms for this timestep...
rho_lms built in 8.81 seconds
  Force calls this timestep: 1
Time stepping all particles completed in 18.23 seconds
Time step 634 / 1329
Building rho_lms for this timestep...
rho_lms built in 8.81 seconds
  Force calls this timestep: 1
Time stepping all particles completed in 18.18 seconds
Time step 635 / 1329
Building rho_lms for this timestep...
rho_lms built in 8.81 seconds
  Force calls this timestep: 1
Time stepping all particles completed in 18.23 seconds
Time step 636 / 1329
Building rho_lms for this timestep...
rho_lms built in 8.81 seconds
  Force calls this timestep: 1
Time stepping all particles completed in 18.18 seconds
Time step 637 / 1329
Building rho_lms for this timestep...
rho_lms built in 8.81 seconds
  Force calls this timestep: 1
Time stepping all particles completed in 18.22 seconds
Time step 638 / 1329
Building rho_lms for this timestep...
rho_lms built in 8.81 seconds
  Force calls this timestep: 1
Time stepping all particles completed in 18.18 seconds
Time step 639 / 1329
Building rho_lms for this timestep...
rho_lms built in 8.81 seconds
  Force calls this timestep: 1
Time stepping all particles completed in 18.22 seconds
Time step 640 / 1329
Building rho_lms for this timestep...
rho_lms built in 8.81 seconds
  Force calls this timestep: 1
Time stepping all particles completed in 18.18 seconds
Time step 641 / 1329
Building rho_lms for this timestep...
rho_lms built in 8.81 seconds
  Force calls this timestep: 1
Time stepping all particles completed in 18.23 seconds
Time step 642 / 1329
Building rho_lms for this timestep...
rho_lms built in 8.81 seconds
  Force calls this timestep: 1
Time stepping all particles completed in 18.18 seconds
Time step 643 / 1329
Building rho_lms for this timestep...
rho_lms built in 8.81 seconds
  Force calls this timestep: 1
Time stepping all particles completed in 18.22 seconds
Time step 644 / 1329
Building rho_lms for this timestep...
rho_lms built in 8.81 seconds
  Force calls this timestep: 1
Time stepping all particles completed in 18.18 seconds
Time step 645 / 1329
Building rho_lms for this timestep...
rho_lms built in 8.81 seconds
  Force calls this timestep: 1
Time stepping all particles completed in 18.23 seconds
Time step 646 / 1329
Building rho_lms for this timestep...
rho_lms built in 8.81 seconds
  Force calls this timestep: 1
Time stepping all particles completed in 18.18 seconds
Time step 647 / 1329
Building rho_lms for this timestep...
rho_lms built in 8.81 seconds
  Force calls this timestep: 1
Time stepping all particles completed in 18.22 seconds
Time step 648 / 1329
Building rho_lms for this timestep...
rho_lms built in 8.81 seconds
  Force calls this timestep: 1
Time stepping all particles completed in 18.18 seconds
Time step 649 / 1329
Building rho_lms for this timestep...
rho_lms built in 8.81 seconds
  Force calls this timestep: 1
Time stepping all particles completed in 18.23 seconds
Time step 650 / 1329
Building rho_lms for this timestep...
rho_lms built in 8.81 seconds
  Force calls this timestep: 1
Time stepping all particles completed in 18.18 seconds
Checkpoint at step 650 saved: /rds/general/user/jd925/ephemeral/Checkpoints/checkpoints_m22_10_r0_1_Lout_0.8/checkpoint_step_650.pkl
Time step 651 / 1329
Building rho_lms for this timestep...
rho_lms built in 8.81 seconds
  Force calls this timestep: 1
Time stepping all particles completed in 18.23 seconds
Time step 652 / 1329
Building rho_lms for this timestep...
rho_lms built in 8.82 seconds
  Force calls this timestep: 1
Time stepping all particles completed in 18.18 seconds
Time step 653 / 1329
Building rho_lms for this timestep...
rho_lms built in 8.81 seconds
  Force calls this timestep: 1
Time stepping all particles completed in 18.23 seconds
Time step 654 / 1329
Building rho_lms for this timestep...
rho_lms built in 8.82 seconds
  Force calls this timestep: 1
Time stepping all particles completed in 18.18 seconds
Time step 655 / 1329
Building rho_lms for this timestep...
rho_lms built in 8.81 seconds
  Force calls this timestep: 1
Time stepping all particles completed in 18.23 seconds
Time step 656 / 1329
Building rho_lms for this timestep...
rho_lms built in 8.82 seconds
  Force calls this timestep: 1
Time stepping all particles completed in 18.18 seconds
Time step 657 / 1329
Building rho_lms for this timestep...
rho_lms built in 8.81 seconds
  Force calls this timestep: 1
Time stepping all particles completed in 18.23 seconds
Time step 658 / 1329
Building rho_lms for this timestep...
rho_lms built in 8.82 seconds
  Force calls this timestep: 1
Time stepping all particles completed in 18.18 seconds
Time step 659 / 1329
Building rho_lms for this timestep...
rho_lms built in 8.81 seconds
  Force calls this timestep: 1
Time stepping all particles completed in 18.23 seconds
Time step 660 / 1329
Building rho_lms for this timestep...
rho_lms built in 8.82 seconds
  Force calls this timestep: 1
Time stepping all particles completed in 18.18 seconds
Time step 661 / 1329
Building rho_lms for this timestep...
rho_lms built in 8.81 seconds
  Force calls this timestep: 1
Time stepping all particles completed in 18.23 seconds
Time step 662 / 1329
Building rho_lms for this timestep...
rho_lms built in 8.82 seconds
  Force calls this timestep: 1
Time stepping all particles completed in 18.18 seconds
Time step 663 / 1329
Building rho_lms for this timestep...
rho_lms built in 8.81 seconds
  Force calls this timestep: 1
Time stepping all particles completed in 18.23 seconds
Time step 664 / 1329
Building rho_lms for this timestep...
rho_lms built in 8.82 seconds
  Force calls this timestep: 1
Time stepping all particles completed in 18.18 seconds
Time step 665 / 1329
Building rho_lms for this timestep...
rho_lms built in 8.81 seconds
  Force calls this timestep: 1
Time stepping all particles completed in 18.23 seconds
Time step 666 / 1329
Building rho_lms for this timestep...
rho_lms built in 8.82 seconds
  Force calls this timestep: 1
Time stepping all particles completed in 18.18 seconds
Time step 667 / 1329
Building rho_lms for this timestep...
rho_lms built in 8.81 seconds
  Force calls this timestep: 1
Time stepping all particles completed in 18.23 seconds
Time step 668 / 1329
Building rho_lms for this timestep...
rho_lms built in 8.82 seconds
  Force calls this timestep: 1
Time stepping all particles completed in 18.18 seconds
Time step 669 / 1329
Building rho_lms for this timestep...
rho_lms built in 8.81 seconds
  Force calls this timestep: 1
Time stepping all particles completed in 18.23 seconds
Time step 670 / 1329
Building rho_lms for this timestep...
rho_lms built in 8.82 seconds
  Force calls this timestep: 1
Time stepping all particles completed in 18.18 seconds
Time step 671 / 1329
Building rho_lms for this timestep...
rho_lms built in 8.81 seconds
  Force calls this timestep: 1
Time stepping all particles completed in 18.23 seconds
Time step 672 / 1329
Building rho_lms for this timestep...
rho_lms built in 8.82 seconds
  Force calls this timestep: 1
Time stepping all particles completed in 18.18 seconds
Time step 673 / 1329
Building rho_lms for this timestep...
rho_lms built in 8.81 seconds
  Force calls this timestep: 1
Time stepping all particles completed in 18.23 seconds
Time step 674 / 1329
Building rho_lms for this timestep...
rho_lms built in 8.82 seconds
  Force calls this timestep: 1
Time stepping all particles completed in 18.18 seconds
Time step 675 / 1329
Building rho_lms for this timestep...
rho_lms built in 8.81 seconds
  Force calls this timestep: 1
Time stepping all particles completed in 18.22 seconds
Time step 676 / 1329
Building rho_lms for this timestep...
rho_lms built in 8.82 seconds
  Force calls this timestep: 1
Time stepping all particles completed in 18.18 seconds
Time step 677 / 1329
Building rho_lms for this timestep...
rho_lms built in 8.81 seconds
  Force calls this timestep: 1
Time stepping all particles completed in 18.22 seconds
Time step 678 / 1329
Building rho_lms for this timestep...
rho_lms built in 8.82 seconds
  Force calls this timestep: 1
Time stepping all particles completed in 18.18 seconds
Time step 679 / 1329
Building rho_lms for this timestep...
rho_lms built in 8.81 seconds
  Force calls this timestep: 1
Time stepping all particles completed in 18.23 seconds
Time step 680 / 1329
Building rho_lms for this timestep...
rho_lms built in 8.82 seconds
  Force calls this timestep: 1
Time stepping all particles completed in 18.18 seconds
Time step 681 / 1329
Building rho_lms for this timestep...
rho_lms built in 8.81 seconds
  Force calls this timestep: 1
Time stepping all particles completed in 18.23 seconds
Time step 682 / 1329
Building rho_lms for this timestep...
rho_lms built in 8.82 seconds
  Force calls this timestep: 1
Time stepping all particles completed in 18.18 seconds
Time step 683 / 1329
Building rho_lms for this timestep...
rho_lms built in 8.81 seconds
  Force calls this timestep: 1
Time stepping all particles completed in 18.22 seconds
Time step 684 / 1329
Building rho_lms for this timestep...
rho_lms built in 8.82 seconds
  Force calls this timestep: 1
Time stepping all particles completed in 18.18 seconds
Time step 685 / 1329
Building rho_lms for this timestep...
rho_lms built in 8.81 seconds
  Force calls this timestep: 1
Time stepping all particles completed in 18.23 seconds
Time step 686 / 1329
Building rho_lms for this timestep...
rho_lms built in 8.82 seconds
  Force calls this timestep: 1
Time stepping all particles completed in 18.18 seconds
Time step 687 / 1329
Building rho_lms for this timestep...
rho_lms built in 8.81 seconds
  Force calls this timestep: 1
Time stepping all particles completed in 18.23 seconds
Time step 688 / 1329
Building rho_lms for this timestep...
rho_lms built in 8.82 seconds
  Force calls this timestep: 1
Time stepping all particles completed in 18.18 seconds
Time step 689 / 1329
Building rho_lms for this timestep...
rho_lms built in 8.81 seconds
  Force calls this timestep: 1
Time stepping all particles completed in 18.23 seconds
Time step 690 / 1329
Building rho_lms for this timestep...
rho_lms built in 8.82 seconds
  Force calls this timestep: 1
Time stepping all particles completed in 18.18 seconds
Time step 691 / 1329
Building rho_lms for this timestep...
rho_lms built in 8.81 seconds
  Force calls this timestep: 1
Time stepping all particles completed in 18.22 seconds
Time step 692 / 1329
Building rho_lms for this timestep...
rho_lms built in 8.82 seconds
  Force calls this timestep: 1
Time stepping all particles completed in 18.18 seconds
Time step 693 / 1329
Building rho_lms for this timestep...
rho_lms built in 8.81 seconds
  Force calls this timestep: 1
Time stepping all particles completed in 18.22 seconds
Time step 694 / 1329
Building rho_lms for this timestep...
rho_lms built in 8.82 seconds
  Force calls this timestep: 1
Time stepping all particles completed in 18.18 seconds
Time step 695 / 1329
Building rho_lms for this timestep...
rho_lms built in 8.81 seconds
  Force calls this timestep: 1
Time stepping all particles completed in 18.22 seconds
Time step 696 / 1329
Building rho_lms for this timestep...
rho_lms built in 8.82 seconds
  Force calls this timestep: 1
Time stepping all particles completed in 18.18 seconds
Time step 697 / 1329
Building rho_lms for this timestep...
rho_lms built in 8.81 seconds
  Force calls this timestep: 1
Time stepping all particles completed in 18.23 seconds
Time step 698 / 1329
Building rho_lms for this timestep...
rho_lms built in 8.82 seconds
  Force calls this timestep: 1
Time stepping all particles completed in 18.18 seconds
Time step 699 / 1329
Building rho_lms for this timestep...
rho_lms built in 8.81 seconds
  Force calls this timestep: 1
Time stepping all particles completed in 18.23 seconds
Time step 700 / 1329
Building rho_lms for this timestep...
rho_lms built in 8.82 seconds
  Force calls this timestep: 1
Time stepping all particles completed in 18.18 seconds
Checkpoint at step 700 saved: /rds/general/user/jd925/ephemeral/Checkpoints/checkpoints_m22_10_r0_1_Lout_0.8/checkpoint_step_700.pkl
Time step 701 / 1329
Building rho_lms for this timestep...
rho_lms built in 8.81 seconds
  Force calls this timestep: 1
Time stepping all particles completed in 18.23 seconds
Time step 702 / 1329
Building rho_lms for this timestep...
rho_lms built in 8.82 seconds
  Force calls this timestep: 1
Time stepping all particles completed in 18.18 seconds
Time step 703 / 1329
Building rho_lms for this timestep...
rho_lms built in 8.81 seconds
  Force calls this timestep: 1
Time stepping all particles completed in 18.22 seconds
Time step 704 / 1329
Building rho_lms for this timestep...
rho_lms built in 8.82 seconds
  Force calls this timestep: 1
Time stepping all particles completed in 18.18 seconds
Time step 705 / 1329
Building rho_lms for this timestep...
rho_lms built in 8.81 seconds
  Force calls this timestep: 1
Time stepping all particles completed in 18.22 seconds
Time step 706 / 1329
Building rho_lms for this timestep...
rho_lms built in 8.82 seconds
  Force calls this timestep: 1
Time stepping all particles completed in 18.18 seconds
Time step 707 / 1329
Building rho_lms for this timestep...
rho_lms built in 8.81 seconds
  Force calls this timestep: 1
Time stepping all particles completed in 18.23 seconds
Time step 708 / 1329
Building rho_lms for this timestep...
rho_lms built in 8.82 seconds
  Force calls this timestep: 1
Time stepping all particles completed in 18.18 seconds
Time step 709 / 1329
Building rho_lms for this timestep...
rho_lms built in 8.81 seconds
  Force calls this timestep: 1
Time stepping all particles completed in 18.22 seconds
Time step 710 / 1329
Building rho_lms for this timestep...
rho_lms built in 8.82 seconds
  Force calls this timestep: 1
Time stepping all particles completed in 18.18 seconds
Time step 711 / 1329
Building rho_lms for this timestep...
rho_lms built in 8.81 seconds
  Force calls this timestep: 1
Time stepping all particles completed in 18.23 seconds
Time step 712 / 1329
Building rho_lms for this timestep...
rho_lms built in 8.82 seconds
  Force calls this timestep: 1
Time stepping all particles completed in 18.18 seconds
Time step 713 / 1329
Building rho_lms for this timestep...
rho_lms built in 8.81 seconds
  Force calls this timestep: 1
Time stepping all particles completed in 18.22 seconds
Time step 714 / 1329
Building rho_lms for this timestep...
rho_lms built in 8.82 seconds
  Force calls this timestep: 1
Time stepping all particles completed in 18.18 seconds
Time step 715 / 1329
Building rho_lms for this timestep...
rho_lms built in 8.81 seconds
  Force calls this timestep: 1
Time stepping all particles completed in 18.23 seconds
Time step 716 / 1329
Building rho_lms for this timestep...
rho_lms built in 8.82 seconds
  Force calls this timestep: 1
Time stepping all particles completed in 18.18 seconds
Time step 717 / 1329
Building rho_lms for this timestep...
rho_lms built in 8.81 seconds
  Force calls this timestep: 1
Time stepping all particles completed in 18.22 seconds
Time step 718 / 1329
Building rho_lms for this timestep...
rho_lms built in 8.82 seconds
  Force calls this timestep: 1
Time stepping all particles completed in 18.18 seconds
Time step 719 / 1329
Building rho_lms for this timestep...
rho_lms built in 8.81 seconds
  Force calls this timestep: 1
Time stepping all particles completed in 18.23 seconds
Time step 720 / 1329
Building rho_lms for this timestep...
rho_lms built in 8.82 seconds
  Force calls this timestep: 1
Time stepping all particles completed in 18.18 seconds
Time step 721 / 1329
Building rho_lms for this timestep...
rho_lms built in 8.81 seconds
  Force calls this timestep: 1
Time stepping all particles completed in 18.23 seconds
Time step 722 / 1329
Building rho_lms for this timestep...
rho_lms built in 8.82 seconds
  Force calls this timestep: 1
Time stepping all particles completed in 18.18 seconds
Time step 723 / 1329
Building rho_lms for this timestep...
rho_lms built in 8.81 seconds
  Force calls this timestep: 1
Time stepping all particles completed in 18.23 seconds
Time step 724 / 1329
Building rho_lms for this timestep...
rho_lms built in 8.82 seconds
  Force calls this timestep: 1
Time stepping all particles completed in 18.18 seconds
Time step 725 / 1329
Building rho_lms for this timestep...
rho_lms built in 8.81 seconds
  Force calls this timestep: 1
Time stepping all particles completed in 18.23 seconds
Time step 726 / 1329
Building rho_lms for this timestep...
rho_lms built in 8.82 seconds
  Force calls this timestep: 1
Time stepping all particles completed in 18.18 seconds
Time step 727 / 1329
Building rho_lms for this timestep...
rho_lms built in 8.81 seconds
  Force calls this timestep: 1
Time stepping all particles completed in 18.23 seconds
Time step 728 / 1329
Building rho_lms for this timestep...
rho_lms built in 8.82 seconds
  Force calls this timestep: 1
Time stepping all particles completed in 18.18 seconds
Time step 729 / 1329
Building rho_lms for this timestep...
rho_lms built in 8.81 seconds
  Force calls this timestep: 1
Time stepping all particles completed in 18.22 seconds
Time step 730 / 1329
Building rho_lms for this timestep...
rho_lms built in 8.82 seconds
  Force calls this timestep: 1
Time stepping all particles completed in 18.18 seconds
Time step 731 / 1329
Building rho_lms for this timestep...
rho_lms built in 8.81 seconds
  Force calls this timestep: 1
Time stepping all particles completed in 18.22 seconds
Time step 732 / 1329
Building rho_lms for this timestep...
rho_lms built in 8.82 seconds
  Force calls this timestep: 1
Time stepping all particles completed in 18.18 seconds
Time step 733 / 1329
Building rho_lms for this timestep...
rho_lms built in 8.81 seconds
  Force calls this timestep: 1
Time stepping all particles completed in 18.23 seconds
Time step 734 / 1329
Building rho_lms for this timestep...
rho_lms built in 8.82 seconds
  Force calls this timestep: 1
Time stepping all particles completed in 18.18 seconds
Time step 735 / 1329
Building rho_lms for this timestep...
rho_lms built in 8.81 seconds
  Force calls this timestep: 1
Time stepping all particles completed in 18.23 seconds
Time step 736 / 1329
Building rho_lms for this timestep...
rho_lms built in 8.82 seconds
  Force calls this timestep: 1
Time stepping all particles completed in 18.18 seconds
Time step 737 / 1329
Building rho_lms for this timestep...
rho_lms built in 8.81 seconds
  Force calls this timestep: 1
Time stepping all particles completed in 18.23 seconds
Time step 738 / 1329
Building rho_lms for this timestep...
rho_lms built in 8.82 seconds
  Force calls this timestep: 1
Time stepping all particles completed in 18.18 seconds
Time step 739 / 1329
Building rho_lms for this timestep...
rho_lms built in 8.81 seconds
  Force calls this timestep: 1
Time stepping all particles completed in 18.22 seconds
Time step 740 / 1329
Building rho_lms for this timestep...
rho_lms built in 8.82 seconds
  Force calls this timestep: 1
Time stepping all particles completed in 18.18 seconds
Time step 741 / 1329
Building rho_lms for this timestep...
rho_lms built in 8.81 seconds
  Force calls this timestep: 1
Time stepping all particles completed in 18.22 seconds
Time step 742 / 1329
Building rho_lms for this timestep...
rho_lms built in 8.82 seconds
  Force calls this timestep: 1
Time stepping all particles completed in 18.18 seconds
Time step 743 / 1329
Building rho_lms for this timestep...
rho_lms built in 8.81 seconds
  Force calls this timestep: 1
Time stepping all particles completed in 18.22 seconds
Time step 744 / 1329
Building rho_lms for this timestep...
rho_lms built in 8.82 seconds
  Force calls this timestep: 1
Time stepping all particles completed in 18.18 seconds
Time step 745 / 1329
Building rho_lms for this timestep...
rho_lms built in 8.81 seconds
  Force calls this timestep: 1
Time stepping all particles completed in 18.23 seconds
Time step 746 / 1329
Building rho_lms for this timestep...
rho_lms built in 8.82 seconds
  Force calls this timestep: 1
Time stepping all particles completed in 18.18 seconds
Time step 747 / 1329
Building rho_lms for this timestep...
rho_lms built in 8.81 seconds
  Force calls this timestep: 1
Time stepping all particles completed in 18.23 seconds
Time step 748 / 1329
Building rho_lms for this timestep...
rho_lms built in 8.82 seconds
  Force calls this timestep: 1
Time stepping all particles completed in 18.18 seconds
Time step 749 / 1329
Building rho_lms for this timestep...
rho_lms built in 8.81 seconds
  Force calls this timestep: 1
Time stepping all particles completed in 18.23 seconds
Time step 750 / 1329
Building rho_lms for this timestep...
rho_lms built in 8.82 seconds
  Force calls this timestep: 1
Time stepping all particles completed in 18.18 seconds
Checkpoint at step 750 saved: /rds/general/user/jd925/ephemeral/Checkpoints/checkpoints_m22_10_r0_1_Lout_0.8/checkpoint_step_750.pkl
Time step 751 / 1329
Building rho_lms for this timestep...
rho_lms built in 8.81 seconds
  Force calls this timestep: 1
Time stepping all particles completed in 18.23 seconds
Time step 752 / 1329
Building rho_lms for this timestep...
rho_lms built in 8.82 seconds
  Force calls this timestep: 1
Time stepping all particles completed in 18.18 seconds
Time step 753 / 1329
Building rho_lms for this timestep...
rho_lms built in 8.81 seconds
  Force calls this timestep: 1
Time stepping all particles completed in 18.22 seconds
Time step 754 / 1329
Building rho_lms for this timestep...
rho_lms built in 8.82 seconds
  Force calls this timestep: 1
Time stepping all particles completed in 18.18 seconds
Time step 755 / 1329
Building rho_lms for this timestep...
rho_lms built in 8.81 seconds
  Force calls this timestep: 1
Time stepping all particles completed in 18.23 seconds
Time step 756 / 1329
Building rho_lms for this timestep...
rho_lms built in 8.82 seconds
  Force calls this timestep: 1
Time stepping all particles completed in 18.18 seconds
Time step 757 / 1329
Building rho_lms for this timestep...
rho_lms built in 8.81 seconds
  Force calls this timestep: 1
Time stepping all particles completed in 18.22 seconds
Time step 758 / 1329
Building rho_lms for this timestep...
rho_lms built in 8.82 seconds
  Force calls this timestep: 1
Time stepping all particles completed in 18.18 seconds
Time step 759 / 1329
Building rho_lms for this timestep...
rho_lms built in 8.81 seconds
  Force calls this timestep: 1
Time stepping all particles completed in 18.23 seconds
Time step 760 / 1329
Building rho_lms for this timestep...
rho_lms built in 8.82 seconds
  Force calls this timestep: 1
Time stepping all particles completed in 18.18 seconds
Time step 761 / 1329
Building rho_lms for this timestep...
rho_lms built in 8.81 seconds
  Force calls this timestep: 1
Time stepping all particles completed in 18.23 seconds
Time step 762 / 1329
Building rho_lms for this timestep...
rho_lms built in 8.82 seconds
  Force calls this timestep: 1
Time stepping all particles completed in 18.18 seconds
Time step 763 / 1329
Building rho_lms for this timestep...
rho_lms built in 8.81 seconds
  Force calls this timestep: 1
Time stepping all particles completed in 18.23 seconds
Time step 764 / 1329
Building rho_lms for this timestep...
rho_lms built in 8.82 seconds
  Force calls this timestep: 1
Time stepping all particles completed in 18.18 seconds
Time step 765 / 1329
Building rho_lms for this timestep...
rho_lms built in 8.81 seconds
  Force calls this timestep: 1
Time stepping all particles completed in 18.23 seconds
Time step 766 / 1329
Building rho_lms for this timestep...
rho_lms built in 8.82 seconds
  Force calls this timestep: 1
Time stepping all particles completed in 18.18 seconds
Time step 767 / 1329
Building rho_lms for this timestep...
rho_lms built in 8.81 seconds
  Force calls this timestep: 1
Time stepping all particles completed in 18.23 seconds
Time step 768 / 1329
Building rho_lms for this timestep...
rho_lms built in 8.82 seconds
  Force calls this timestep: 1
Time stepping all particles completed in 18.18 seconds
Time step 769 / 1329
Building rho_lms for this timestep...
rho_lms built in 8.81 seconds
  Force calls this timestep: 1
Time stepping all particles completed in 18.22 seconds
Time step 770 / 1329
Building rho_lms for this timestep...
rho_lms built in 8.82 seconds
  Force calls this timestep: 1
Time stepping all particles completed in 18.18 seconds
Time step 771 / 1329
Building rho_lms for this timestep...
rho_lms built in 8.81 seconds
  Force calls this timestep: 1
Time stepping all particles completed in 18.22 seconds
Time step 772 / 1329
Building rho_lms for this timestep...
rho_lms built in 8.82 seconds
  Force calls this timestep: 1
Time stepping all particles completed in 18.18 seconds
Time step 773 / 1329
Building rho_lms for this timestep...
rho_lms built in 8.81 seconds
  Force calls this timestep: 1
Time stepping all particles completed in 18.22 seconds
Time step 774 / 1329
Building rho_lms for this timestep...
rho_lms built in 8.82 seconds
  Force calls this timestep: 1
Time stepping all particles completed in 18.18 seconds
Time step 775 / 1329
Building rho_lms for this timestep...
rho_lms built in 8.81 seconds
  Force calls this timestep: 1
Time stepping all particles completed in 18.23 seconds
Time step 776 / 1329
Building rho_lms for this timestep...
rho_lms built in 8.82 seconds
  Force calls this timestep: 1
Time stepping all particles completed in 18.18 seconds
Time step 777 / 1329
Building rho_lms for this timestep...
rho_lms built in 8.81 seconds
  Force calls this timestep: 1
Time stepping all particles completed in 18.22 seconds
Time step 778 / 1329
Building rho_lms for this timestep...
rho_lms built in 8.82 seconds
  Force calls this timestep: 1
Time stepping all particles completed in 18.18 seconds
Time step 779 / 1329
Building rho_lms for this timestep...
rho_lms built in 8.81 seconds
  Force calls this timestep: 1
Time stepping all particles completed in 18.22 seconds
Time step 780 / 1329
Building rho_lms for this timestep...
rho_lms built in 8.82 seconds
  Force calls this timestep: 1
Time stepping all particles completed in 18.18 seconds
Time step 781 / 1329
Building rho_lms for this timestep...
rho_lms built in 8.81 seconds
  Force calls this timestep: 1
Time stepping all particles completed in 18.22 seconds
Time step 782 / 1329
Building rho_lms for this timestep...
rho_lms built in 8.82 seconds

====================================
CPU Time used: 23:38:28
CPU Percent: 98%
Memory usage: 6373036kb
Approx Power usage: 0.2836
Walltime usage: 24:01:20

====================================
